[0.047s] DEBUG:colcon:Command line arguments: ['/usr/bin/colcon', 'build', '--packages-ignore', 'robot_bringup', 'rviz_behavior_tree_panel']
[0.047s] DEBUG:colcon:Parsed command line arguments: Namespace(log_base=None, log_level=None, verb_name='build', build_base='build', install_base='install', merge_install=False, symlink_install=False, test_result_base=None, continue_on_error=False, executor='parallel', parallel_workers=32, event_handlers=None, ignore_user_meta=False, metas=['./colcon.meta'], base_paths=['.'], packages_ignore=['robot_bringup', 'rviz_behavior_tree_panel'], packages_ignore_regex=None, paths=None, packages_up_to=None, packages_up_to_regex=None, packages_above=None, packages_above_and_dependencies=None, packages_above_depth=None, packages_select_by_dep=None, packages_skip_by_dep=None, packages_skip_up_to=None, packages_select_build_failed=False, packages_skip_build_finished=False, packages_select_test_failures=False, packages_skip_test_passed=False, packages_select=None, packages_skip=None, packages_select_regex=None, packages_skip_regex=None, packages_start=None, packages_end=None, allow_overriding=[], cmake_args=None, cmake_target=None, cmake_target_skip_unavailable=False, cmake_clean_cache=False, cmake_clean_first=False, cmake_force_configure=False, ament_cmake_args=None, catkin_cmake_args=None, catkin_skip_building_tests=False, mixin_files=None, mixin=None, verb_parser=<colcon_mixin.mixin.mixin_argument.MixinArgumentDecorator object at 0x77dd9f5ca840>, verb_extension=<colcon_core.verb.build.BuildVerb object at 0x77dd9f56c8c0>, main=<bound method BuildVerb.main of <colcon_core.verb.build.BuildVerb object at 0x77dd9f56c8c0>>, mixin_verb=('build',))
[0.064s] Level 1:colcon.colcon_core.package_discovery:discover_packages(colcon_meta) check parameters
[0.064s] Level 1:colcon.colcon_core.package_discovery:discover_packages(recursive) check parameters
[0.064s] Level 1:colcon.colcon_core.package_discovery:discover_packages(ignore) check parameters
[0.064s] Level 1:colcon.colcon_core.package_discovery:discover_packages(path) check parameters
[0.064s] Level 1:colcon.colcon_core.package_discovery:discover_packages(colcon_meta) discover
[0.064s] Level 1:colcon.colcon_core.package_discovery:discover_packages(recursive) discover
[0.064s] INFO:colcon.colcon_core.package_discovery:Crawling recursively for packages in '/home/ksriniv2/Autolab'
[0.064s] Level 1:colcon.colcon_core.package_identification:_identify(.) by extensions ['ignore', 'ignore_ament_install']
[0.064s] Level 1:colcon.colcon_core.package_identification:_identify(.) by extension 'ignore'
[0.064s] Level 1:colcon.colcon_core.package_identification:_identify(.) by extension 'ignore_ament_install'
[0.064s] Level 1:colcon.colcon_core.package_identification:_identify(.) by extensions ['colcon_pkg']
[0.064s] Level 1:colcon.colcon_core.package_identification:_identify(.) by extension 'colcon_pkg'
[0.064s] Level 1:colcon.colcon_core.package_identification:_identify(.) by extensions ['colcon_meta']
[0.064s] Level 1:colcon.colcon_core.package_identification:_identify(.) by extension 'colcon_meta'
[0.064s] Level 1:colcon.colcon_core.package_identification:_identify(.) by extensions ['ros']
[0.064s] Level 1:colcon.colcon_core.package_identification:_identify(.) by extension 'ros'
[0.075s] Level 1:colcon.colcon_core.package_identification:_identify(.) by extensions ['cmake', 'python']
[0.075s] Level 1:colcon.colcon_core.package_identification:_identify(.) by extension 'cmake'
[0.075s] Level 1:colcon.colcon_core.package_identification:_identify(.) by extension 'python'
[0.075s] Level 1:colcon.colcon_core.package_identification:_identify(.) by extensions ['python_setup_py']
[0.075s] Level 1:colcon.colcon_core.package_identification:_identify(.) by extension 'python_setup_py'
[0.075s] Level 1:colcon.colcon_core.package_identification:_identify(build) by extensions ['ignore', 'ignore_ament_install']
[0.075s] Level 1:colcon.colcon_core.package_identification:_identify(build) by extension 'ignore'
[0.075s] Level 1:colcon.colcon_core.package_identification:_identify(build) ignored
[0.076s] Level 1:colcon.colcon_core.package_identification:_identify(common) by extensions ['ignore', 'ignore_ament_install']
[0.076s] Level 1:colcon.colcon_core.package_identification:_identify(common) by extension 'ignore'
[0.076s] Level 1:colcon.colcon_core.package_identification:_identify(common) by extension 'ignore_ament_install'
[0.076s] Level 1:colcon.colcon_core.package_identification:_identify(common) by extensions ['colcon_pkg']
[0.076s] Level 1:colcon.colcon_core.package_identification:_identify(common) by extension 'colcon_pkg'
[0.076s] Level 1:colcon.colcon_core.package_identification:_identify(common) by extensions ['colcon_meta']
[0.076s] Level 1:colcon.colcon_core.package_identification:_identify(common) by extension 'colcon_meta'
[0.076s] Level 1:colcon.colcon_core.package_identification:_identify(common) by extensions ['ros']
[0.076s] Level 1:colcon.colcon_core.package_identification:_identify(common) by extension 'ros'
[0.076s] Level 1:colcon.colcon_core.package_identification:_identify(common) by extensions ['cmake', 'python']
[0.076s] Level 1:colcon.colcon_core.package_identification:_identify(common) by extension 'cmake'
[0.076s] Level 1:colcon.colcon_core.package_identification:_identify(common) by extension 'python'
[0.076s] Level 1:colcon.colcon_core.package_identification:_identify(common) by extensions ['python_setup_py']
[0.076s] Level 1:colcon.colcon_core.package_identification:_identify(common) by extension 'python_setup_py'
[0.076s] Level 1:colcon.colcon_core.package_identification:_identify(common/ros_packages) by extensions ['ignore', 'ignore_ament_install']
[0.076s] Level 1:colcon.colcon_core.package_identification:_identify(common/ros_packages) by extension 'ignore'
[0.076s] Level 1:colcon.colcon_core.package_identification:_identify(common/ros_packages) by extension 'ignore_ament_install'
[0.076s] Level 1:colcon.colcon_core.package_identification:_identify(common/ros_packages) by extensions ['colcon_pkg']
[0.076s] Level 1:colcon.colcon_core.package_identification:_identify(common/ros_packages) by extension 'colcon_pkg'
[0.076s] Level 1:colcon.colcon_core.package_identification:_identify(common/ros_packages) by extensions ['colcon_meta']
[0.076s] Level 1:colcon.colcon_core.package_identification:_identify(common/ros_packages) by extension 'colcon_meta'
[0.076s] Level 1:colcon.colcon_core.package_identification:_identify(common/ros_packages) by extensions ['ros']
[0.076s] Level 1:colcon.colcon_core.package_identification:_identify(common/ros_packages) by extension 'ros'
[0.076s] Level 1:colcon.colcon_core.package_identification:_identify(common/ros_packages) by extensions ['cmake', 'python']
[0.076s] Level 1:colcon.colcon_core.package_identification:_identify(common/ros_packages) by extension 'cmake'
[0.076s] Level 1:colcon.colcon_core.package_identification:_identify(common/ros_packages) by extension 'python'
[0.076s] Level 1:colcon.colcon_core.package_identification:_identify(common/ros_packages) by extensions ['python_setup_py']
[0.076s] Level 1:colcon.colcon_core.package_identification:_identify(common/ros_packages) by extension 'python_setup_py'
[0.076s] Level 1:colcon.colcon_core.package_identification:_identify(common/ros_packages/autolab_common) by extensions ['ignore', 'ignore_ament_install']
[0.076s] Level 1:colcon.colcon_core.package_identification:_identify(common/ros_packages/autolab_common) by extension 'ignore'
[0.076s] Level 1:colcon.colcon_core.package_identification:_identify(common/ros_packages/autolab_common) by extension 'ignore_ament_install'
[0.076s] Level 1:colcon.colcon_core.package_identification:_identify(common/ros_packages/autolab_common) by extensions ['colcon_pkg']
[0.076s] Level 1:colcon.colcon_core.package_identification:_identify(common/ros_packages/autolab_common) by extension 'colcon_pkg'
[0.076s] Level 1:colcon.colcon_core.package_identification:_identify(common/ros_packages/autolab_common) by extensions ['colcon_meta']
[0.076s] Level 1:colcon.colcon_core.package_identification:_identify(common/ros_packages/autolab_common) by extension 'colcon_meta'
[0.076s] Level 1:colcon.colcon_core.package_identification:_identify(common/ros_packages/autolab_common) by extensions ['ros']
[0.076s] Level 1:colcon.colcon_core.package_identification:_identify(common/ros_packages/autolab_common) by extension 'ros'
[0.077s] DEBUG:colcon.colcon_core.package_identification:Package 'common/ros_packages/autolab_common' with type 'ros.ament_cmake' and name 'autolab_common'
[0.077s] Level 1:colcon.colcon_core.package_identification:_identify(common/ros_packages/autolab_msgs) by extensions ['ignore', 'ignore_ament_install']
[0.077s] Level 1:colcon.colcon_core.package_identification:_identify(common/ros_packages/autolab_msgs) by extension 'ignore'
[0.077s] Level 1:colcon.colcon_core.package_identification:_identify(common/ros_packages/autolab_msgs) by extension 'ignore_ament_install'
[0.077s] Level 1:colcon.colcon_core.package_identification:_identify(common/ros_packages/autolab_msgs) by extensions ['colcon_pkg']
[0.077s] Level 1:colcon.colcon_core.package_identification:_identify(common/ros_packages/autolab_msgs) by extension 'colcon_pkg'
[0.077s] Level 1:colcon.colcon_core.package_identification:_identify(common/ros_packages/autolab_msgs) by extensions ['colcon_meta']
[0.077s] Level 1:colcon.colcon_core.package_identification:_identify(common/ros_packages/autolab_msgs) by extension 'colcon_meta'
[0.077s] Level 1:colcon.colcon_core.package_identification:_identify(common/ros_packages/autolab_msgs) by extensions ['ros']
[0.077s] Level 1:colcon.colcon_core.package_identification:_identify(common/ros_packages/autolab_msgs) by extension 'ros'
[0.078s] DEBUG:colcon.colcon_core.package_identification:Package 'common/ros_packages/autolab_msgs' with type 'ros.ament_cmake' and name 'autolab_msgs'
[0.078s] Level 1:colcon.colcon_core.package_identification:_identify(common/ros_packages/bag_recorder_pid) by extensions ['ignore', 'ignore_ament_install']
[0.078s] Level 1:colcon.colcon_core.package_identification:_identify(common/ros_packages/bag_recorder_pid) by extension 'ignore'
[0.078s] Level 1:colcon.colcon_core.package_identification:_identify(common/ros_packages/bag_recorder_pid) by extension 'ignore_ament_install'
[0.078s] Level 1:colcon.colcon_core.package_identification:_identify(common/ros_packages/bag_recorder_pid) by extensions ['colcon_pkg']
[0.078s] Level 1:colcon.colcon_core.package_identification:_identify(common/ros_packages/bag_recorder_pid) by extension 'colcon_pkg'
[0.078s] Level 1:colcon.colcon_core.package_identification:_identify(common/ros_packages/bag_recorder_pid) by extensions ['colcon_meta']
[0.078s] Level 1:colcon.colcon_core.package_identification:_identify(common/ros_packages/bag_recorder_pid) by extension 'colcon_meta'
[0.078s] Level 1:colcon.colcon_core.package_identification:_identify(common/ros_packages/bag_recorder_pid) by extensions ['ros']
[0.078s] Level 1:colcon.colcon_core.package_identification:_identify(common/ros_packages/bag_recorder_pid) by extension 'ros'
[0.078s] DEBUG:colcon.colcon_core.package_identification:Package 'common/ros_packages/bag_recorder_pid' with type 'ros.ament_python' and name 'bag_record_pid'
[0.078s] Level 1:colcon.colcon_core.package_identification:_identify(common/ros_packages/behavior_tree_msgs) by extensions ['ignore', 'ignore_ament_install']
[0.078s] Level 1:colcon.colcon_core.package_identification:_identify(common/ros_packages/behavior_tree_msgs) by extension 'ignore'
[0.078s] Level 1:colcon.colcon_core.package_identification:_identify(common/ros_packages/behavior_tree_msgs) by extension 'ignore_ament_install'
[0.078s] Level 1:colcon.colcon_core.package_identification:_identify(common/ros_packages/behavior_tree_msgs) by extensions ['colcon_pkg']
[0.078s] Level 1:colcon.colcon_core.package_identification:_identify(common/ros_packages/behavior_tree_msgs) by extension 'colcon_pkg'
[0.078s] Level 1:colcon.colcon_core.package_identification:_identify(common/ros_packages/behavior_tree_msgs) by extensions ['colcon_meta']
[0.078s] Level 1:colcon.colcon_core.package_identification:_identify(common/ros_packages/behavior_tree_msgs) by extension 'colcon_meta'
[0.078s] Level 1:colcon.colcon_core.package_identification:_identify(common/ros_packages/behavior_tree_msgs) by extensions ['ros']
[0.078s] Level 1:colcon.colcon_core.package_identification:_identify(common/ros_packages/behavior_tree_msgs) by extension 'ros'
[0.078s] DEBUG:colcon.colcon_core.package_identification:Package 'common/ros_packages/behavior_tree_msgs' with type 'ros.ament_cmake' and name 'behavior_tree_msgs'
[0.078s] Level 1:colcon.colcon_core.package_identification:_identify(common/ros_packages/robot_descriptions) by extensions ['ignore', 'ignore_ament_install']
[0.078s] Level 1:colcon.colcon_core.package_identification:_identify(common/ros_packages/robot_descriptions) by extension 'ignore'
[0.078s] Level 1:colcon.colcon_core.package_identification:_identify(common/ros_packages/robot_descriptions) by extension 'ignore_ament_install'
[0.078s] Level 1:colcon.colcon_core.package_identification:_identify(common/ros_packages/robot_descriptions) by extensions ['colcon_pkg']
[0.078s] Level 1:colcon.colcon_core.package_identification:_identify(common/ros_packages/robot_descriptions) by extension 'colcon_pkg'
[0.078s] Level 1:colcon.colcon_core.package_identification:_identify(common/ros_packages/robot_descriptions) by extensions ['colcon_meta']
[0.078s] Level 1:colcon.colcon_core.package_identification:_identify(common/ros_packages/robot_descriptions) by extension 'colcon_meta'
[0.078s] Level 1:colcon.colcon_core.package_identification:_identify(common/ros_packages/robot_descriptions) by extensions ['ros']
[0.078s] Level 1:colcon.colcon_core.package_identification:_identify(common/ros_packages/robot_descriptions) by extension 'ros'
[0.078s] Level 1:colcon.colcon_core.package_identification:_identify(common/ros_packages/robot_descriptions) by extensions ['cmake', 'python']
[0.078s] Level 1:colcon.colcon_core.package_identification:_identify(common/ros_packages/robot_descriptions) by extension 'cmake'
[0.078s] Level 1:colcon.colcon_core.package_identification:_identify(common/ros_packages/robot_descriptions) by extension 'python'
[0.078s] Level 1:colcon.colcon_core.package_identification:_identify(common/ros_packages/robot_descriptions) by extensions ['python_setup_py']
[0.079s] Level 1:colcon.colcon_core.package_identification:_identify(common/ros_packages/robot_descriptions) by extension 'python_setup_py'
[0.079s] Level 1:colcon.colcon_core.package_identification:_identify(common/ros_packages/robot_descriptions/iris_with_sensors_description) by extensions ['ignore', 'ignore_ament_install']
[0.079s] Level 1:colcon.colcon_core.package_identification:_identify(common/ros_packages/robot_descriptions/iris_with_sensors_description) by extension 'ignore'
[0.079s] Level 1:colcon.colcon_core.package_identification:_identify(common/ros_packages/robot_descriptions/iris_with_sensors_description) by extension 'ignore_ament_install'
[0.079s] Level 1:colcon.colcon_core.package_identification:_identify(common/ros_packages/robot_descriptions/iris_with_sensors_description) by extensions ['colcon_pkg']
[0.079s] Level 1:colcon.colcon_core.package_identification:_identify(common/ros_packages/robot_descriptions/iris_with_sensors_description) by extension 'colcon_pkg'
[0.079s] Level 1:colcon.colcon_core.package_identification:_identify(common/ros_packages/robot_descriptions/iris_with_sensors_description) by extensions ['colcon_meta']
[0.079s] Level 1:colcon.colcon_core.package_identification:_identify(common/ros_packages/robot_descriptions/iris_with_sensors_description) by extension 'colcon_meta'
[0.079s] Level 1:colcon.colcon_core.package_identification:_identify(common/ros_packages/robot_descriptions/iris_with_sensors_description) by extensions ['ros']
[0.079s] Level 1:colcon.colcon_core.package_identification:_identify(common/ros_packages/robot_descriptions/iris_with_sensors_description) by extension 'ros'
[0.079s] DEBUG:colcon.colcon_core.package_identification:Package 'common/ros_packages/robot_descriptions/iris_with_sensors_description' with type 'ros.ament_cmake' and name 'iris_with_sensors_description'
[0.079s] Level 1:colcon.colcon_core.package_identification:_identify(common/ros_packages/rqt_behavior_tree) by extensions ['ignore', 'ignore_ament_install']
[0.079s] Level 1:colcon.colcon_core.package_identification:_identify(common/ros_packages/rqt_behavior_tree) by extension 'ignore'
[0.079s] Level 1:colcon.colcon_core.package_identification:_identify(common/ros_packages/rqt_behavior_tree) by extension 'ignore_ament_install'
[0.079s] Level 1:colcon.colcon_core.package_identification:_identify(common/ros_packages/rqt_behavior_tree) by extensions ['colcon_pkg']
[0.079s] Level 1:colcon.colcon_core.package_identification:_identify(common/ros_packages/rqt_behavior_tree) by extension 'colcon_pkg'
[0.079s] Level 1:colcon.colcon_core.package_identification:_identify(common/ros_packages/rqt_behavior_tree) by extensions ['colcon_meta']
[0.079s] Level 1:colcon.colcon_core.package_identification:_identify(common/ros_packages/rqt_behavior_tree) by extension 'colcon_meta'
[0.079s] Level 1:colcon.colcon_core.package_identification:_identify(common/ros_packages/rqt_behavior_tree) by extensions ['ros']
[0.079s] Level 1:colcon.colcon_core.package_identification:_identify(common/ros_packages/rqt_behavior_tree) by extension 'ros'
[0.079s] DEBUG:colcon.colcon_core.package_identification:Package 'common/ros_packages/rqt_behavior_tree' with type 'ros.ament_python' and name 'rqt_behavior_tree'
[0.079s] Level 1:colcon.colcon_core.package_identification:_identify(common/ros_packages/rviz_behavior_tree_panel) by extensions ['ignore', 'ignore_ament_install']
[0.079s] Level 1:colcon.colcon_core.package_identification:_identify(common/ros_packages/rviz_behavior_tree_panel) by extension 'ignore'
[0.079s] Level 1:colcon.colcon_core.package_identification:_identify(common/ros_packages/rviz_behavior_tree_panel) by extension 'ignore_ament_install'
[0.079s] Level 1:colcon.colcon_core.package_identification:_identify(common/ros_packages/rviz_behavior_tree_panel) by extensions ['colcon_pkg']
[0.079s] Level 1:colcon.colcon_core.package_identification:_identify(common/ros_packages/rviz_behavior_tree_panel) by extension 'colcon_pkg'
[0.079s] Level 1:colcon.colcon_core.package_identification:_identify(common/ros_packages/rviz_behavior_tree_panel) by extensions ['colcon_meta']
[0.079s] Level 1:colcon.colcon_core.package_identification:_identify(common/ros_packages/rviz_behavior_tree_panel) by extension 'colcon_meta'
[0.079s] Level 1:colcon.colcon_core.package_identification:_identify(common/ros_packages/rviz_behavior_tree_panel) by extensions ['ros']
[0.079s] Level 1:colcon.colcon_core.package_identification:_identify(common/ros_packages/rviz_behavior_tree_panel) by extension 'ros'
[0.080s] DEBUG:colcon.colcon_core.package_identification:Package 'common/ros_packages/rviz_behavior_tree_panel' with type 'ros.ament_cmake' and name 'rviz_behavior_tree_panel'
[0.080s] Level 1:colcon.colcon_core.package_identification:_identify(docs) by extensions ['ignore', 'ignore_ament_install']
[0.080s] Level 1:colcon.colcon_core.package_identification:_identify(docs) by extension 'ignore'
[0.080s] Level 1:colcon.colcon_core.package_identification:_identify(docs) by extension 'ignore_ament_install'
[0.080s] Level 1:colcon.colcon_core.package_identification:_identify(docs) by extensions ['colcon_pkg']
[0.080s] Level 1:colcon.colcon_core.package_identification:_identify(docs) by extension 'colcon_pkg'
[0.080s] Level 1:colcon.colcon_core.package_identification:_identify(docs) by extensions ['colcon_meta']
[0.080s] Level 1:colcon.colcon_core.package_identification:_identify(docs) by extension 'colcon_meta'
[0.080s] Level 1:colcon.colcon_core.package_identification:_identify(docs) by extensions ['ros']
[0.080s] Level 1:colcon.colcon_core.package_identification:_identify(docs) by extension 'ros'
[0.080s] Level 1:colcon.colcon_core.package_identification:_identify(docs) by extensions ['cmake', 'python']
[0.080s] Level 1:colcon.colcon_core.package_identification:_identify(docs) by extension 'cmake'
[0.080s] Level 1:colcon.colcon_core.package_identification:_identify(docs) by extension 'python'
[0.080s] Level 1:colcon.colcon_core.package_identification:_identify(docs) by extensions ['python_setup_py']
[0.080s] Level 1:colcon.colcon_core.package_identification:_identify(docs) by extension 'python_setup_py'
[0.080s] Level 1:colcon.colcon_core.package_identification:_identify(docs/docker) by extensions ['ignore', 'ignore_ament_install']
[0.080s] Level 1:colcon.colcon_core.package_identification:_identify(docs/docker) by extension 'ignore'
[0.080s] Level 1:colcon.colcon_core.package_identification:_identify(docs/docker) by extension 'ignore_ament_install'
[0.080s] Level 1:colcon.colcon_core.package_identification:_identify(docs/docker) by extensions ['colcon_pkg']
[0.080s] Level 1:colcon.colcon_core.package_identification:_identify(docs/docker) by extension 'colcon_pkg'
[0.080s] Level 1:colcon.colcon_core.package_identification:_identify(docs/docker) by extensions ['colcon_meta']
[0.080s] Level 1:colcon.colcon_core.package_identification:_identify(docs/docker) by extension 'colcon_meta'
[0.080s] Level 1:colcon.colcon_core.package_identification:_identify(docs/docker) by extensions ['ros']
[0.080s] Level 1:colcon.colcon_core.package_identification:_identify(docs/docker) by extension 'ros'
[0.080s] Level 1:colcon.colcon_core.package_identification:_identify(docs/docker) by extensions ['cmake', 'python']
[0.080s] Level 1:colcon.colcon_core.package_identification:_identify(docs/docker) by extension 'cmake'
[0.080s] Level 1:colcon.colcon_core.package_identification:_identify(docs/docker) by extension 'python'
[0.080s] Level 1:colcon.colcon_core.package_identification:_identify(docs/docker) by extensions ['python_setup_py']
[0.080s] Level 1:colcon.colcon_core.package_identification:_identify(docs/docker) by extension 'python_setup_py'
[0.080s] Level 1:colcon.colcon_core.package_identification:_identify(gcs) by extensions ['ignore', 'ignore_ament_install']
[0.080s] Level 1:colcon.colcon_core.package_identification:_identify(gcs) by extension 'ignore'
[0.080s] Level 1:colcon.colcon_core.package_identification:_identify(gcs) by extension 'ignore_ament_install'
[0.080s] Level 1:colcon.colcon_core.package_identification:_identify(gcs) by extensions ['colcon_pkg']
[0.080s] Level 1:colcon.colcon_core.package_identification:_identify(gcs) by extension 'colcon_pkg'
[0.080s] Level 1:colcon.colcon_core.package_identification:_identify(gcs) by extensions ['colcon_meta']
[0.080s] Level 1:colcon.colcon_core.package_identification:_identify(gcs) by extension 'colcon_meta'
[0.080s] Level 1:colcon.colcon_core.package_identification:_identify(gcs) by extensions ['ros']
[0.080s] Level 1:colcon.colcon_core.package_identification:_identify(gcs) by extension 'ros'
[0.080s] Level 1:colcon.colcon_core.package_identification:_identify(gcs) by extensions ['cmake', 'python']
[0.080s] Level 1:colcon.colcon_core.package_identification:_identify(gcs) by extension 'cmake'
[0.080s] Level 1:colcon.colcon_core.package_identification:_identify(gcs) by extension 'python'
[0.080s] Level 1:colcon.colcon_core.package_identification:_identify(gcs) by extensions ['python_setup_py']
[0.080s] Level 1:colcon.colcon_core.package_identification:_identify(gcs) by extension 'python_setup_py'
[0.080s] Level 1:colcon.colcon_core.package_identification:_identify(gcs/docker) by extensions ['ignore', 'ignore_ament_install']
[0.080s] Level 1:colcon.colcon_core.package_identification:_identify(gcs/docker) by extension 'ignore'
[0.080s] Level 1:colcon.colcon_core.package_identification:_identify(gcs/docker) by extension 'ignore_ament_install'
[0.080s] Level 1:colcon.colcon_core.package_identification:_identify(gcs/docker) by extensions ['colcon_pkg']
[0.080s] Level 1:colcon.colcon_core.package_identification:_identify(gcs/docker) by extension 'colcon_pkg'
[0.080s] Level 1:colcon.colcon_core.package_identification:_identify(gcs/docker) by extensions ['colcon_meta']
[0.080s] Level 1:colcon.colcon_core.package_identification:_identify(gcs/docker) by extension 'colcon_meta'
[0.080s] Level 1:colcon.colcon_core.package_identification:_identify(gcs/docker) by extensions ['ros']
[0.080s] Level 1:colcon.colcon_core.package_identification:_identify(gcs/docker) by extension 'ros'
[0.080s] Level 1:colcon.colcon_core.package_identification:_identify(gcs/docker) by extensions ['cmake', 'python']
[0.080s] Level 1:colcon.colcon_core.package_identification:_identify(gcs/docker) by extension 'cmake'
[0.080s] Level 1:colcon.colcon_core.package_identification:_identify(gcs/docker) by extension 'python'
[0.080s] Level 1:colcon.colcon_core.package_identification:_identify(gcs/docker) by extensions ['python_setup_py']
[0.080s] Level 1:colcon.colcon_core.package_identification:_identify(gcs/docker) by extension 'python_setup_py'
[0.080s] Level 1:colcon.colcon_core.package_identification:_identify(gcs/docker/resources) by extensions ['ignore', 'ignore_ament_install']
[0.080s] Level 1:colcon.colcon_core.package_identification:_identify(gcs/docker/resources) by extension 'ignore'
[0.080s] Level 1:colcon.colcon_core.package_identification:_identify(gcs/docker/resources) by extension 'ignore_ament_install'
[0.080s] Level 1:colcon.colcon_core.package_identification:_identify(gcs/docker/resources) by extensions ['colcon_pkg']
[0.080s] Level 1:colcon.colcon_core.package_identification:_identify(gcs/docker/resources) by extension 'colcon_pkg'
[0.080s] Level 1:colcon.colcon_core.package_identification:_identify(gcs/docker/resources) by extensions ['colcon_meta']
[0.080s] Level 1:colcon.colcon_core.package_identification:_identify(gcs/docker/resources) by extension 'colcon_meta'
[0.080s] Level 1:colcon.colcon_core.package_identification:_identify(gcs/docker/resources) by extensions ['ros']
[0.080s] Level 1:colcon.colcon_core.package_identification:_identify(gcs/docker/resources) by extension 'ros'
[0.080s] Level 1:colcon.colcon_core.package_identification:_identify(gcs/docker/resources) by extensions ['cmake', 'python']
[0.080s] Level 1:colcon.colcon_core.package_identification:_identify(gcs/docker/resources) by extension 'cmake'
[0.080s] Level 1:colcon.colcon_core.package_identification:_identify(gcs/docker/resources) by extension 'python'
[0.080s] Level 1:colcon.colcon_core.package_identification:_identify(gcs/docker/resources) by extensions ['python_setup_py']
[0.080s] Level 1:colcon.colcon_core.package_identification:_identify(gcs/docker/resources) by extension 'python_setup_py'
[0.080s] Level 1:colcon.colcon_core.package_identification:_identify(gcs/ros_ws) by extensions ['ignore', 'ignore_ament_install']
[0.080s] Level 1:colcon.colcon_core.package_identification:_identify(gcs/ros_ws) by extension 'ignore'
[0.081s] Level 1:colcon.colcon_core.package_identification:_identify(gcs/ros_ws) by extension 'ignore_ament_install'
[0.081s] Level 1:colcon.colcon_core.package_identification:_identify(gcs/ros_ws) by extensions ['colcon_pkg']
[0.081s] Level 1:colcon.colcon_core.package_identification:_identify(gcs/ros_ws) by extension 'colcon_pkg'
[0.081s] Level 1:colcon.colcon_core.package_identification:_identify(gcs/ros_ws) by extensions ['colcon_meta']
[0.081s] Level 1:colcon.colcon_core.package_identification:_identify(gcs/ros_ws) by extension 'colcon_meta'
[0.081s] Level 1:colcon.colcon_core.package_identification:_identify(gcs/ros_ws) by extensions ['ros']
[0.081s] Level 1:colcon.colcon_core.package_identification:_identify(gcs/ros_ws) by extension 'ros'
[0.081s] Level 1:colcon.colcon_core.package_identification:_identify(gcs/ros_ws) by extensions ['cmake', 'python']
[0.081s] Level 1:colcon.colcon_core.package_identification:_identify(gcs/ros_ws) by extension 'cmake'
[0.081s] Level 1:colcon.colcon_core.package_identification:_identify(gcs/ros_ws) by extension 'python'
[0.081s] Level 1:colcon.colcon_core.package_identification:_identify(gcs/ros_ws) by extensions ['python_setup_py']
[0.081s] Level 1:colcon.colcon_core.package_identification:_identify(gcs/ros_ws) by extension 'python_setup_py'
[0.081s] Level 1:colcon.colcon_core.package_identification:_identify(gcs/ros_ws/src) by extensions ['ignore', 'ignore_ament_install']
[0.081s] Level 1:colcon.colcon_core.package_identification:_identify(gcs/ros_ws/src) by extension 'ignore'
[0.081s] Level 1:colcon.colcon_core.package_identification:_identify(gcs/ros_ws/src) by extension 'ignore_ament_install'
[0.081s] Level 1:colcon.colcon_core.package_identification:_identify(gcs/ros_ws/src) by extensions ['colcon_pkg']
[0.081s] Level 1:colcon.colcon_core.package_identification:_identify(gcs/ros_ws/src) by extension 'colcon_pkg'
[0.081s] Level 1:colcon.colcon_core.package_identification:_identify(gcs/ros_ws/src) by extensions ['colcon_meta']
[0.081s] Level 1:colcon.colcon_core.package_identification:_identify(gcs/ros_ws/src) by extension 'colcon_meta'
[0.081s] Level 1:colcon.colcon_core.package_identification:_identify(gcs/ros_ws/src) by extensions ['ros']
[0.081s] Level 1:colcon.colcon_core.package_identification:_identify(gcs/ros_ws/src) by extension 'ros'
[0.081s] Level 1:colcon.colcon_core.package_identification:_identify(gcs/ros_ws/src) by extensions ['cmake', 'python']
[0.081s] Level 1:colcon.colcon_core.package_identification:_identify(gcs/ros_ws/src) by extension 'cmake'
[0.081s] Level 1:colcon.colcon_core.package_identification:_identify(gcs/ros_ws/src) by extension 'python'
[0.081s] Level 1:colcon.colcon_core.package_identification:_identify(gcs/ros_ws/src) by extensions ['python_setup_py']
[0.081s] Level 1:colcon.colcon_core.package_identification:_identify(gcs/ros_ws/src) by extension 'python_setup_py'
[0.081s] Level 1:colcon.colcon_core.package_identification:_identify(gcs/ros_ws/src/common) by extensions ['ignore', 'ignore_ament_install']
[0.081s] Level 1:colcon.colcon_core.package_identification:_identify(gcs/ros_ws/src/common) by extension 'ignore'
[0.081s] Level 1:colcon.colcon_core.package_identification:_identify(gcs/ros_ws/src/common) by extension 'ignore_ament_install'
[0.081s] Level 1:colcon.colcon_core.package_identification:_identify(gcs/ros_ws/src/common) by extensions ['colcon_pkg']
[0.081s] Level 1:colcon.colcon_core.package_identification:_identify(gcs/ros_ws/src/common) by extension 'colcon_pkg'
[0.081s] Level 1:colcon.colcon_core.package_identification:_identify(gcs/ros_ws/src/common) by extensions ['colcon_meta']
[0.081s] Level 1:colcon.colcon_core.package_identification:_identify(gcs/ros_ws/src/common) by extension 'colcon_meta'
[0.081s] Level 1:colcon.colcon_core.package_identification:_identify(gcs/ros_ws/src/common) by extensions ['ros']
[0.081s] Level 1:colcon.colcon_core.package_identification:_identify(gcs/ros_ws/src/common) by extension 'ros'
[0.081s] Level 1:colcon.colcon_core.package_identification:_identify(gcs/ros_ws/src/common) by extensions ['cmake', 'python']
[0.081s] Level 1:colcon.colcon_core.package_identification:_identify(gcs/ros_ws/src/common) by extension 'cmake'
[0.081s] Level 1:colcon.colcon_core.package_identification:_identify(gcs/ros_ws/src/common) by extension 'python'
[0.081s] Level 1:colcon.colcon_core.package_identification:_identify(gcs/ros_ws/src/common) by extensions ['python_setup_py']
[0.081s] Level 1:colcon.colcon_core.package_identification:_identify(gcs/ros_ws/src/common) by extension 'python_setup_py'
[0.081s] Level 1:colcon.colcon_core.package_identification:_identify(gcs/ros_ws/src/gcs_bringup) by extensions ['ignore', 'ignore_ament_install']
[0.081s] Level 1:colcon.colcon_core.package_identification:_identify(gcs/ros_ws/src/gcs_bringup) by extension 'ignore'
[0.081s] Level 1:colcon.colcon_core.package_identification:_identify(gcs/ros_ws/src/gcs_bringup) by extension 'ignore_ament_install'
[0.081s] Level 1:colcon.colcon_core.package_identification:_identify(gcs/ros_ws/src/gcs_bringup) by extensions ['colcon_pkg']
[0.081s] Level 1:colcon.colcon_core.package_identification:_identify(gcs/ros_ws/src/gcs_bringup) by extension 'colcon_pkg'
[0.081s] Level 1:colcon.colcon_core.package_identification:_identify(gcs/ros_ws/src/gcs_bringup) by extensions ['colcon_meta']
[0.081s] Level 1:colcon.colcon_core.package_identification:_identify(gcs/ros_ws/src/gcs_bringup) by extension 'colcon_meta'
[0.081s] Level 1:colcon.colcon_core.package_identification:_identify(gcs/ros_ws/src/gcs_bringup) by extensions ['ros']
[0.081s] Level 1:colcon.colcon_core.package_identification:_identify(gcs/ros_ws/src/gcs_bringup) by extension 'ros'
[0.081s] DEBUG:colcon.colcon_core.package_identification:Package 'gcs/ros_ws/src/gcs_bringup' with type 'ros.ament_cmake' and name 'gcs_bringup'
[0.081s] Level 1:colcon.colcon_core.package_identification:_identify(gcs/ros_ws/src/rqt_autolab_control_panel) by extensions ['ignore', 'ignore_ament_install']
[0.081s] Level 1:colcon.colcon_core.package_identification:_identify(gcs/ros_ws/src/rqt_autolab_control_panel) by extension 'ignore'
[0.081s] Level 1:colcon.colcon_core.package_identification:_identify(gcs/ros_ws/src/rqt_autolab_control_panel) by extension 'ignore_ament_install'
[0.081s] Level 1:colcon.colcon_core.package_identification:_identify(gcs/ros_ws/src/rqt_autolab_control_panel) by extensions ['colcon_pkg']
[0.081s] Level 1:colcon.colcon_core.package_identification:_identify(gcs/ros_ws/src/rqt_autolab_control_panel) by extension 'colcon_pkg'
[0.081s] Level 1:colcon.colcon_core.package_identification:_identify(gcs/ros_ws/src/rqt_autolab_control_panel) by extensions ['colcon_meta']
[0.081s] Level 1:colcon.colcon_core.package_identification:_identify(gcs/ros_ws/src/rqt_autolab_control_panel) by extension 'colcon_meta'
[0.081s] Level 1:colcon.colcon_core.package_identification:_identify(gcs/ros_ws/src/rqt_autolab_control_panel) by extensions ['ros']
[0.081s] Level 1:colcon.colcon_core.package_identification:_identify(gcs/ros_ws/src/rqt_autolab_control_panel) by extension 'ros'
[0.082s] DEBUG:colcon.colcon_core.package_identification:Package 'gcs/ros_ws/src/rqt_autolab_control_panel' with type 'ros.ament_python' and name 'rqt_autolab_control_panel'
[0.082s] Level 1:colcon.colcon_core.package_identification:_identify(gcs/ros_ws/src/rqt_gcs) by extensions ['ignore', 'ignore_ament_install']
[0.082s] Level 1:colcon.colcon_core.package_identification:_identify(gcs/ros_ws/src/rqt_gcs) by extension 'ignore'
[0.082s] Level 1:colcon.colcon_core.package_identification:_identify(gcs/ros_ws/src/rqt_gcs) by extension 'ignore_ament_install'
[0.082s] Level 1:colcon.colcon_core.package_identification:_identify(gcs/ros_ws/src/rqt_gcs) by extensions ['colcon_pkg']
[0.082s] Level 1:colcon.colcon_core.package_identification:_identify(gcs/ros_ws/src/rqt_gcs) by extension 'colcon_pkg'
[0.082s] Level 1:colcon.colcon_core.package_identification:_identify(gcs/ros_ws/src/rqt_gcs) by extensions ['colcon_meta']
[0.082s] Level 1:colcon.colcon_core.package_identification:_identify(gcs/ros_ws/src/rqt_gcs) by extension 'colcon_meta'
[0.082s] Level 1:colcon.colcon_core.package_identification:_identify(gcs/ros_ws/src/rqt_gcs) by extensions ['ros']
[0.082s] Level 1:colcon.colcon_core.package_identification:_identify(gcs/ros_ws/src/rqt_gcs) by extension 'ros'
[0.082s] DEBUG:colcon.colcon_core.package_identification:Package 'gcs/ros_ws/src/rqt_gcs' with type 'ros.ament_python' and name 'rqt_gcs'
[0.082s] Level 1:colcon.colcon_core.package_identification:_identify(gcs/ros_ws/src/rqt_py_template) by extensions ['ignore', 'ignore_ament_install']
[0.082s] Level 1:colcon.colcon_core.package_identification:_identify(gcs/ros_ws/src/rqt_py_template) by extension 'ignore'
[0.082s] Level 1:colcon.colcon_core.package_identification:_identify(gcs/ros_ws/src/rqt_py_template) by extension 'ignore_ament_install'
[0.082s] Level 1:colcon.colcon_core.package_identification:_identify(gcs/ros_ws/src/rqt_py_template) by extensions ['colcon_pkg']
[0.082s] Level 1:colcon.colcon_core.package_identification:_identify(gcs/ros_ws/src/rqt_py_template) by extension 'colcon_pkg'
[0.082s] Level 1:colcon.colcon_core.package_identification:_identify(gcs/ros_ws/src/rqt_py_template) by extensions ['colcon_meta']
[0.082s] Level 1:colcon.colcon_core.package_identification:_identify(gcs/ros_ws/src/rqt_py_template) by extension 'colcon_meta'
[0.082s] Level 1:colcon.colcon_core.package_identification:_identify(gcs/ros_ws/src/rqt_py_template) by extensions ['ros']
[0.082s] Level 1:colcon.colcon_core.package_identification:_identify(gcs/ros_ws/src/rqt_py_template) by extension 'ros'
[0.082s] DEBUG:colcon.colcon_core.package_identification:Package 'gcs/ros_ws/src/rqt_py_template' with type 'ros.ament_python' and name 'rqt_py_template'
[0.082s] Level 1:colcon.colcon_core.package_identification:_identify(install) by extensions ['ignore', 'ignore_ament_install']
[0.082s] Level 1:colcon.colcon_core.package_identification:_identify(install) by extension 'ignore'
[0.082s] Level 1:colcon.colcon_core.package_identification:_identify(install) ignored
[0.082s] Level 1:colcon.colcon_core.package_identification:_identify(log) by extensions ['ignore', 'ignore_ament_install']
[0.082s] Level 1:colcon.colcon_core.package_identification:_identify(log) by extension 'ignore'
[0.082s] Level 1:colcon.colcon_core.package_identification:_identify(log) ignored
[0.082s] Level 1:colcon.colcon_core.package_identification:_identify(robot) by extensions ['ignore', 'ignore_ament_install']
[0.082s] Level 1:colcon.colcon_core.package_identification:_identify(robot) by extension 'ignore'
[0.082s] Level 1:colcon.colcon_core.package_identification:_identify(robot) by extension 'ignore_ament_install'
[0.082s] Level 1:colcon.colcon_core.package_identification:_identify(robot) by extensions ['colcon_pkg']
[0.082s] Level 1:colcon.colcon_core.package_identification:_identify(robot) by extension 'colcon_pkg'
[0.083s] Level 1:colcon.colcon_core.package_identification:_identify(robot) by extensions ['colcon_meta']
[0.083s] Level 1:colcon.colcon_core.package_identification:_identify(robot) by extension 'colcon_meta'
[0.083s] Level 1:colcon.colcon_core.package_identification:_identify(robot) by extensions ['ros']
[0.083s] Level 1:colcon.colcon_core.package_identification:_identify(robot) by extension 'ros'
[0.083s] Level 1:colcon.colcon_core.package_identification:_identify(robot) by extensions ['cmake', 'python']
[0.083s] Level 1:colcon.colcon_core.package_identification:_identify(robot) by extension 'cmake'
[0.083s] Level 1:colcon.colcon_core.package_identification:_identify(robot) by extension 'python'
[0.083s] Level 1:colcon.colcon_core.package_identification:_identify(robot) by extensions ['python_setup_py']
[0.083s] Level 1:colcon.colcon_core.package_identification:_identify(robot) by extension 'python_setup_py'
[0.083s] Level 1:colcon.colcon_core.package_identification:_identify(robot/docker) by extensions ['ignore', 'ignore_ament_install']
[0.083s] Level 1:colcon.colcon_core.package_identification:_identify(robot/docker) by extension 'ignore'
[0.083s] Level 1:colcon.colcon_core.package_identification:_identify(robot/docker) by extension 'ignore_ament_install'
[0.083s] Level 1:colcon.colcon_core.package_identification:_identify(robot/docker) by extensions ['colcon_pkg']
[0.083s] Level 1:colcon.colcon_core.package_identification:_identify(robot/docker) by extension 'colcon_pkg'
[0.083s] Level 1:colcon.colcon_core.package_identification:_identify(robot/docker) by extensions ['colcon_meta']
[0.083s] Level 1:colcon.colcon_core.package_identification:_identify(robot/docker) by extension 'colcon_meta'
[0.083s] Level 1:colcon.colcon_core.package_identification:_identify(robot/docker) by extensions ['ros']
[0.083s] Level 1:colcon.colcon_core.package_identification:_identify(robot/docker) by extension 'ros'
[0.083s] Level 1:colcon.colcon_core.package_identification:_identify(robot/docker) by extensions ['cmake', 'python']
[0.083s] Level 1:colcon.colcon_core.package_identification:_identify(robot/docker) by extension 'cmake'
[0.083s] Level 1:colcon.colcon_core.package_identification:_identify(robot/docker) by extension 'python'
[0.083s] Level 1:colcon.colcon_core.package_identification:_identify(robot/docker) by extensions ['python_setup_py']
[0.083s] Level 1:colcon.colcon_core.package_identification:_identify(robot/docker) by extension 'python_setup_py'
[0.083s] Level 1:colcon.colcon_core.package_identification:_identify(robot/docker/zed) by extensions ['ignore', 'ignore_ament_install']
[0.083s] Level 1:colcon.colcon_core.package_identification:_identify(robot/docker/zed) by extension 'ignore'
[0.083s] Level 1:colcon.colcon_core.package_identification:_identify(robot/docker/zed) by extension 'ignore_ament_install'
[0.083s] Level 1:colcon.colcon_core.package_identification:_identify(robot/docker/zed) by extensions ['colcon_pkg']
[0.083s] Level 1:colcon.colcon_core.package_identification:_identify(robot/docker/zed) by extension 'colcon_pkg'
[0.083s] Level 1:colcon.colcon_core.package_identification:_identify(robot/docker/zed) by extensions ['colcon_meta']
[0.083s] Level 1:colcon.colcon_core.package_identification:_identify(robot/docker/zed) by extension 'colcon_meta'
[0.083s] Level 1:colcon.colcon_core.package_identification:_identify(robot/docker/zed) by extensions ['ros']
[0.083s] Level 1:colcon.colcon_core.package_identification:_identify(robot/docker/zed) by extension 'ros'
[0.083s] Level 1:colcon.colcon_core.package_identification:_identify(robot/docker/zed) by extensions ['cmake', 'python']
[0.083s] Level 1:colcon.colcon_core.package_identification:_identify(robot/docker/zed) by extension 'cmake'
[0.083s] Level 1:colcon.colcon_core.package_identification:_identify(robot/docker/zed) by extension 'python'
[0.083s] Level 1:colcon.colcon_core.package_identification:_identify(robot/docker/zed) by extensions ['python_setup_py']
[0.083s] Level 1:colcon.colcon_core.package_identification:_identify(robot/docker/zed) by extension 'python_setup_py'
[0.083s] Level 1:colcon.colcon_core.package_identification:_identify(robot/docker/zed/ws) by extensions ['ignore', 'ignore_ament_install']
[0.083s] Level 1:colcon.colcon_core.package_identification:_identify(robot/docker/zed/ws) by extension 'ignore'
[0.083s] Level 1:colcon.colcon_core.package_identification:_identify(robot/docker/zed/ws) by extension 'ignore_ament_install'
[0.083s] Level 1:colcon.colcon_core.package_identification:_identify(robot/docker/zed/ws) by extensions ['colcon_pkg']
[0.083s] Level 1:colcon.colcon_core.package_identification:_identify(robot/docker/zed/ws) by extension 'colcon_pkg'
[0.083s] Level 1:colcon.colcon_core.package_identification:_identify(robot/docker/zed/ws) by extensions ['colcon_meta']
[0.083s] Level 1:colcon.colcon_core.package_identification:_identify(robot/docker/zed/ws) by extension 'colcon_meta'
[0.083s] Level 1:colcon.colcon_core.package_identification:_identify(robot/docker/zed/ws) by extensions ['ros']
[0.083s] Level 1:colcon.colcon_core.package_identification:_identify(robot/docker/zed/ws) by extension 'ros'
[0.083s] Level 1:colcon.colcon_core.package_identification:_identify(robot/docker/zed/ws) by extensions ['cmake', 'python']
[0.083s] Level 1:colcon.colcon_core.package_identification:_identify(robot/docker/zed/ws) by extension 'cmake'
[0.083s] Level 1:colcon.colcon_core.package_identification:_identify(robot/docker/zed/ws) by extension 'python'
[0.083s] Level 1:colcon.colcon_core.package_identification:_identify(robot/docker/zed/ws) by extensions ['python_setup_py']
[0.083s] Level 1:colcon.colcon_core.package_identification:_identify(robot/docker/zed/ws) by extension 'python_setup_py'
[0.083s] Level 1:colcon.colcon_core.package_identification:_identify(robot/docker/zed/ws/src) by extensions ['ignore', 'ignore_ament_install']
[0.083s] Level 1:colcon.colcon_core.package_identification:_identify(robot/docker/zed/ws/src) by extension 'ignore'
[0.083s] Level 1:colcon.colcon_core.package_identification:_identify(robot/docker/zed/ws/src) by extension 'ignore_ament_install'
[0.083s] Level 1:colcon.colcon_core.package_identification:_identify(robot/docker/zed/ws/src) by extensions ['colcon_pkg']
[0.083s] Level 1:colcon.colcon_core.package_identification:_identify(robot/docker/zed/ws/src) by extension 'colcon_pkg'
[0.083s] Level 1:colcon.colcon_core.package_identification:_identify(robot/docker/zed/ws/src) by extensions ['colcon_meta']
[0.083s] Level 1:colcon.colcon_core.package_identification:_identify(robot/docker/zed/ws/src) by extension 'colcon_meta'
[0.083s] Level 1:colcon.colcon_core.package_identification:_identify(robot/docker/zed/ws/src) by extensions ['ros']
[0.083s] Level 1:colcon.colcon_core.package_identification:_identify(robot/docker/zed/ws/src) by extension 'ros'
[0.083s] Level 1:colcon.colcon_core.package_identification:_identify(robot/docker/zed/ws/src) by extensions ['cmake', 'python']
[0.083s] Level 1:colcon.colcon_core.package_identification:_identify(robot/docker/zed/ws/src) by extension 'cmake'
[0.083s] Level 1:colcon.colcon_core.package_identification:_identify(robot/docker/zed/ws/src) by extension 'python'
[0.083s] Level 1:colcon.colcon_core.package_identification:_identify(robot/docker/zed/ws/src) by extensions ['python_setup_py']
[0.083s] Level 1:colcon.colcon_core.package_identification:_identify(robot/docker/zed/ws/src) by extension 'python_setup_py'
[0.083s] Level 1:colcon.colcon_core.package_identification:_identify(robot/docker/zed/ws/src/zed_wrapper) by extensions ['ignore', 'ignore_ament_install']
[0.084s] Level 1:colcon.colcon_core.package_identification:_identify(robot/docker/zed/ws/src/zed_wrapper) by extension 'ignore'
[0.084s] Level 1:colcon.colcon_core.package_identification:_identify(robot/docker/zed/ws/src/zed_wrapper) by extension 'ignore_ament_install'
[0.084s] Level 1:colcon.colcon_core.package_identification:_identify(robot/docker/zed/ws/src/zed_wrapper) by extensions ['colcon_pkg']
[0.084s] Level 1:colcon.colcon_core.package_identification:_identify(robot/docker/zed/ws/src/zed_wrapper) by extension 'colcon_pkg'
[0.084s] Level 1:colcon.colcon_core.package_identification:_identify(robot/docker/zed/ws/src/zed_wrapper) by extensions ['colcon_meta']
[0.084s] Level 1:colcon.colcon_core.package_identification:_identify(robot/docker/zed/ws/src/zed_wrapper) by extension 'colcon_meta'
[0.084s] Level 1:colcon.colcon_core.package_identification:_identify(robot/docker/zed/ws/src/zed_wrapper) by extensions ['ros']
[0.084s] Level 1:colcon.colcon_core.package_identification:_identify(robot/docker/zed/ws/src/zed_wrapper) by extension 'ros'
[0.084s] DEBUG:colcon.colcon_core.package_identification:Package 'robot/docker/zed/ws/src/zed_wrapper' with type 'ros.ament_cmake' and name 'zed_wrapper'
[0.084s] Level 1:colcon.colcon_core.package_identification:_identify(robot/ros_ws) by extensions ['ignore', 'ignore_ament_install']
[0.084s] Level 1:colcon.colcon_core.package_identification:_identify(robot/ros_ws) by extension 'ignore'
[0.084s] Level 1:colcon.colcon_core.package_identification:_identify(robot/ros_ws) by extension 'ignore_ament_install'
[0.084s] Level 1:colcon.colcon_core.package_identification:_identify(robot/ros_ws) by extensions ['colcon_pkg']
[0.084s] Level 1:colcon.colcon_core.package_identification:_identify(robot/ros_ws) by extension 'colcon_pkg'
[0.084s] Level 1:colcon.colcon_core.package_identification:_identify(robot/ros_ws) by extensions ['colcon_meta']
[0.084s] Level 1:colcon.colcon_core.package_identification:_identify(robot/ros_ws) by extension 'colcon_meta'
[0.084s] Level 1:colcon.colcon_core.package_identification:_identify(robot/ros_ws) by extensions ['ros']
[0.084s] Level 1:colcon.colcon_core.package_identification:_identify(robot/ros_ws) by extension 'ros'
[0.084s] Level 1:colcon.colcon_core.package_identification:_identify(robot/ros_ws) by extensions ['cmake', 'python']
[0.084s] Level 1:colcon.colcon_core.package_identification:_identify(robot/ros_ws) by extension 'cmake'
[0.084s] Level 1:colcon.colcon_core.package_identification:_identify(robot/ros_ws) by extension 'python'
[0.084s] Level 1:colcon.colcon_core.package_identification:_identify(robot/ros_ws) by extensions ['python_setup_py']
[0.084s] Level 1:colcon.colcon_core.package_identification:_identify(robot/ros_ws) by extension 'python_setup_py'
[0.084s] Level 1:colcon.colcon_core.package_identification:_identify(robot/ros_ws/backup) by extensions ['ignore', 'ignore_ament_install']
[0.084s] Level 1:colcon.colcon_core.package_identification:_identify(robot/ros_ws/backup) by extension 'ignore'
[0.084s] Level 1:colcon.colcon_core.package_identification:_identify(robot/ros_ws/backup) by extension 'ignore_ament_install'
[0.084s] Level 1:colcon.colcon_core.package_identification:_identify(robot/ros_ws/backup) by extensions ['colcon_pkg']
[0.084s] Level 1:colcon.colcon_core.package_identification:_identify(robot/ros_ws/backup) by extension 'colcon_pkg'
[0.084s] Level 1:colcon.colcon_core.package_identification:_identify(robot/ros_ws/backup) by extensions ['colcon_meta']
[0.084s] Level 1:colcon.colcon_core.package_identification:_identify(robot/ros_ws/backup) by extension 'colcon_meta'
[0.084s] Level 1:colcon.colcon_core.package_identification:_identify(robot/ros_ws/backup) by extensions ['ros']
[0.084s] Level 1:colcon.colcon_core.package_identification:_identify(robot/ros_ws/backup) by extension 'ros'
[0.084s] Level 1:colcon.colcon_core.package_identification:_identify(robot/ros_ws/backup) by extensions ['cmake', 'python']
[0.084s] Level 1:colcon.colcon_core.package_identification:_identify(robot/ros_ws/backup) by extension 'cmake'
[0.084s] Level 1:colcon.colcon_core.package_identification:_identify(robot/ros_ws/backup) by extension 'python'
[0.084s] Level 1:colcon.colcon_core.package_identification:_identify(robot/ros_ws/backup) by extensions ['python_setup_py']
[0.084s] Level 1:colcon.colcon_core.package_identification:_identify(robot/ros_ws/backup) by extension 'python_setup_py'
[0.084s] Level 1:colcon.colcon_core.package_identification:_identify(robot/ros_ws/build) by extensions ['ignore', 'ignore_ament_install']
[0.084s] Level 1:colcon.colcon_core.package_identification:_identify(robot/ros_ws/build) by extension 'ignore'
[0.084s] Level 1:colcon.colcon_core.package_identification:_identify(robot/ros_ws/build) ignored
[0.084s] Level 1:colcon.colcon_core.package_identification:_identify(robot/ros_ws/install) by extensions ['ignore', 'ignore_ament_install']
[0.084s] Level 1:colcon.colcon_core.package_identification:_identify(robot/ros_ws/install) by extension 'ignore'
[0.084s] Level 1:colcon.colcon_core.package_identification:_identify(robot/ros_ws/install) ignored
[0.084s] Level 1:colcon.colcon_core.package_identification:_identify(robot/ros_ws/log) by extensions ['ignore', 'ignore_ament_install']
[0.084s] Level 1:colcon.colcon_core.package_identification:_identify(robot/ros_ws/log) by extension 'ignore'
[0.085s] Level 1:colcon.colcon_core.package_identification:_identify(robot/ros_ws/log) ignored
[0.085s] Level 1:colcon.colcon_core.package_identification:_identify(robot/ros_ws/src) by extensions ['ignore', 'ignore_ament_install']
[0.085s] Level 1:colcon.colcon_core.package_identification:_identify(robot/ros_ws/src) by extension 'ignore'
[0.085s] Level 1:colcon.colcon_core.package_identification:_identify(robot/ros_ws/src) by extension 'ignore_ament_install'
[0.085s] Level 1:colcon.colcon_core.package_identification:_identify(robot/ros_ws/src) by extensions ['colcon_pkg']
[0.085s] Level 1:colcon.colcon_core.package_identification:_identify(robot/ros_ws/src) by extension 'colcon_pkg'
[0.085s] Level 1:colcon.colcon_core.package_identification:_identify(robot/ros_ws/src) by extensions ['colcon_meta']
[0.085s] Level 1:colcon.colcon_core.package_identification:_identify(robot/ros_ws/src) by extension 'colcon_meta'
[0.085s] Level 1:colcon.colcon_core.package_identification:_identify(robot/ros_ws/src) by extensions ['ros']
[0.085s] Level 1:colcon.colcon_core.package_identification:_identify(robot/ros_ws/src) by extension 'ros'
[0.085s] Level 1:colcon.colcon_core.package_identification:_identify(robot/ros_ws/src) by extensions ['cmake', 'python']
[0.085s] Level 1:colcon.colcon_core.package_identification:_identify(robot/ros_ws/src) by extension 'cmake'
[0.085s] Level 1:colcon.colcon_core.package_identification:_identify(robot/ros_ws/src) by extension 'python'
[0.085s] Level 1:colcon.colcon_core.package_identification:_identify(robot/ros_ws/src) by extensions ['python_setup_py']
[0.085s] Level 1:colcon.colcon_core.package_identification:_identify(robot/ros_ws/src) by extension 'python_setup_py'
[0.085s] Level 1:colcon.colcon_core.package_identification:_identify(robot/ros_ws/src/autonomy) by extensions ['ignore', 'ignore_ament_install']
[0.085s] Level 1:colcon.colcon_core.package_identification:_identify(robot/ros_ws/src/autonomy) by extension 'ignore'
[0.085s] Level 1:colcon.colcon_core.package_identification:_identify(robot/ros_ws/src/autonomy) by extension 'ignore_ament_install'
[0.085s] Level 1:colcon.colcon_core.package_identification:_identify(robot/ros_ws/src/autonomy) by extensions ['colcon_pkg']
[0.085s] Level 1:colcon.colcon_core.package_identification:_identify(robot/ros_ws/src/autonomy) by extension 'colcon_pkg'
[0.085s] Level 1:colcon.colcon_core.package_identification:_identify(robot/ros_ws/src/autonomy) by extensions ['colcon_meta']
[0.085s] Level 1:colcon.colcon_core.package_identification:_identify(robot/ros_ws/src/autonomy) by extension 'colcon_meta'
[0.085s] Level 1:colcon.colcon_core.package_identification:_identify(robot/ros_ws/src/autonomy) by extensions ['ros']
[0.085s] Level 1:colcon.colcon_core.package_identification:_identify(robot/ros_ws/src/autonomy) by extension 'ros'
[0.085s] Level 1:colcon.colcon_core.package_identification:_identify(robot/ros_ws/src/autonomy) by extensions ['cmake', 'python']
[0.085s] Level 1:colcon.colcon_core.package_identification:_identify(robot/ros_ws/src/autonomy) by extension 'cmake'
[0.085s] Level 1:colcon.colcon_core.package_identification:_identify(robot/ros_ws/src/autonomy) by extension 'python'
[0.085s] Level 1:colcon.colcon_core.package_identification:_identify(robot/ros_ws/src/autonomy) by extensions ['python_setup_py']
[0.085s] Level 1:colcon.colcon_core.package_identification:_identify(robot/ros_ws/src/autonomy) by extension 'python_setup_py'
[0.085s] Level 1:colcon.colcon_core.package_identification:_identify(robot/ros_ws/src/autonomy/0_interface) by extensions ['ignore', 'ignore_ament_install']
[0.085s] Level 1:colcon.colcon_core.package_identification:_identify(robot/ros_ws/src/autonomy/0_interface) by extension 'ignore'
[0.085s] Level 1:colcon.colcon_core.package_identification:_identify(robot/ros_ws/src/autonomy/0_interface) by extension 'ignore_ament_install'
[0.085s] Level 1:colcon.colcon_core.package_identification:_identify(robot/ros_ws/src/autonomy/0_interface) by extensions ['colcon_pkg']
[0.085s] Level 1:colcon.colcon_core.package_identification:_identify(robot/ros_ws/src/autonomy/0_interface) by extension 'colcon_pkg'
[0.085s] Level 1:colcon.colcon_core.package_identification:_identify(robot/ros_ws/src/autonomy/0_interface) by extensions ['colcon_meta']
[0.085s] Level 1:colcon.colcon_core.package_identification:_identify(robot/ros_ws/src/autonomy/0_interface) by extension 'colcon_meta'
[0.085s] Level 1:colcon.colcon_core.package_identification:_identify(robot/ros_ws/src/autonomy/0_interface) by extensions ['ros']
[0.085s] Level 1:colcon.colcon_core.package_identification:_identify(robot/ros_ws/src/autonomy/0_interface) by extension 'ros'
[0.085s] Level 1:colcon.colcon_core.package_identification:_identify(robot/ros_ws/src/autonomy/0_interface) by extensions ['cmake', 'python']
[0.085s] Level 1:colcon.colcon_core.package_identification:_identify(robot/ros_ws/src/autonomy/0_interface) by extension 'cmake'
[0.085s] Level 1:colcon.colcon_core.package_identification:_identify(robot/ros_ws/src/autonomy/0_interface) by extension 'python'
[0.085s] Level 1:colcon.colcon_core.package_identification:_identify(robot/ros_ws/src/autonomy/0_interface) by extensions ['python_setup_py']
[0.085s] Level 1:colcon.colcon_core.package_identification:_identify(robot/ros_ws/src/autonomy/0_interface) by extension 'python_setup_py'
[0.085s] Level 1:colcon.colcon_core.package_identification:_identify(robot/ros_ws/src/autonomy/0_interface/interface_bringup) by extensions ['ignore', 'ignore_ament_install']
[0.085s] Level 1:colcon.colcon_core.package_identification:_identify(robot/ros_ws/src/autonomy/0_interface/interface_bringup) by extension 'ignore'
[0.085s] Level 1:colcon.colcon_core.package_identification:_identify(robot/ros_ws/src/autonomy/0_interface/interface_bringup) by extension 'ignore_ament_install'
[0.085s] Level 1:colcon.colcon_core.package_identification:_identify(robot/ros_ws/src/autonomy/0_interface/interface_bringup) by extensions ['colcon_pkg']
[0.085s] Level 1:colcon.colcon_core.package_identification:_identify(robot/ros_ws/src/autonomy/0_interface/interface_bringup) by extension 'colcon_pkg'
[0.085s] Level 1:colcon.colcon_core.package_identification:_identify(robot/ros_ws/src/autonomy/0_interface/interface_bringup) by extensions ['colcon_meta']
[0.085s] Level 1:colcon.colcon_core.package_identification:_identify(robot/ros_ws/src/autonomy/0_interface/interface_bringup) by extension 'colcon_meta'
[0.085s] Level 1:colcon.colcon_core.package_identification:_identify(robot/ros_ws/src/autonomy/0_interface/interface_bringup) by extensions ['ros']
[0.085s] Level 1:colcon.colcon_core.package_identification:_identify(robot/ros_ws/src/autonomy/0_interface/interface_bringup) by extension 'ros'
[0.085s] DEBUG:colcon.colcon_core.package_identification:Package 'robot/ros_ws/src/autonomy/0_interface/interface_bringup' with type 'ros.ament_cmake' and name 'interface_bringup'
[0.085s] Level 1:colcon.colcon_core.package_identification:_identify(robot/ros_ws/src/autonomy/1_navigation) by extensions ['ignore', 'ignore_ament_install']
[0.085s] Level 1:colcon.colcon_core.package_identification:_identify(robot/ros_ws/src/autonomy/1_navigation) by extension 'ignore'
[0.085s] Level 1:colcon.colcon_core.package_identification:_identify(robot/ros_ws/src/autonomy/1_navigation) by extension 'ignore_ament_install'
[0.085s] Level 1:colcon.colcon_core.package_identification:_identify(robot/ros_ws/src/autonomy/1_navigation) by extensions ['colcon_pkg']
[0.085s] Level 1:colcon.colcon_core.package_identification:_identify(robot/ros_ws/src/autonomy/1_navigation) by extension 'colcon_pkg'
[0.086s] Level 1:colcon.colcon_core.package_identification:_identify(robot/ros_ws/src/autonomy/1_navigation) by extensions ['colcon_meta']
[0.086s] Level 1:colcon.colcon_core.package_identification:_identify(robot/ros_ws/src/autonomy/1_navigation) by extension 'colcon_meta'
[0.086s] Level 1:colcon.colcon_core.package_identification:_identify(robot/ros_ws/src/autonomy/1_navigation) by extensions ['ros']
[0.086s] Level 1:colcon.colcon_core.package_identification:_identify(robot/ros_ws/src/autonomy/1_navigation) by extension 'ros'
[0.086s] Level 1:colcon.colcon_core.package_identification:_identify(robot/ros_ws/src/autonomy/1_navigation) by extensions ['cmake', 'python']
[0.086s] Level 1:colcon.colcon_core.package_identification:_identify(robot/ros_ws/src/autonomy/1_navigation) by extension 'cmake'
[0.086s] Level 1:colcon.colcon_core.package_identification:_identify(robot/ros_ws/src/autonomy/1_navigation) by extension 'python'
[0.086s] Level 1:colcon.colcon_core.package_identification:_identify(robot/ros_ws/src/autonomy/1_navigation) by extensions ['python_setup_py']
[0.086s] Level 1:colcon.colcon_core.package_identification:_identify(robot/ros_ws/src/autonomy/1_navigation) by extension 'python_setup_py'
[0.086s] Level 1:colcon.colcon_core.package_identification:_identify(robot/ros_ws/src/autonomy/1_navigation/navigation_bringup) by extensions ['ignore', 'ignore_ament_install']
[0.086s] Level 1:colcon.colcon_core.package_identification:_identify(robot/ros_ws/src/autonomy/1_navigation/navigation_bringup) by extension 'ignore'
[0.086s] Level 1:colcon.colcon_core.package_identification:_identify(robot/ros_ws/src/autonomy/1_navigation/navigation_bringup) by extension 'ignore_ament_install'
[0.086s] Level 1:colcon.colcon_core.package_identification:_identify(robot/ros_ws/src/autonomy/1_navigation/navigation_bringup) by extensions ['colcon_pkg']
[0.086s] Level 1:colcon.colcon_core.package_identification:_identify(robot/ros_ws/src/autonomy/1_navigation/navigation_bringup) by extension 'colcon_pkg'
[0.086s] Level 1:colcon.colcon_core.package_identification:_identify(robot/ros_ws/src/autonomy/1_navigation/navigation_bringup) by extensions ['colcon_meta']
[0.086s] Level 1:colcon.colcon_core.package_identification:_identify(robot/ros_ws/src/autonomy/1_navigation/navigation_bringup) by extension 'colcon_meta'
[0.086s] Level 1:colcon.colcon_core.package_identification:_identify(robot/ros_ws/src/autonomy/1_navigation/navigation_bringup) by extensions ['ros']
[0.086s] Level 1:colcon.colcon_core.package_identification:_identify(robot/ros_ws/src/autonomy/1_navigation/navigation_bringup) by extension 'ros'
[0.086s] DEBUG:colcon.colcon_core.package_identification:Package 'robot/ros_ws/src/autonomy/1_navigation/navigation_bringup' with type 'ros.ament_cmake' and name 'navigation_bringup'
[0.086s] Level 1:colcon.colcon_core.package_identification:_identify(robot/ros_ws/src/autonomy/1_navigation/navigation_controller) by extensions ['ignore', 'ignore_ament_install']
[0.086s] Level 1:colcon.colcon_core.package_identification:_identify(robot/ros_ws/src/autonomy/1_navigation/navigation_controller) by extension 'ignore'
[0.086s] Level 1:colcon.colcon_core.package_identification:_identify(robot/ros_ws/src/autonomy/1_navigation/navigation_controller) by extension 'ignore_ament_install'
[0.086s] Level 1:colcon.colcon_core.package_identification:_identify(robot/ros_ws/src/autonomy/1_navigation/navigation_controller) by extensions ['colcon_pkg']
[0.086s] Level 1:colcon.colcon_core.package_identification:_identify(robot/ros_ws/src/autonomy/1_navigation/navigation_controller) by extension 'colcon_pkg'
[0.086s] Level 1:colcon.colcon_core.package_identification:_identify(robot/ros_ws/src/autonomy/1_navigation/navigation_controller) by extensions ['colcon_meta']
[0.086s] Level 1:colcon.colcon_core.package_identification:_identify(robot/ros_ws/src/autonomy/1_navigation/navigation_controller) by extension 'colcon_meta'
[0.086s] Level 1:colcon.colcon_core.package_identification:_identify(robot/ros_ws/src/autonomy/1_navigation/navigation_controller) by extensions ['ros']
[0.086s] Level 1:colcon.colcon_core.package_identification:_identify(robot/ros_ws/src/autonomy/1_navigation/navigation_controller) by extension 'ros'
[0.086s] DEBUG:colcon.colcon_core.package_identification:Package 'robot/ros_ws/src/autonomy/1_navigation/navigation_controller' with type 'ros.ament_cmake' and name 'navigation_controller'
[0.086s] Level 1:colcon.colcon_core.package_identification:_identify(robot/ros_ws/src/autonomy/2_mapping_and_localization) by extensions ['ignore', 'ignore_ament_install']
[0.086s] Level 1:colcon.colcon_core.package_identification:_identify(robot/ros_ws/src/autonomy/2_mapping_and_localization) by extension 'ignore'
[0.086s] Level 1:colcon.colcon_core.package_identification:_identify(robot/ros_ws/src/autonomy/2_mapping_and_localization) by extension 'ignore_ament_install'
[0.086s] Level 1:colcon.colcon_core.package_identification:_identify(robot/ros_ws/src/autonomy/2_mapping_and_localization) by extensions ['colcon_pkg']
[0.086s] Level 1:colcon.colcon_core.package_identification:_identify(robot/ros_ws/src/autonomy/2_mapping_and_localization) by extension 'colcon_pkg'
[0.086s] Level 1:colcon.colcon_core.package_identification:_identify(robot/ros_ws/src/autonomy/2_mapping_and_localization) by extensions ['colcon_meta']
[0.086s] Level 1:colcon.colcon_core.package_identification:_identify(robot/ros_ws/src/autonomy/2_mapping_and_localization) by extension 'colcon_meta'
[0.086s] Level 1:colcon.colcon_core.package_identification:_identify(robot/ros_ws/src/autonomy/2_mapping_and_localization) by extensions ['ros']
[0.086s] Level 1:colcon.colcon_core.package_identification:_identify(robot/ros_ws/src/autonomy/2_mapping_and_localization) by extension 'ros'
[0.086s] Level 1:colcon.colcon_core.package_identification:_identify(robot/ros_ws/src/autonomy/2_mapping_and_localization) by extensions ['cmake', 'python']
[0.086s] Level 1:colcon.colcon_core.package_identification:_identify(robot/ros_ws/src/autonomy/2_mapping_and_localization) by extension 'cmake'
[0.086s] Level 1:colcon.colcon_core.package_identification:_identify(robot/ros_ws/src/autonomy/2_mapping_and_localization) by extension 'python'
[0.086s] Level 1:colcon.colcon_core.package_identification:_identify(robot/ros_ws/src/autonomy/2_mapping_and_localization) by extensions ['python_setup_py']
[0.086s] Level 1:colcon.colcon_core.package_identification:_identify(robot/ros_ws/src/autonomy/2_mapping_and_localization) by extension 'python_setup_py'
[0.086s] Level 1:colcon.colcon_core.package_identification:_identify(robot/ros_ws/src/autonomy/2_mapping_and_localization/mapping_and_localization_bringup) by extensions ['ignore', 'ignore_ament_install']
[0.086s] Level 1:colcon.colcon_core.package_identification:_identify(robot/ros_ws/src/autonomy/2_mapping_and_localization/mapping_and_localization_bringup) by extension 'ignore'
[0.086s] Level 1:colcon.colcon_core.package_identification:_identify(robot/ros_ws/src/autonomy/2_mapping_and_localization/mapping_and_localization_bringup) by extension 'ignore_ament_install'
[0.087s] Level 1:colcon.colcon_core.package_identification:_identify(robot/ros_ws/src/autonomy/2_mapping_and_localization/mapping_and_localization_bringup) by extensions ['colcon_pkg']
[0.087s] Level 1:colcon.colcon_core.package_identification:_identify(robot/ros_ws/src/autonomy/2_mapping_and_localization/mapping_and_localization_bringup) by extension 'colcon_pkg'
[0.087s] Level 1:colcon.colcon_core.package_identification:_identify(robot/ros_ws/src/autonomy/2_mapping_and_localization/mapping_and_localization_bringup) by extensions ['colcon_meta']
[0.087s] Level 1:colcon.colcon_core.package_identification:_identify(robot/ros_ws/src/autonomy/2_mapping_and_localization/mapping_and_localization_bringup) by extension 'colcon_meta'
[0.087s] Level 1:colcon.colcon_core.package_identification:_identify(robot/ros_ws/src/autonomy/2_mapping_and_localization/mapping_and_localization_bringup) by extensions ['ros']
[0.087s] Level 1:colcon.colcon_core.package_identification:_identify(robot/ros_ws/src/autonomy/2_mapping_and_localization/mapping_and_localization_bringup) by extension 'ros'
[0.087s] DEBUG:colcon.colcon_core.package_identification:Package 'robot/ros_ws/src/autonomy/2_mapping_and_localization/mapping_and_localization_bringup' with type 'ros.ament_cmake' and name 'mapping_and_localization_bringup'
[0.087s] Level 1:colcon.colcon_core.package_identification:_identify(robot/ros_ws/src/autonomy/2_mapping_and_localization/rtabmap) by extensions ['ignore', 'ignore_ament_install']
[0.087s] Level 1:colcon.colcon_core.package_identification:_identify(robot/ros_ws/src/autonomy/2_mapping_and_localization/rtabmap) by extension 'ignore'
[0.087s] Level 1:colcon.colcon_core.package_identification:_identify(robot/ros_ws/src/autonomy/2_mapping_and_localization/rtabmap) by extension 'ignore_ament_install'
[0.087s] Level 1:colcon.colcon_core.package_identification:_identify(robot/ros_ws/src/autonomy/2_mapping_and_localization/rtabmap) by extensions ['colcon_pkg']
[0.087s] Level 1:colcon.colcon_core.package_identification:_identify(robot/ros_ws/src/autonomy/2_mapping_and_localization/rtabmap) by extension 'colcon_pkg'
[0.087s] Level 1:colcon.colcon_core.package_identification:_identify(robot/ros_ws/src/autonomy/2_mapping_and_localization/rtabmap) by extensions ['colcon_meta']
[0.087s] Level 1:colcon.colcon_core.package_identification:_identify(robot/ros_ws/src/autonomy/2_mapping_and_localization/rtabmap) by extension 'colcon_meta'
[0.087s] Level 1:colcon.colcon_core.package_identification:_identify(robot/ros_ws/src/autonomy/2_mapping_and_localization/rtabmap) by extensions ['ros']
[0.087s] Level 1:colcon.colcon_core.package_identification:_identify(robot/ros_ws/src/autonomy/2_mapping_and_localization/rtabmap) by extension 'ros'
[0.087s] Level 1:colcon.colcon_core.package_identification:_identify(robot/ros_ws/src/autonomy/2_mapping_and_localization/rtabmap) by extensions ['cmake', 'python']
[0.087s] Level 1:colcon.colcon_core.package_identification:_identify(robot/ros_ws/src/autonomy/2_mapping_and_localization/rtabmap) by extension 'cmake'
[0.087s] Level 1:colcon.colcon_core.package_identification:_identify(robot/ros_ws/src/autonomy/2_mapping_and_localization/rtabmap) by extension 'python'
[0.087s] Level 1:colcon.colcon_core.package_identification:_identify(robot/ros_ws/src/autonomy/2_mapping_and_localization/rtabmap) by extensions ['python_setup_py']
[0.087s] Level 1:colcon.colcon_core.package_identification:_identify(robot/ros_ws/src/autonomy/2_mapping_and_localization/rtabmap) by extension 'python_setup_py'
[0.087s] Level 1:colcon.colcon_core.package_identification:_identify(robot/ros_ws/src/autonomy/2_mapping_and_localization/rtabmap_ros) by extensions ['ignore', 'ignore_ament_install']
[0.087s] Level 1:colcon.colcon_core.package_identification:_identify(robot/ros_ws/src/autonomy/2_mapping_and_localization/rtabmap_ros) by extension 'ignore'
[0.087s] Level 1:colcon.colcon_core.package_identification:_identify(robot/ros_ws/src/autonomy/2_mapping_and_localization/rtabmap_ros) by extension 'ignore_ament_install'
[0.087s] Level 1:colcon.colcon_core.package_identification:_identify(robot/ros_ws/src/autonomy/2_mapping_and_localization/rtabmap_ros) by extensions ['colcon_pkg']
[0.087s] Level 1:colcon.colcon_core.package_identification:_identify(robot/ros_ws/src/autonomy/2_mapping_and_localization/rtabmap_ros) by extension 'colcon_pkg'
[0.087s] Level 1:colcon.colcon_core.package_identification:_identify(robot/ros_ws/src/autonomy/2_mapping_and_localization/rtabmap_ros) by extensions ['colcon_meta']
[0.087s] Level 1:colcon.colcon_core.package_identification:_identify(robot/ros_ws/src/autonomy/2_mapping_and_localization/rtabmap_ros) by extension 'colcon_meta'
[0.087s] Level 1:colcon.colcon_core.package_identification:_identify(robot/ros_ws/src/autonomy/2_mapping_and_localization/rtabmap_ros) by extensions ['ros']
[0.087s] Level 1:colcon.colcon_core.package_identification:_identify(robot/ros_ws/src/autonomy/2_mapping_and_localization/rtabmap_ros) by extension 'ros'
[0.087s] Level 1:colcon.colcon_core.package_identification:_identify(robot/ros_ws/src/autonomy/2_mapping_and_localization/rtabmap_ros) by extensions ['cmake', 'python']
[0.087s] Level 1:colcon.colcon_core.package_identification:_identify(robot/ros_ws/src/autonomy/2_mapping_and_localization/rtabmap_ros) by extension 'cmake'
[0.087s] Level 1:colcon.colcon_core.package_identification:_identify(robot/ros_ws/src/autonomy/2_mapping_and_localization/rtabmap_ros) by extension 'python'
[0.087s] Level 1:colcon.colcon_core.package_identification:_identify(robot/ros_ws/src/autonomy/2_mapping_and_localization/rtabmap_ros) by extensions ['python_setup_py']
[0.087s] Level 1:colcon.colcon_core.package_identification:_identify(robot/ros_ws/src/autonomy/2_mapping_and_localization/rtabmap_ros) by extension 'python_setup_py'
[0.087s] Level 1:colcon.colcon_core.package_identification:_identify(robot/ros_ws/src/autonomy/3_perception) by extensions ['ignore', 'ignore_ament_install']
[0.087s] Level 1:colcon.colcon_core.package_identification:_identify(robot/ros_ws/src/autonomy/3_perception) by extension 'ignore'
[0.087s] Level 1:colcon.colcon_core.package_identification:_identify(robot/ros_ws/src/autonomy/3_perception) by extension 'ignore_ament_install'
[0.087s] Level 1:colcon.colcon_core.package_identification:_identify(robot/ros_ws/src/autonomy/3_perception) by extensions ['colcon_pkg']
[0.087s] Level 1:colcon.colcon_core.package_identification:_identify(robot/ros_ws/src/autonomy/3_perception) by extension 'colcon_pkg'
[0.087s] Level 1:colcon.colcon_core.package_identification:_identify(robot/ros_ws/src/autonomy/3_perception) by extensions ['colcon_meta']
[0.087s] Level 1:colcon.colcon_core.package_identification:_identify(robot/ros_ws/src/autonomy/3_perception) by extension 'colcon_meta'
[0.087s] Level 1:colcon.colcon_core.package_identification:_identify(robot/ros_ws/src/autonomy/3_perception) by extensions ['ros']
[0.087s] Level 1:colcon.colcon_core.package_identification:_identify(robot/ros_ws/src/autonomy/3_perception) by extension 'ros'
[0.087s] Level 1:colcon.colcon_core.package_identification:_identify(robot/ros_ws/src/autonomy/3_perception) by extensions ['cmake', 'python']
[0.087s] Level 1:colcon.colcon_core.package_identification:_identify(robot/ros_ws/src/autonomy/3_perception) by extension 'cmake'
[0.087s] Level 1:colcon.colcon_core.package_identification:_identify(robot/ros_ws/src/autonomy/3_perception) by extension 'python'
[0.087s] Level 1:colcon.colcon_core.package_identification:_identify(robot/ros_ws/src/autonomy/3_perception) by extensions ['python_setup_py']
[0.087s] Level 1:colcon.colcon_core.package_identification:_identify(robot/ros_ws/src/autonomy/3_perception) by extension 'python_setup_py'
[0.087s] Level 1:colcon.colcon_core.package_identification:_identify(robot/ros_ws/src/autonomy/3_perception/perception_bringup) by extensions ['ignore', 'ignore_ament_install']
[0.087s] Level 1:colcon.colcon_core.package_identification:_identify(robot/ros_ws/src/autonomy/3_perception/perception_bringup) by extension 'ignore'
[0.087s] Level 1:colcon.colcon_core.package_identification:_identify(robot/ros_ws/src/autonomy/3_perception/perception_bringup) by extension 'ignore_ament_install'
[0.087s] Level 1:colcon.colcon_core.package_identification:_identify(robot/ros_ws/src/autonomy/3_perception/perception_bringup) by extensions ['colcon_pkg']
[0.087s] Level 1:colcon.colcon_core.package_identification:_identify(robot/ros_ws/src/autonomy/3_perception/perception_bringup) by extension 'colcon_pkg'
[0.087s] Level 1:colcon.colcon_core.package_identification:_identify(robot/ros_ws/src/autonomy/3_perception/perception_bringup) by extensions ['colcon_meta']
[0.087s] Level 1:colcon.colcon_core.package_identification:_identify(robot/ros_ws/src/autonomy/3_perception/perception_bringup) by extension 'colcon_meta'
[0.087s] Level 1:colcon.colcon_core.package_identification:_identify(robot/ros_ws/src/autonomy/3_perception/perception_bringup) by extensions ['ros']
[0.087s] Level 1:colcon.colcon_core.package_identification:_identify(robot/ros_ws/src/autonomy/3_perception/perception_bringup) by extension 'ros'
[0.088s] DEBUG:colcon.colcon_core.package_identification:Package 'robot/ros_ws/src/autonomy/3_perception/perception_bringup' with type 'ros.ament_cmake' and name 'perception_bringup'
[0.088s] Level 1:colcon.colcon_core.package_identification:_identify(robot/ros_ws/src/autonomy/4_local) by extensions ['ignore', 'ignore_ament_install']
[0.088s] Level 1:colcon.colcon_core.package_identification:_identify(robot/ros_ws/src/autonomy/4_local) by extension 'ignore'
[0.088s] Level 1:colcon.colcon_core.package_identification:_identify(robot/ros_ws/src/autonomy/4_local) by extension 'ignore_ament_install'
[0.088s] Level 1:colcon.colcon_core.package_identification:_identify(robot/ros_ws/src/autonomy/4_local) by extensions ['colcon_pkg']
[0.088s] Level 1:colcon.colcon_core.package_identification:_identify(robot/ros_ws/src/autonomy/4_local) by extension 'colcon_pkg'
[0.088s] Level 1:colcon.colcon_core.package_identification:_identify(robot/ros_ws/src/autonomy/4_local) by extensions ['colcon_meta']
[0.088s] Level 1:colcon.colcon_core.package_identification:_identify(robot/ros_ws/src/autonomy/4_local) by extension 'colcon_meta'
[0.088s] Level 1:colcon.colcon_core.package_identification:_identify(robot/ros_ws/src/autonomy/4_local) by extensions ['ros']
[0.088s] Level 1:colcon.colcon_core.package_identification:_identify(robot/ros_ws/src/autonomy/4_local) by extension 'ros'
[0.088s] Level 1:colcon.colcon_core.package_identification:_identify(robot/ros_ws/src/autonomy/4_local) by extensions ['cmake', 'python']
[0.088s] Level 1:colcon.colcon_core.package_identification:_identify(robot/ros_ws/src/autonomy/4_local) by extension 'cmake'
[0.088s] Level 1:colcon.colcon_core.package_identification:_identify(robot/ros_ws/src/autonomy/4_local) by extension 'python'
[0.088s] Level 1:colcon.colcon_core.package_identification:_identify(robot/ros_ws/src/autonomy/4_local) by extensions ['python_setup_py']
[0.088s] Level 1:colcon.colcon_core.package_identification:_identify(robot/ros_ws/src/autonomy/4_local) by extension 'python_setup_py'
[0.088s] Level 1:colcon.colcon_core.package_identification:_identify(robot/ros_ws/src/autonomy/4_local/local_bringup) by extensions ['ignore', 'ignore_ament_install']
[0.088s] Level 1:colcon.colcon_core.package_identification:_identify(robot/ros_ws/src/autonomy/4_local/local_bringup) by extension 'ignore'
[0.088s] Level 1:colcon.colcon_core.package_identification:_identify(robot/ros_ws/src/autonomy/4_local/local_bringup) by extension 'ignore_ament_install'
[0.088s] Level 1:colcon.colcon_core.package_identification:_identify(robot/ros_ws/src/autonomy/4_local/local_bringup) by extensions ['colcon_pkg']
[0.088s] Level 1:colcon.colcon_core.package_identification:_identify(robot/ros_ws/src/autonomy/4_local/local_bringup) by extension 'colcon_pkg'
[0.088s] Level 1:colcon.colcon_core.package_identification:_identify(robot/ros_ws/src/autonomy/4_local/local_bringup) by extensions ['colcon_meta']
[0.088s] Level 1:colcon.colcon_core.package_identification:_identify(robot/ros_ws/src/autonomy/4_local/local_bringup) by extension 'colcon_meta'
[0.088s] Level 1:colcon.colcon_core.package_identification:_identify(robot/ros_ws/src/autonomy/4_local/local_bringup) by extensions ['ros']
[0.088s] Level 1:colcon.colcon_core.package_identification:_identify(robot/ros_ws/src/autonomy/4_local/local_bringup) by extension 'ros'
[0.088s] DEBUG:colcon.colcon_core.package_identification:Package 'robot/ros_ws/src/autonomy/4_local/local_bringup' with type 'ros.ament_cmake' and name 'local_bringup'
[0.088s] Level 1:colcon.colcon_core.package_identification:_identify(robot/ros_ws/src/autonomy/5_global) by extensions ['ignore', 'ignore_ament_install']
[0.088s] Level 1:colcon.colcon_core.package_identification:_identify(robot/ros_ws/src/autonomy/5_global) by extension 'ignore'
[0.088s] Level 1:colcon.colcon_core.package_identification:_identify(robot/ros_ws/src/autonomy/5_global) by extension 'ignore_ament_install'
[0.088s] Level 1:colcon.colcon_core.package_identification:_identify(robot/ros_ws/src/autonomy/5_global) by extensions ['colcon_pkg']
[0.088s] Level 1:colcon.colcon_core.package_identification:_identify(robot/ros_ws/src/autonomy/5_global) by extension 'colcon_pkg'
[0.088s] Level 1:colcon.colcon_core.package_identification:_identify(robot/ros_ws/src/autonomy/5_global) by extensions ['colcon_meta']
[0.088s] Level 1:colcon.colcon_core.package_identification:_identify(robot/ros_ws/src/autonomy/5_global) by extension 'colcon_meta'
[0.088s] Level 1:colcon.colcon_core.package_identification:_identify(robot/ros_ws/src/autonomy/5_global) by extensions ['ros']
[0.088s] Level 1:colcon.colcon_core.package_identification:_identify(robot/ros_ws/src/autonomy/5_global) by extension 'ros'
[0.088s] Level 1:colcon.colcon_core.package_identification:_identify(robot/ros_ws/src/autonomy/5_global) by extensions ['cmake', 'python']
[0.088s] Level 1:colcon.colcon_core.package_identification:_identify(robot/ros_ws/src/autonomy/5_global) by extension 'cmake'
[0.088s] Level 1:colcon.colcon_core.package_identification:_identify(robot/ros_ws/src/autonomy/5_global) by extension 'python'
[0.088s] Level 1:colcon.colcon_core.package_identification:_identify(robot/ros_ws/src/autonomy/5_global) by extensions ['python_setup_py']
[0.088s] Level 1:colcon.colcon_core.package_identification:_identify(robot/ros_ws/src/autonomy/5_global) by extension 'python_setup_py'
[0.088s] Level 1:colcon.colcon_core.package_identification:_identify(robot/ros_ws/src/autonomy/6_behavior) by extensions ['ignore', 'ignore_ament_install']
[0.088s] Level 1:colcon.colcon_core.package_identification:_identify(robot/ros_ws/src/autonomy/6_behavior) by extension 'ignore'
[0.088s] Level 1:colcon.colcon_core.package_identification:_identify(robot/ros_ws/src/autonomy/6_behavior) by extension 'ignore_ament_install'
[0.088s] Level 1:colcon.colcon_core.package_identification:_identify(robot/ros_ws/src/autonomy/6_behavior) by extensions ['colcon_pkg']
[0.088s] Level 1:colcon.colcon_core.package_identification:_identify(robot/ros_ws/src/autonomy/6_behavior) by extension 'colcon_pkg'
[0.088s] Level 1:colcon.colcon_core.package_identification:_identify(robot/ros_ws/src/autonomy/6_behavior) by extensions ['colcon_meta']
[0.088s] Level 1:colcon.colcon_core.package_identification:_identify(robot/ros_ws/src/autonomy/6_behavior) by extension 'colcon_meta'
[0.088s] Level 1:colcon.colcon_core.package_identification:_identify(robot/ros_ws/src/autonomy/6_behavior) by extensions ['ros']
[0.088s] Level 1:colcon.colcon_core.package_identification:_identify(robot/ros_ws/src/autonomy/6_behavior) by extension 'ros'
[0.088s] Level 1:colcon.colcon_core.package_identification:_identify(robot/ros_ws/src/autonomy/6_behavior) by extensions ['cmake', 'python']
[0.088s] Level 1:colcon.colcon_core.package_identification:_identify(robot/ros_ws/src/autonomy/6_behavior) by extension 'cmake'
[0.088s] Level 1:colcon.colcon_core.package_identification:_identify(robot/ros_ws/src/autonomy/6_behavior) by extension 'python'
[0.088s] Level 1:colcon.colcon_core.package_identification:_identify(robot/ros_ws/src/autonomy/6_behavior) by extensions ['python_setup_py']
[0.088s] Level 1:colcon.colcon_core.package_identification:_identify(robot/ros_ws/src/autonomy/6_behavior) by extension 'python_setup_py'
[0.088s] Level 1:colcon.colcon_core.package_identification:_identify(robot/ros_ws/src/autonomy/6_behavior/behavior_bringup) by extensions ['ignore', 'ignore_ament_install']
[0.088s] Level 1:colcon.colcon_core.package_identification:_identify(robot/ros_ws/src/autonomy/6_behavior/behavior_bringup) by extension 'ignore'
[0.088s] Level 1:colcon.colcon_core.package_identification:_identify(robot/ros_ws/src/autonomy/6_behavior/behavior_bringup) by extension 'ignore_ament_install'
[0.088s] Level 1:colcon.colcon_core.package_identification:_identify(robot/ros_ws/src/autonomy/6_behavior/behavior_bringup) by extensions ['colcon_pkg']
[0.088s] Level 1:colcon.colcon_core.package_identification:_identify(robot/ros_ws/src/autonomy/6_behavior/behavior_bringup) by extension 'colcon_pkg'
[0.088s] Level 1:colcon.colcon_core.package_identification:_identify(robot/ros_ws/src/autonomy/6_behavior/behavior_bringup) by extensions ['colcon_meta']
[0.088s] Level 1:colcon.colcon_core.package_identification:_identify(robot/ros_ws/src/autonomy/6_behavior/behavior_bringup) by extension 'colcon_meta'
[0.088s] Level 1:colcon.colcon_core.package_identification:_identify(robot/ros_ws/src/autonomy/6_behavior/behavior_bringup) by extensions ['ros']
[0.089s] Level 1:colcon.colcon_core.package_identification:_identify(robot/ros_ws/src/autonomy/6_behavior/behavior_bringup) by extension 'ros'
[0.089s] DEBUG:colcon.colcon_core.package_identification:Package 'robot/ros_ws/src/autonomy/6_behavior/behavior_bringup' with type 'ros.ament_cmake' and name 'behavior_bringup'
[0.089s] Level 1:colcon.colcon_core.package_identification:_identify(robot/ros_ws/src/autonomy/6_behavior/behavior_executive) by extensions ['ignore', 'ignore_ament_install']
[0.089s] Level 1:colcon.colcon_core.package_identification:_identify(robot/ros_ws/src/autonomy/6_behavior/behavior_executive) by extension 'ignore'
[0.089s] Level 1:colcon.colcon_core.package_identification:_identify(robot/ros_ws/src/autonomy/6_behavior/behavior_executive) by extension 'ignore_ament_install'
[0.089s] Level 1:colcon.colcon_core.package_identification:_identify(robot/ros_ws/src/autonomy/6_behavior/behavior_executive) by extensions ['colcon_pkg']
[0.089s] Level 1:colcon.colcon_core.package_identification:_identify(robot/ros_ws/src/autonomy/6_behavior/behavior_executive) by extension 'colcon_pkg'
[0.089s] Level 1:colcon.colcon_core.package_identification:_identify(robot/ros_ws/src/autonomy/6_behavior/behavior_executive) by extensions ['colcon_meta']
[0.089s] Level 1:colcon.colcon_core.package_identification:_identify(robot/ros_ws/src/autonomy/6_behavior/behavior_executive) by extension 'colcon_meta'
[0.089s] Level 1:colcon.colcon_core.package_identification:_identify(robot/ros_ws/src/autonomy/6_behavior/behavior_executive) by extensions ['ros']
[0.089s] Level 1:colcon.colcon_core.package_identification:_identify(robot/ros_ws/src/autonomy/6_behavior/behavior_executive) by extension 'ros'
[0.089s] DEBUG:colcon.colcon_core.package_identification:Package 'robot/ros_ws/src/autonomy/6_behavior/behavior_executive' with type 'ros.ament_cmake' and name 'behavior_executive'
[0.089s] Level 1:colcon.colcon_core.package_identification:_identify(robot/ros_ws/src/autonomy/6_behavior/behavior_tree) by extensions ['ignore', 'ignore_ament_install']
[0.089s] Level 1:colcon.colcon_core.package_identification:_identify(robot/ros_ws/src/autonomy/6_behavior/behavior_tree) by extension 'ignore'
[0.089s] Level 1:colcon.colcon_core.package_identification:_identify(robot/ros_ws/src/autonomy/6_behavior/behavior_tree) by extension 'ignore_ament_install'
[0.089s] Level 1:colcon.colcon_core.package_identification:_identify(robot/ros_ws/src/autonomy/6_behavior/behavior_tree) by extensions ['colcon_pkg']
[0.089s] Level 1:colcon.colcon_core.package_identification:_identify(robot/ros_ws/src/autonomy/6_behavior/behavior_tree) by extension 'colcon_pkg'
[0.089s] Level 1:colcon.colcon_core.package_identification:_identify(robot/ros_ws/src/autonomy/6_behavior/behavior_tree) by extensions ['colcon_meta']
[0.089s] Level 1:colcon.colcon_core.package_identification:_identify(robot/ros_ws/src/autonomy/6_behavior/behavior_tree) by extension 'colcon_meta'
[0.089s] Level 1:colcon.colcon_core.package_identification:_identify(robot/ros_ws/src/autonomy/6_behavior/behavior_tree) by extensions ['ros']
[0.089s] Level 1:colcon.colcon_core.package_identification:_identify(robot/ros_ws/src/autonomy/6_behavior/behavior_tree) by extension 'ros'
[0.089s] DEBUG:colcon.colcon_core.package_identification:Package 'robot/ros_ws/src/autonomy/6_behavior/behavior_tree' with type 'ros.ament_cmake' and name 'behavior_tree'
[0.089s] Level 1:colcon.colcon_core.package_identification:_identify(robot/ros_ws/src/autonomy/6_behavior/rqt_behavior_tree_command) by extensions ['ignore', 'ignore_ament_install']
[0.090s] Level 1:colcon.colcon_core.package_identification:_identify(robot/ros_ws/src/autonomy/6_behavior/rqt_behavior_tree_command) by extension 'ignore'
[0.090s] Level 1:colcon.colcon_core.package_identification:_identify(robot/ros_ws/src/autonomy/6_behavior/rqt_behavior_tree_command) by extension 'ignore_ament_install'
[0.090s] Level 1:colcon.colcon_core.package_identification:_identify(robot/ros_ws/src/autonomy/6_behavior/rqt_behavior_tree_command) by extensions ['colcon_pkg']
[0.090s] Level 1:colcon.colcon_core.package_identification:_identify(robot/ros_ws/src/autonomy/6_behavior/rqt_behavior_tree_command) by extension 'colcon_pkg'
[0.090s] Level 1:colcon.colcon_core.package_identification:_identify(robot/ros_ws/src/autonomy/6_behavior/rqt_behavior_tree_command) by extensions ['colcon_meta']
[0.090s] Level 1:colcon.colcon_core.package_identification:_identify(robot/ros_ws/src/autonomy/6_behavior/rqt_behavior_tree_command) by extension 'colcon_meta'
[0.090s] Level 1:colcon.colcon_core.package_identification:_identify(robot/ros_ws/src/autonomy/6_behavior/rqt_behavior_tree_command) by extensions ['ros']
[0.090s] Level 1:colcon.colcon_core.package_identification:_identify(robot/ros_ws/src/autonomy/6_behavior/rqt_behavior_tree_command) by extension 'ros'
[0.090s] DEBUG:colcon.colcon_core.package_identification:Package 'robot/ros_ws/src/autonomy/6_behavior/rqt_behavior_tree_command' with type 'ros.ament_python' and name 'rqt_behavior_tree_command'
[0.090s] Level 1:colcon.colcon_core.package_identification:_identify(robot/ros_ws/src/autonomy/6_behavior/rqt_fixed_trajectory_generator) by extensions ['ignore', 'ignore_ament_install']
[0.090s] Level 1:colcon.colcon_core.package_identification:_identify(robot/ros_ws/src/autonomy/6_behavior/rqt_fixed_trajectory_generator) by extension 'ignore'
[0.090s] Level 1:colcon.colcon_core.package_identification:_identify(robot/ros_ws/src/autonomy/6_behavior/rqt_fixed_trajectory_generator) by extension 'ignore_ament_install'
[0.090s] Level 1:colcon.colcon_core.package_identification:_identify(robot/ros_ws/src/autonomy/6_behavior/rqt_fixed_trajectory_generator) by extensions ['colcon_pkg']
[0.090s] Level 1:colcon.colcon_core.package_identification:_identify(robot/ros_ws/src/autonomy/6_behavior/rqt_fixed_trajectory_generator) by extension 'colcon_pkg'
[0.090s] Level 1:colcon.colcon_core.package_identification:_identify(robot/ros_ws/src/autonomy/6_behavior/rqt_fixed_trajectory_generator) by extensions ['colcon_meta']
[0.090s] Level 1:colcon.colcon_core.package_identification:_identify(robot/ros_ws/src/autonomy/6_behavior/rqt_fixed_trajectory_generator) by extension 'colcon_meta'
[0.090s] Level 1:colcon.colcon_core.package_identification:_identify(robot/ros_ws/src/autonomy/6_behavior/rqt_fixed_trajectory_generator) by extensions ['ros']
[0.090s] Level 1:colcon.colcon_core.package_identification:_identify(robot/ros_ws/src/autonomy/6_behavior/rqt_fixed_trajectory_generator) by extension 'ros'
[0.090s] DEBUG:colcon.colcon_core.package_identification:Package 'robot/ros_ws/src/autonomy/6_behavior/rqt_fixed_trajectory_generator' with type 'ros.ament_python' and name 'rqt_fixed_trajectory_generator'
[0.090s] Level 1:colcon.colcon_core.package_identification:_identify(robot/ros_ws/src/autonomy/autonomy_bringup) by extensions ['ignore', 'ignore_ament_install']
[0.090s] Level 1:colcon.colcon_core.package_identification:_identify(robot/ros_ws/src/autonomy/autonomy_bringup) by extension 'ignore'
[0.090s] Level 1:colcon.colcon_core.package_identification:_identify(robot/ros_ws/src/autonomy/autonomy_bringup) by extension 'ignore_ament_install'
[0.090s] Level 1:colcon.colcon_core.package_identification:_identify(robot/ros_ws/src/autonomy/autonomy_bringup) by extensions ['colcon_pkg']
[0.090s] Level 1:colcon.colcon_core.package_identification:_identify(robot/ros_ws/src/autonomy/autonomy_bringup) by extension 'colcon_pkg'
[0.090s] Level 1:colcon.colcon_core.package_identification:_identify(robot/ros_ws/src/autonomy/autonomy_bringup) by extensions ['colcon_meta']
[0.090s] Level 1:colcon.colcon_core.package_identification:_identify(robot/ros_ws/src/autonomy/autonomy_bringup) by extension 'colcon_meta'
[0.090s] Level 1:colcon.colcon_core.package_identification:_identify(robot/ros_ws/src/autonomy/autonomy_bringup) by extensions ['ros']
[0.090s] Level 1:colcon.colcon_core.package_identification:_identify(robot/ros_ws/src/autonomy/autonomy_bringup) by extension 'ros'
[0.090s] DEBUG:colcon.colcon_core.package_identification:Package 'robot/ros_ws/src/autonomy/autonomy_bringup' with type 'ros.ament_cmake' and name 'autonomy_bringup'
[0.090s] Level 1:colcon.colcon_core.package_identification:_identify(robot/ros_ws/src/autonomy/global_planner) by extensions ['ignore', 'ignore_ament_install']
[0.090s] Level 1:colcon.colcon_core.package_identification:_identify(robot/ros_ws/src/autonomy/global_planner) by extension 'ignore'
[0.090s] Level 1:colcon.colcon_core.package_identification:_identify(robot/ros_ws/src/autonomy/global_planner) by extension 'ignore_ament_install'
[0.090s] Level 1:colcon.colcon_core.package_identification:_identify(robot/ros_ws/src/autonomy/global_planner) by extensions ['colcon_pkg']
[0.090s] Level 1:colcon.colcon_core.package_identification:_identify(robot/ros_ws/src/autonomy/global_planner) by extension 'colcon_pkg'
[0.090s] Level 1:colcon.colcon_core.package_identification:_identify(robot/ros_ws/src/autonomy/global_planner) by extensions ['colcon_meta']
[0.090s] Level 1:colcon.colcon_core.package_identification:_identify(robot/ros_ws/src/autonomy/global_planner) by extension 'colcon_meta'
[0.090s] Level 1:colcon.colcon_core.package_identification:_identify(robot/ros_ws/src/autonomy/global_planner) by extensions ['ros']
[0.090s] Level 1:colcon.colcon_core.package_identification:_identify(robot/ros_ws/src/autonomy/global_planner) by extension 'ros'
[0.091s] DEBUG:colcon.colcon_core.package_identification:Package 'robot/ros_ws/src/autonomy/global_planner' with type 'ros.ament_cmake' and name 'global_planner'
[0.091s] Level 1:colcon.colcon_core.package_identification:_identify(robot/ros_ws/src/base_moveit_config) by extensions ['ignore', 'ignore_ament_install']
[0.091s] Level 1:colcon.colcon_core.package_identification:_identify(robot/ros_ws/src/base_moveit_config) by extension 'ignore'
[0.091s] Level 1:colcon.colcon_core.package_identification:_identify(robot/ros_ws/src/base_moveit_config) by extension 'ignore_ament_install'
[0.091s] Level 1:colcon.colcon_core.package_identification:_identify(robot/ros_ws/src/base_moveit_config) by extensions ['colcon_pkg']
[0.091s] Level 1:colcon.colcon_core.package_identification:_identify(robot/ros_ws/src/base_moveit_config) by extension 'colcon_pkg'
[0.091s] Level 1:colcon.colcon_core.package_identification:_identify(robot/ros_ws/src/base_moveit_config) by extensions ['colcon_meta']
[0.091s] Level 1:colcon.colcon_core.package_identification:_identify(robot/ros_ws/src/base_moveit_config) by extension 'colcon_meta'
[0.091s] Level 1:colcon.colcon_core.package_identification:_identify(robot/ros_ws/src/base_moveit_config) by extensions ['ros']
[0.091s] Level 1:colcon.colcon_core.package_identification:_identify(robot/ros_ws/src/base_moveit_config) by extension 'ros'
[0.091s] DEBUG:colcon.colcon_core.package_identification:Package 'robot/ros_ws/src/base_moveit_config' with type 'ros.ament_cmake' and name 'base_moveit_config'
[0.091s] Level 1:colcon.colcon_core.package_identification:_identify(robot/ros_ws/src/base_moveit_config_2) by extensions ['ignore', 'ignore_ament_install']
[0.091s] Level 1:colcon.colcon_core.package_identification:_identify(robot/ros_ws/src/base_moveit_config_2) by extension 'ignore'
[0.091s] Level 1:colcon.colcon_core.package_identification:_identify(robot/ros_ws/src/base_moveit_config_2) by extension 'ignore_ament_install'
[0.091s] Level 1:colcon.colcon_core.package_identification:_identify(robot/ros_ws/src/base_moveit_config_2) by extensions ['colcon_pkg']
[0.091s] Level 1:colcon.colcon_core.package_identification:_identify(robot/ros_ws/src/base_moveit_config_2) by extension 'colcon_pkg'
[0.091s] Level 1:colcon.colcon_core.package_identification:_identify(robot/ros_ws/src/base_moveit_config_2) by extensions ['colcon_meta']
[0.091s] Level 1:colcon.colcon_core.package_identification:_identify(robot/ros_ws/src/base_moveit_config_2) by extension 'colcon_meta'
[0.091s] Level 1:colcon.colcon_core.package_identification:_identify(robot/ros_ws/src/base_moveit_config_2) by extensions ['ros']
[0.091s] Level 1:colcon.colcon_core.package_identification:_identify(robot/ros_ws/src/base_moveit_config_2) by extension 'ros'
[0.092s] DEBUG:colcon.colcon_core.package_identification:Package 'robot/ros_ws/src/base_moveit_config_2' with type 'ros.ament_cmake' and name 'base_moveit_config_2'
[0.092s] Level 1:colcon.colcon_core.package_identification:_identify(robot/ros_ws/src/base_urdf) by extensions ['ignore', 'ignore_ament_install']
[0.092s] Level 1:colcon.colcon_core.package_identification:_identify(robot/ros_ws/src/base_urdf) by extension 'ignore'
[0.092s] Level 1:colcon.colcon_core.package_identification:_identify(robot/ros_ws/src/base_urdf) by extension 'ignore_ament_install'
[0.092s] Level 1:colcon.colcon_core.package_identification:_identify(robot/ros_ws/src/base_urdf) by extensions ['colcon_pkg']
[0.092s] Level 1:colcon.colcon_core.package_identification:_identify(robot/ros_ws/src/base_urdf) by extension 'colcon_pkg'
[0.092s] Level 1:colcon.colcon_core.package_identification:_identify(robot/ros_ws/src/base_urdf) by extensions ['colcon_meta']
[0.092s] Level 1:colcon.colcon_core.package_identification:_identify(robot/ros_ws/src/base_urdf) by extension 'colcon_meta'
[0.092s] Level 1:colcon.colcon_core.package_identification:_identify(robot/ros_ws/src/base_urdf) by extensions ['ros']
[0.092s] Level 1:colcon.colcon_core.package_identification:_identify(robot/ros_ws/src/base_urdf) by extension 'ros'
[0.092s] DEBUG:colcon.colcon_core.package_identification:Package 'robot/ros_ws/src/base_urdf' with type 'ros.ament_cmake' and name 'base_urdf'
[0.092s] Level 1:colcon.colcon_core.package_identification:_identify(robot/ros_ws/src/build) by extensions ['ignore', 'ignore_ament_install']
[0.092s] Level 1:colcon.colcon_core.package_identification:_identify(robot/ros_ws/src/build) by extension 'ignore'
[0.092s] Level 1:colcon.colcon_core.package_identification:_identify(robot/ros_ws/src/build) ignored
[0.092s] Level 1:colcon.colcon_core.package_identification:_identify(robot/ros_ws/src/common) by extensions ['ignore', 'ignore_ament_install']
[0.092s] Level 1:colcon.colcon_core.package_identification:_identify(robot/ros_ws/src/common) by extension 'ignore'
[0.092s] Level 1:colcon.colcon_core.package_identification:_identify(robot/ros_ws/src/common) by extension 'ignore_ament_install'
[0.092s] Level 1:colcon.colcon_core.package_identification:_identify(robot/ros_ws/src/common) by extensions ['colcon_pkg']
[0.092s] Level 1:colcon.colcon_core.package_identification:_identify(robot/ros_ws/src/common) by extension 'colcon_pkg'
[0.092s] Level 1:colcon.colcon_core.package_identification:_identify(robot/ros_ws/src/common) by extensions ['colcon_meta']
[0.092s] Level 1:colcon.colcon_core.package_identification:_identify(robot/ros_ws/src/common) by extension 'colcon_meta'
[0.092s] Level 1:colcon.colcon_core.package_identification:_identify(robot/ros_ws/src/common) by extensions ['ros']
[0.092s] Level 1:colcon.colcon_core.package_identification:_identify(robot/ros_ws/src/common) by extension 'ros'
[0.092s] Level 1:colcon.colcon_core.package_identification:_identify(robot/ros_ws/src/common) by extensions ['cmake', 'python']
[0.092s] Level 1:colcon.colcon_core.package_identification:_identify(robot/ros_ws/src/common) by extension 'cmake'
[0.092s] Level 1:colcon.colcon_core.package_identification:_identify(robot/ros_ws/src/common) by extension 'python'
[0.092s] Level 1:colcon.colcon_core.package_identification:_identify(robot/ros_ws/src/common) by extensions ['python_setup_py']
[0.092s] Level 1:colcon.colcon_core.package_identification:_identify(robot/ros_ws/src/common) by extension 'python_setup_py'
[0.092s] Level 1:colcon.colcon_core.package_identification:_identify(robot/ros_ws/src/install) by extensions ['ignore', 'ignore_ament_install']
[0.092s] Level 1:colcon.colcon_core.package_identification:_identify(robot/ros_ws/src/install) by extension 'ignore'
[0.092s] Level 1:colcon.colcon_core.package_identification:_identify(robot/ros_ws/src/install) ignored
[0.092s] Level 1:colcon.colcon_core.package_identification:_identify(robot/ros_ws/src/log) by extensions ['ignore', 'ignore_ament_install']
[0.092s] Level 1:colcon.colcon_core.package_identification:_identify(robot/ros_ws/src/log) by extension 'ignore'
[0.092s] Level 1:colcon.colcon_core.package_identification:_identify(robot/ros_ws/src/log) ignored
[0.092s] Level 1:colcon.colcon_core.package_identification:_identify(robot/ros_ws/src/logging) by extensions ['ignore', 'ignore_ament_install']
[0.092s] Level 1:colcon.colcon_core.package_identification:_identify(robot/ros_ws/src/logging) by extension 'ignore'
[0.092s] Level 1:colcon.colcon_core.package_identification:_identify(robot/ros_ws/src/logging) by extension 'ignore_ament_install'
[0.092s] Level 1:colcon.colcon_core.package_identification:_identify(robot/ros_ws/src/logging) by extensions ['colcon_pkg']
[0.092s] Level 1:colcon.colcon_core.package_identification:_identify(robot/ros_ws/src/logging) by extension 'colcon_pkg'
[0.092s] Level 1:colcon.colcon_core.package_identification:_identify(robot/ros_ws/src/logging) by extensions ['colcon_meta']
[0.092s] Level 1:colcon.colcon_core.package_identification:_identify(robot/ros_ws/src/logging) by extension 'colcon_meta'
[0.092s] Level 1:colcon.colcon_core.package_identification:_identify(robot/ros_ws/src/logging) by extensions ['ros']
[0.092s] Level 1:colcon.colcon_core.package_identification:_identify(robot/ros_ws/src/logging) by extension 'ros'
[0.092s] Level 1:colcon.colcon_core.package_identification:_identify(robot/ros_ws/src/logging) by extensions ['cmake', 'python']
[0.092s] Level 1:colcon.colcon_core.package_identification:_identify(robot/ros_ws/src/logging) by extension 'cmake'
[0.092s] Level 1:colcon.colcon_core.package_identification:_identify(robot/ros_ws/src/logging) by extension 'python'
[0.092s] Level 1:colcon.colcon_core.package_identification:_identify(robot/ros_ws/src/logging) by extensions ['python_setup_py']
[0.092s] Level 1:colcon.colcon_core.package_identification:_identify(robot/ros_ws/src/logging) by extension 'python_setup_py'
[0.092s] Level 1:colcon.colcon_core.package_identification:_identify(robot/ros_ws/src/logging/logging_bringup) by extensions ['ignore', 'ignore_ament_install']
[0.092s] Level 1:colcon.colcon_core.package_identification:_identify(robot/ros_ws/src/logging/logging_bringup) by extension 'ignore'
[0.093s] Level 1:colcon.colcon_core.package_identification:_identify(robot/ros_ws/src/logging/logging_bringup) by extension 'ignore_ament_install'
[0.093s] Level 1:colcon.colcon_core.package_identification:_identify(robot/ros_ws/src/logging/logging_bringup) by extensions ['colcon_pkg']
[0.093s] Level 1:colcon.colcon_core.package_identification:_identify(robot/ros_ws/src/logging/logging_bringup) by extension 'colcon_pkg'
[0.093s] Level 1:colcon.colcon_core.package_identification:_identify(robot/ros_ws/src/logging/logging_bringup) by extensions ['colcon_meta']
[0.093s] Level 1:colcon.colcon_core.package_identification:_identify(robot/ros_ws/src/logging/logging_bringup) by extension 'colcon_meta'
[0.093s] Level 1:colcon.colcon_core.package_identification:_identify(robot/ros_ws/src/logging/logging_bringup) by extensions ['ros']
[0.093s] Level 1:colcon.colcon_core.package_identification:_identify(robot/ros_ws/src/logging/logging_bringup) by extension 'ros'
[0.093s] DEBUG:colcon.colcon_core.package_identification:Package 'robot/ros_ws/src/logging/logging_bringup' with type 'ros.ament_cmake' and name 'logging_bringup'
[0.093s] Level 1:colcon.colcon_core.package_identification:_identify(robot/ros_ws/src/robot_bringup) by extensions ['ignore', 'ignore_ament_install']
[0.093s] Level 1:colcon.colcon_core.package_identification:_identify(robot/ros_ws/src/robot_bringup) by extension 'ignore'
[0.093s] Level 1:colcon.colcon_core.package_identification:_identify(robot/ros_ws/src/robot_bringup) by extension 'ignore_ament_install'
[0.093s] Level 1:colcon.colcon_core.package_identification:_identify(robot/ros_ws/src/robot_bringup) by extensions ['colcon_pkg']
[0.093s] Level 1:colcon.colcon_core.package_identification:_identify(robot/ros_ws/src/robot_bringup) by extension 'colcon_pkg'
[0.093s] Level 1:colcon.colcon_core.package_identification:_identify(robot/ros_ws/src/robot_bringup) by extensions ['colcon_meta']
[0.093s] Level 1:colcon.colcon_core.package_identification:_identify(robot/ros_ws/src/robot_bringup) by extension 'colcon_meta'
[0.093s] Level 1:colcon.colcon_core.package_identification:_identify(robot/ros_ws/src/robot_bringup) by extensions ['ros']
[0.093s] Level 1:colcon.colcon_core.package_identification:_identify(robot/ros_ws/src/robot_bringup) by extension 'ros'
[0.093s] DEBUG:colcon.colcon_core.package_identification:Package 'robot/ros_ws/src/robot_bringup' with type 'ros.ament_cmake' and name 'robot_bringup'
[0.093s] Level 1:colcon.colcon_core.package_identification:_identify(simulation) by extensions ['ignore', 'ignore_ament_install']
[0.093s] Level 1:colcon.colcon_core.package_identification:_identify(simulation) by extension 'ignore'
[0.093s] Level 1:colcon.colcon_core.package_identification:_identify(simulation) by extension 'ignore_ament_install'
[0.093s] Level 1:colcon.colcon_core.package_identification:_identify(simulation) by extensions ['colcon_pkg']
[0.093s] Level 1:colcon.colcon_core.package_identification:_identify(simulation) by extension 'colcon_pkg'
[0.093s] Level 1:colcon.colcon_core.package_identification:_identify(simulation) by extensions ['colcon_meta']
[0.093s] Level 1:colcon.colcon_core.package_identification:_identify(simulation) by extension 'colcon_meta'
[0.093s] Level 1:colcon.colcon_core.package_identification:_identify(simulation) by extensions ['ros']
[0.093s] Level 1:colcon.colcon_core.package_identification:_identify(simulation) by extension 'ros'
[0.093s] Level 1:colcon.colcon_core.package_identification:_identify(simulation) by extensions ['cmake', 'python']
[0.093s] Level 1:colcon.colcon_core.package_identification:_identify(simulation) by extension 'cmake'
[0.093s] Level 1:colcon.colcon_core.package_identification:_identify(simulation) by extension 'python'
[0.093s] Level 1:colcon.colcon_core.package_identification:_identify(simulation) by extensions ['python_setup_py']
[0.093s] Level 1:colcon.colcon_core.package_identification:_identify(simulation) by extension 'python_setup_py'
[0.093s] Level 1:colcon.colcon_core.package_identification:_identify(simulation/isaac-sim) by extensions ['ignore', 'ignore_ament_install']
[0.093s] Level 1:colcon.colcon_core.package_identification:_identify(simulation/isaac-sim) by extension 'ignore'
[0.093s] Level 1:colcon.colcon_core.package_identification:_identify(simulation/isaac-sim) by extension 'ignore_ament_install'
[0.093s] Level 1:colcon.colcon_core.package_identification:_identify(simulation/isaac-sim) by extensions ['colcon_pkg']
[0.093s] Level 1:colcon.colcon_core.package_identification:_identify(simulation/isaac-sim) by extension 'colcon_pkg'
[0.093s] Level 1:colcon.colcon_core.package_identification:_identify(simulation/isaac-sim) by extensions ['colcon_meta']
[0.093s] Level 1:colcon.colcon_core.package_identification:_identify(simulation/isaac-sim) by extension 'colcon_meta'
[0.093s] Level 1:colcon.colcon_core.package_identification:_identify(simulation/isaac-sim) by extensions ['ros']
[0.093s] Level 1:colcon.colcon_core.package_identification:_identify(simulation/isaac-sim) by extension 'ros'
[0.093s] Level 1:colcon.colcon_core.package_identification:_identify(simulation/isaac-sim) by extensions ['cmake', 'python']
[0.093s] Level 1:colcon.colcon_core.package_identification:_identify(simulation/isaac-sim) by extension 'cmake'
[0.093s] Level 1:colcon.colcon_core.package_identification:_identify(simulation/isaac-sim) by extension 'python'
[0.093s] Level 1:colcon.colcon_core.package_identification:_identify(simulation/isaac-sim) by extensions ['python_setup_py']
[0.093s] Level 1:colcon.colcon_core.package_identification:_identify(simulation/isaac-sim) by extension 'python_setup_py'
[0.093s] Level 1:colcon.colcon_core.package_identification:_identify(simulation/isaac-sim/Autolabv8.step_01) by extensions ['ignore', 'ignore_ament_install']
[0.094s] Level 1:colcon.colcon_core.package_identification:_identify(simulation/isaac-sim/Autolabv8.step_01) by extension 'ignore'
[0.094s] Level 1:colcon.colcon_core.package_identification:_identify(simulation/isaac-sim/Autolabv8.step_01) by extension 'ignore_ament_install'
[0.094s] Level 1:colcon.colcon_core.package_identification:_identify(simulation/isaac-sim/Autolabv8.step_01) by extensions ['colcon_pkg']
[0.094s] Level 1:colcon.colcon_core.package_identification:_identify(simulation/isaac-sim/Autolabv8.step_01) by extension 'colcon_pkg'
[0.094s] Level 1:colcon.colcon_core.package_identification:_identify(simulation/isaac-sim/Autolabv8.step_01) by extensions ['colcon_meta']
[0.094s] Level 1:colcon.colcon_core.package_identification:_identify(simulation/isaac-sim/Autolabv8.step_01) by extension 'colcon_meta'
[0.094s] Level 1:colcon.colcon_core.package_identification:_identify(simulation/isaac-sim/Autolabv8.step_01) by extensions ['ros']
[0.094s] Level 1:colcon.colcon_core.package_identification:_identify(simulation/isaac-sim/Autolabv8.step_01) by extension 'ros'
[0.094s] Level 1:colcon.colcon_core.package_identification:_identify(simulation/isaac-sim/Autolabv8.step_01) by extensions ['cmake', 'python']
[0.094s] Level 1:colcon.colcon_core.package_identification:_identify(simulation/isaac-sim/Autolabv8.step_01) by extension 'cmake'
[0.094s] Level 1:colcon.colcon_core.package_identification:_identify(simulation/isaac-sim/Autolabv8.step_01) by extension 'python'
[0.094s] Level 1:colcon.colcon_core.package_identification:_identify(simulation/isaac-sim/Autolabv8.step_01) by extensions ['python_setup_py']
[0.094s] Level 1:colcon.colcon_core.package_identification:_identify(simulation/isaac-sim/Autolabv8.step_01) by extension 'python_setup_py'
[0.094s] Level 1:colcon.colcon_core.package_identification:_identify(simulation/isaac-sim/Autolabv8.step_01/Materials) by extensions ['ignore', 'ignore_ament_install']
[0.094s] Level 1:colcon.colcon_core.package_identification:_identify(simulation/isaac-sim/Autolabv8.step_01/Materials) by extension 'ignore'
[0.094s] Level 1:colcon.colcon_core.package_identification:_identify(simulation/isaac-sim/Autolabv8.step_01/Materials) by extension 'ignore_ament_install'
[0.094s] Level 1:colcon.colcon_core.package_identification:_identify(simulation/isaac-sim/Autolabv8.step_01/Materials) by extensions ['colcon_pkg']
[0.094s] Level 1:colcon.colcon_core.package_identification:_identify(simulation/isaac-sim/Autolabv8.step_01/Materials) by extension 'colcon_pkg'
[0.094s] Level 1:colcon.colcon_core.package_identification:_identify(simulation/isaac-sim/Autolabv8.step_01/Materials) by extensions ['colcon_meta']
[0.094s] Level 1:colcon.colcon_core.package_identification:_identify(simulation/isaac-sim/Autolabv8.step_01/Materials) by extension 'colcon_meta'
[0.094s] Level 1:colcon.colcon_core.package_identification:_identify(simulation/isaac-sim/Autolabv8.step_01/Materials) by extensions ['ros']
[0.094s] Level 1:colcon.colcon_core.package_identification:_identify(simulation/isaac-sim/Autolabv8.step_01/Materials) by extension 'ros'
[0.094s] Level 1:colcon.colcon_core.package_identification:_identify(simulation/isaac-sim/Autolabv8.step_01/Materials) by extensions ['cmake', 'python']
[0.094s] Level 1:colcon.colcon_core.package_identification:_identify(simulation/isaac-sim/Autolabv8.step_01/Materials) by extension 'cmake'
[0.094s] Level 1:colcon.colcon_core.package_identification:_identify(simulation/isaac-sim/Autolabv8.step_01/Materials) by extension 'python'
[0.094s] Level 1:colcon.colcon_core.package_identification:_identify(simulation/isaac-sim/Autolabv8.step_01/Materials) by extensions ['python_setup_py']
[0.094s] Level 1:colcon.colcon_core.package_identification:_identify(simulation/isaac-sim/Autolabv8.step_01/Materials) by extension 'python_setup_py'
[0.094s] Level 1:colcon.colcon_core.package_identification:_identify(simulation/isaac-sim/Autolabv8.step_01/parts) by extensions ['ignore', 'ignore_ament_install']
[0.094s] Level 1:colcon.colcon_core.package_identification:_identify(simulation/isaac-sim/Autolabv8.step_01/parts) by extension 'ignore'
[0.094s] Level 1:colcon.colcon_core.package_identification:_identify(simulation/isaac-sim/Autolabv8.step_01/parts) by extension 'ignore_ament_install'
[0.094s] Level 1:colcon.colcon_core.package_identification:_identify(simulation/isaac-sim/Autolabv8.step_01/parts) by extensions ['colcon_pkg']
[0.094s] Level 1:colcon.colcon_core.package_identification:_identify(simulation/isaac-sim/Autolabv8.step_01/parts) by extension 'colcon_pkg'
[0.094s] Level 1:colcon.colcon_core.package_identification:_identify(simulation/isaac-sim/Autolabv8.step_01/parts) by extensions ['colcon_meta']
[0.094s] Level 1:colcon.colcon_core.package_identification:_identify(simulation/isaac-sim/Autolabv8.step_01/parts) by extension 'colcon_meta'
[0.094s] Level 1:colcon.colcon_core.package_identification:_identify(simulation/isaac-sim/Autolabv8.step_01/parts) by extensions ['ros']
[0.094s] Level 1:colcon.colcon_core.package_identification:_identify(simulation/isaac-sim/Autolabv8.step_01/parts) by extension 'ros'
[0.094s] Level 1:colcon.colcon_core.package_identification:_identify(simulation/isaac-sim/Autolabv8.step_01/parts) by extensions ['cmake', 'python']
[0.094s] Level 1:colcon.colcon_core.package_identification:_identify(simulation/isaac-sim/Autolabv8.step_01/parts) by extension 'cmake'
[0.094s] Level 1:colcon.colcon_core.package_identification:_identify(simulation/isaac-sim/Autolabv8.step_01/parts) by extension 'python'
[0.094s] Level 1:colcon.colcon_core.package_identification:_identify(simulation/isaac-sim/Autolabv8.step_01/parts) by extensions ['python_setup_py']
[0.094s] Level 1:colcon.colcon_core.package_identification:_identify(simulation/isaac-sim/Autolabv8.step_01/parts) by extension 'python_setup_py'
[0.094s] Level 1:colcon.colcon_core.package_identification:_identify(simulation/isaac-sim/config) by extensions ['ignore', 'ignore_ament_install']
[0.094s] Level 1:colcon.colcon_core.package_identification:_identify(simulation/isaac-sim/config) by extension 'ignore'
[0.094s] Level 1:colcon.colcon_core.package_identification:_identify(simulation/isaac-sim/config) by extension 'ignore_ament_install'
[0.094s] Level 1:colcon.colcon_core.package_identification:_identify(simulation/isaac-sim/config) by extensions ['colcon_pkg']
[0.094s] Level 1:colcon.colcon_core.package_identification:_identify(simulation/isaac-sim/config) by extension 'colcon_pkg'
[0.094s] Level 1:colcon.colcon_core.package_identification:_identify(simulation/isaac-sim/config) by extensions ['colcon_meta']
[0.094s] Level 1:colcon.colcon_core.package_identification:_identify(simulation/isaac-sim/config) by extension 'colcon_meta'
[0.094s] Level 1:colcon.colcon_core.package_identification:_identify(simulation/isaac-sim/config) by extensions ['ros']
[0.094s] Level 1:colcon.colcon_core.package_identification:_identify(simulation/isaac-sim/config) by extension 'ros'
[0.094s] Level 1:colcon.colcon_core.package_identification:_identify(simulation/isaac-sim/config) by extensions ['cmake', 'python']
[0.094s] Level 1:colcon.colcon_core.package_identification:_identify(simulation/isaac-sim/config) by extension 'cmake'
[0.094s] Level 1:colcon.colcon_core.package_identification:_identify(simulation/isaac-sim/config) by extension 'python'
[0.094s] Level 1:colcon.colcon_core.package_identification:_identify(simulation/isaac-sim/config) by extensions ['python_setup_py']
[0.094s] Level 1:colcon.colcon_core.package_identification:_identify(simulation/isaac-sim/config) by extension 'python_setup_py'
[0.094s] Level 1:colcon.colcon_core.package_identification:_identify(simulation/isaac-sim/configuration) by extensions ['ignore', 'ignore_ament_install']
[0.094s] Level 1:colcon.colcon_core.package_identification:_identify(simulation/isaac-sim/configuration) by extension 'ignore'
[0.094s] Level 1:colcon.colcon_core.package_identification:_identify(simulation/isaac-sim/configuration) by extension 'ignore_ament_install'
[0.094s] Level 1:colcon.colcon_core.package_identification:_identify(simulation/isaac-sim/configuration) by extensions ['colcon_pkg']
[0.094s] Level 1:colcon.colcon_core.package_identification:_identify(simulation/isaac-sim/configuration) by extension 'colcon_pkg'
[0.094s] Level 1:colcon.colcon_core.package_identification:_identify(simulation/isaac-sim/configuration) by extensions ['colcon_meta']
[0.094s] Level 1:colcon.colcon_core.package_identification:_identify(simulation/isaac-sim/configuration) by extension 'colcon_meta'
[0.094s] Level 1:colcon.colcon_core.package_identification:_identify(simulation/isaac-sim/configuration) by extensions ['ros']
[0.094s] Level 1:colcon.colcon_core.package_identification:_identify(simulation/isaac-sim/configuration) by extension 'ros'
[0.094s] Level 1:colcon.colcon_core.package_identification:_identify(simulation/isaac-sim/configuration) by extensions ['cmake', 'python']
[0.094s] Level 1:colcon.colcon_core.package_identification:_identify(simulation/isaac-sim/configuration) by extension 'cmake'
[0.094s] Level 1:colcon.colcon_core.package_identification:_identify(simulation/isaac-sim/configuration) by extension 'python'
[0.094s] Level 1:colcon.colcon_core.package_identification:_identify(simulation/isaac-sim/configuration) by extensions ['python_setup_py']
[0.094s] Level 1:colcon.colcon_core.package_identification:_identify(simulation/isaac-sim/configuration) by extension 'python_setup_py'
[0.094s] Level 1:colcon.colcon_core.package_identification:_identify(simulation/isaac-sim/docker) by extensions ['ignore', 'ignore_ament_install']
[0.094s] Level 1:colcon.colcon_core.package_identification:_identify(simulation/isaac-sim/docker) by extension 'ignore'
[0.095s] Level 1:colcon.colcon_core.package_identification:_identify(simulation/isaac-sim/docker) by extension 'ignore_ament_install'
[0.095s] Level 1:colcon.colcon_core.package_identification:_identify(simulation/isaac-sim/docker) by extensions ['colcon_pkg']
[0.095s] Level 1:colcon.colcon_core.package_identification:_identify(simulation/isaac-sim/docker) by extension 'colcon_pkg'
[0.095s] Level 1:colcon.colcon_core.package_identification:_identify(simulation/isaac-sim/docker) by extensions ['colcon_meta']
[0.095s] Level 1:colcon.colcon_core.package_identification:_identify(simulation/isaac-sim/docker) by extension 'colcon_meta'
[0.095s] Level 1:colcon.colcon_core.package_identification:_identify(simulation/isaac-sim/docker) by extensions ['ros']
[0.095s] Level 1:colcon.colcon_core.package_identification:_identify(simulation/isaac-sim/docker) by extension 'ros'
[0.095s] Level 1:colcon.colcon_core.package_identification:_identify(simulation/isaac-sim/docker) by extensions ['cmake', 'python']
[0.095s] Level 1:colcon.colcon_core.package_identification:_identify(simulation/isaac-sim/docker) by extension 'cmake'
[0.095s] Level 1:colcon.colcon_core.package_identification:_identify(simulation/isaac-sim/docker) by extension 'python'
[0.095s] Level 1:colcon.colcon_core.package_identification:_identify(simulation/isaac-sim/docker) by extensions ['python_setup_py']
[0.095s] Level 1:colcon.colcon_core.package_identification:_identify(simulation/isaac-sim/docker) by extension 'python_setup_py'
[0.095s] Level 1:colcon.colcon_core.package_identification:_identify(simulation/isaac-sim/docker/ui.py) by extensions ['ignore', 'ignore_ament_install']
[0.095s] Level 1:colcon.colcon_core.package_identification:_identify(simulation/isaac-sim/docker/ui.py) by extension 'ignore'
[0.095s] Level 1:colcon.colcon_core.package_identification:_identify(simulation/isaac-sim/docker/ui.py) by extension 'ignore_ament_install'
[0.095s] Level 1:colcon.colcon_core.package_identification:_identify(simulation/isaac-sim/docker/ui.py) by extensions ['colcon_pkg']
[0.095s] Level 1:colcon.colcon_core.package_identification:_identify(simulation/isaac-sim/docker/ui.py) by extension 'colcon_pkg'
[0.095s] Level 1:colcon.colcon_core.package_identification:_identify(simulation/isaac-sim/docker/ui.py) by extensions ['colcon_meta']
[0.095s] Level 1:colcon.colcon_core.package_identification:_identify(simulation/isaac-sim/docker/ui.py) by extension 'colcon_meta'
[0.095s] Level 1:colcon.colcon_core.package_identification:_identify(simulation/isaac-sim/docker/ui.py) by extensions ['ros']
[0.095s] Level 1:colcon.colcon_core.package_identification:_identify(simulation/isaac-sim/docker/ui.py) by extension 'ros'
[0.095s] Level 1:colcon.colcon_core.package_identification:_identify(simulation/isaac-sim/docker/ui.py) by extensions ['cmake', 'python']
[0.095s] Level 1:colcon.colcon_core.package_identification:_identify(simulation/isaac-sim/docker/ui.py) by extension 'cmake'
[0.095s] Level 1:colcon.colcon_core.package_identification:_identify(simulation/isaac-sim/docker/ui.py) by extension 'python'
[0.095s] Level 1:colcon.colcon_core.package_identification:_identify(simulation/isaac-sim/docker/ui.py) by extensions ['python_setup_py']
[0.095s] Level 1:colcon.colcon_core.package_identification:_identify(simulation/isaac-sim/docker/ui.py) by extension 'python_setup_py'
[0.095s] Level 1:colcon.colcon_core.package_identification:_identify(simulation/isaac-sim/docker/user.config.json) by extensions ['ignore', 'ignore_ament_install']
[0.095s] Level 1:colcon.colcon_core.package_identification:_identify(simulation/isaac-sim/docker/user.config.json) by extension 'ignore'
[0.095s] Level 1:colcon.colcon_core.package_identification:_identify(simulation/isaac-sim/docker/user.config.json) by extension 'ignore_ament_install'
[0.095s] Level 1:colcon.colcon_core.package_identification:_identify(simulation/isaac-sim/docker/user.config.json) by extensions ['colcon_pkg']
[0.095s] Level 1:colcon.colcon_core.package_identification:_identify(simulation/isaac-sim/docker/user.config.json) by extension 'colcon_pkg'
[0.095s] Level 1:colcon.colcon_core.package_identification:_identify(simulation/isaac-sim/docker/user.config.json) by extensions ['colcon_meta']
[0.095s] Level 1:colcon.colcon_core.package_identification:_identify(simulation/isaac-sim/docker/user.config.json) by extension 'colcon_meta'
[0.095s] Level 1:colcon.colcon_core.package_identification:_identify(simulation/isaac-sim/docker/user.config.json) by extensions ['ros']
[0.095s] Level 1:colcon.colcon_core.package_identification:_identify(simulation/isaac-sim/docker/user.config.json) by extension 'ros'
[0.095s] Level 1:colcon.colcon_core.package_identification:_identify(simulation/isaac-sim/docker/user.config.json) by extensions ['cmake', 'python']
[0.095s] Level 1:colcon.colcon_core.package_identification:_identify(simulation/isaac-sim/docker/user.config.json) by extension 'cmake'
[0.095s] Level 1:colcon.colcon_core.package_identification:_identify(simulation/isaac-sim/docker/user.config.json) by extension 'python'
[0.095s] Level 1:colcon.colcon_core.package_identification:_identify(simulation/isaac-sim/docker/user.config.json) by extensions ['python_setup_py']
[0.095s] Level 1:colcon.colcon_core.package_identification:_identify(simulation/isaac-sim/docker/user.config.json) by extension 'python_setup_py'
[0.095s] Level 1:colcon.colcon_core.package_identification:_identify(simulation/isaac-sim/exts) by extensions ['ignore', 'ignore_ament_install']
[0.095s] Level 1:colcon.colcon_core.package_identification:_identify(simulation/isaac-sim/exts) by extension 'ignore'
[0.095s] Level 1:colcon.colcon_core.package_identification:_identify(simulation/isaac-sim/exts) by extension 'ignore_ament_install'
[0.095s] Level 1:colcon.colcon_core.package_identification:_identify(simulation/isaac-sim/exts) by extensions ['colcon_pkg']
[0.095s] Level 1:colcon.colcon_core.package_identification:_identify(simulation/isaac-sim/exts) by extension 'colcon_pkg'
[0.095s] Level 1:colcon.colcon_core.package_identification:_identify(simulation/isaac-sim/exts) by extensions ['colcon_meta']
[0.095s] Level 1:colcon.colcon_core.package_identification:_identify(simulation/isaac-sim/exts) by extension 'colcon_meta'
[0.095s] Level 1:colcon.colcon_core.package_identification:_identify(simulation/isaac-sim/exts) by extensions ['ros']
[0.095s] Level 1:colcon.colcon_core.package_identification:_identify(simulation/isaac-sim/exts) by extension 'ros'
[0.095s] Level 1:colcon.colcon_core.package_identification:_identify(simulation/isaac-sim/exts) by extensions ['cmake', 'python']
[0.095s] Level 1:colcon.colcon_core.package_identification:_identify(simulation/isaac-sim/exts) by extension 'cmake'
[0.095s] Level 1:colcon.colcon_core.package_identification:_identify(simulation/isaac-sim/exts) by extension 'python'
[0.095s] Level 1:colcon.colcon_core.package_identification:_identify(simulation/isaac-sim/exts) by extensions ['python_setup_py']
[0.095s] Level 1:colcon.colcon_core.package_identification:_identify(simulation/isaac-sim/exts) by extension 'python_setup_py'
[0.095s] Level 1:colcon.colcon_core.package_identification:_identify(simulation/isaac-sim/exts/sl.sensor.camera) by extensions ['ignore', 'ignore_ament_install']
[0.095s] Level 1:colcon.colcon_core.package_identification:_identify(simulation/isaac-sim/exts/sl.sensor.camera) by extension 'ignore'
[0.095s] Level 1:colcon.colcon_core.package_identification:_identify(simulation/isaac-sim/exts/sl.sensor.camera) by extension 'ignore_ament_install'
[0.095s] Level 1:colcon.colcon_core.package_identification:_identify(simulation/isaac-sim/exts/sl.sensor.camera) by extensions ['colcon_pkg']
[0.095s] Level 1:colcon.colcon_core.package_identification:_identify(simulation/isaac-sim/exts/sl.sensor.camera) by extension 'colcon_pkg'
[0.095s] Level 1:colcon.colcon_core.package_identification:_identify(simulation/isaac-sim/exts/sl.sensor.camera) by extensions ['colcon_meta']
[0.095s] Level 1:colcon.colcon_core.package_identification:_identify(simulation/isaac-sim/exts/sl.sensor.camera) by extension 'colcon_meta'
[0.095s] Level 1:colcon.colcon_core.package_identification:_identify(simulation/isaac-sim/exts/sl.sensor.camera) by extensions ['ros']
[0.095s] Level 1:colcon.colcon_core.package_identification:_identify(simulation/isaac-sim/exts/sl.sensor.camera) by extension 'ros'
[0.095s] Level 1:colcon.colcon_core.package_identification:_identify(simulation/isaac-sim/exts/sl.sensor.camera) by extensions ['cmake', 'python']
[0.095s] Level 1:colcon.colcon_core.package_identification:_identify(simulation/isaac-sim/exts/sl.sensor.camera) by extension 'cmake'
[0.095s] Level 1:colcon.colcon_core.package_identification:_identify(simulation/isaac-sim/exts/sl.sensor.camera) by extension 'python'
[0.095s] Level 1:colcon.colcon_core.package_identification:_identify(simulation/isaac-sim/exts/sl.sensor.camera) by extensions ['python_setup_py']
[0.095s] Level 1:colcon.colcon_core.package_identification:_identify(simulation/isaac-sim/exts/sl.sensor.camera) by extension 'python_setup_py'
[0.095s] Level 1:colcon.colcon_core.package_identification:_identify(simulation/isaac-sim/exts/sl.sensor.camera/config) by extensions ['ignore', 'ignore_ament_install']
[0.095s] Level 1:colcon.colcon_core.package_identification:_identify(simulation/isaac-sim/exts/sl.sensor.camera/config) by extension 'ignore'
[0.095s] Level 1:colcon.colcon_core.package_identification:_identify(simulation/isaac-sim/exts/sl.sensor.camera/config) by extension 'ignore_ament_install'
[0.095s] Level 1:colcon.colcon_core.package_identification:_identify(simulation/isaac-sim/exts/sl.sensor.camera/config) by extensions ['colcon_pkg']
[0.095s] Level 1:colcon.colcon_core.package_identification:_identify(simulation/isaac-sim/exts/sl.sensor.camera/config) by extension 'colcon_pkg'
[0.095s] Level 1:colcon.colcon_core.package_identification:_identify(simulation/isaac-sim/exts/sl.sensor.camera/config) by extensions ['colcon_meta']
[0.095s] Level 1:colcon.colcon_core.package_identification:_identify(simulation/isaac-sim/exts/sl.sensor.camera/config) by extension 'colcon_meta'
[0.095s] Level 1:colcon.colcon_core.package_identification:_identify(simulation/isaac-sim/exts/sl.sensor.camera/config) by extensions ['ros']
[0.095s] Level 1:colcon.colcon_core.package_identification:_identify(simulation/isaac-sim/exts/sl.sensor.camera/config) by extension 'ros'
[0.095s] Level 1:colcon.colcon_core.package_identification:_identify(simulation/isaac-sim/exts/sl.sensor.camera/config) by extensions ['cmake', 'python']
[0.095s] Level 1:colcon.colcon_core.package_identification:_identify(simulation/isaac-sim/exts/sl.sensor.camera/config) by extension 'cmake'
[0.095s] Level 1:colcon.colcon_core.package_identification:_identify(simulation/isaac-sim/exts/sl.sensor.camera/config) by extension 'python'
[0.095s] Level 1:colcon.colcon_core.package_identification:_identify(simulation/isaac-sim/exts/sl.sensor.camera/config) by extensions ['python_setup_py']
[0.096s] Level 1:colcon.colcon_core.package_identification:_identify(simulation/isaac-sim/exts/sl.sensor.camera/config) by extension 'python_setup_py'
[0.096s] Level 1:colcon.colcon_core.package_identification:_identify(simulation/isaac-sim/exts/sl.sensor.camera/data) by extensions ['ignore', 'ignore_ament_install']
[0.096s] Level 1:colcon.colcon_core.package_identification:_identify(simulation/isaac-sim/exts/sl.sensor.camera/data) by extension 'ignore'
[0.096s] Level 1:colcon.colcon_core.package_identification:_identify(simulation/isaac-sim/exts/sl.sensor.camera/data) by extension 'ignore_ament_install'
[0.096s] Level 1:colcon.colcon_core.package_identification:_identify(simulation/isaac-sim/exts/sl.sensor.camera/data) by extensions ['colcon_pkg']
[0.096s] Level 1:colcon.colcon_core.package_identification:_identify(simulation/isaac-sim/exts/sl.sensor.camera/data) by extension 'colcon_pkg'
[0.096s] Level 1:colcon.colcon_core.package_identification:_identify(simulation/isaac-sim/exts/sl.sensor.camera/data) by extensions ['colcon_meta']
[0.096s] Level 1:colcon.colcon_core.package_identification:_identify(simulation/isaac-sim/exts/sl.sensor.camera/data) by extension 'colcon_meta'
[0.096s] Level 1:colcon.colcon_core.package_identification:_identify(simulation/isaac-sim/exts/sl.sensor.camera/data) by extensions ['ros']
[0.096s] Level 1:colcon.colcon_core.package_identification:_identify(simulation/isaac-sim/exts/sl.sensor.camera/data) by extension 'ros'
[0.096s] Level 1:colcon.colcon_core.package_identification:_identify(simulation/isaac-sim/exts/sl.sensor.camera/data) by extensions ['cmake', 'python']
[0.096s] Level 1:colcon.colcon_core.package_identification:_identify(simulation/isaac-sim/exts/sl.sensor.camera/data) by extension 'cmake'
[0.096s] Level 1:colcon.colcon_core.package_identification:_identify(simulation/isaac-sim/exts/sl.sensor.camera/data) by extension 'python'
[0.096s] Level 1:colcon.colcon_core.package_identification:_identify(simulation/isaac-sim/exts/sl.sensor.camera/data) by extensions ['python_setup_py']
[0.096s] Level 1:colcon.colcon_core.package_identification:_identify(simulation/isaac-sim/exts/sl.sensor.camera/data) by extension 'python_setup_py'
[0.096s] Level 1:colcon.colcon_core.package_identification:_identify(simulation/isaac-sim/exts/sl.sensor.camera/docs) by extensions ['ignore', 'ignore_ament_install']
[0.096s] Level 1:colcon.colcon_core.package_identification:_identify(simulation/isaac-sim/exts/sl.sensor.camera/docs) by extension 'ignore'
[0.096s] Level 1:colcon.colcon_core.package_identification:_identify(simulation/isaac-sim/exts/sl.sensor.camera/docs) by extension 'ignore_ament_install'
[0.096s] Level 1:colcon.colcon_core.package_identification:_identify(simulation/isaac-sim/exts/sl.sensor.camera/docs) by extensions ['colcon_pkg']
[0.096s] Level 1:colcon.colcon_core.package_identification:_identify(simulation/isaac-sim/exts/sl.sensor.camera/docs) by extension 'colcon_pkg'
[0.096s] Level 1:colcon.colcon_core.package_identification:_identify(simulation/isaac-sim/exts/sl.sensor.camera/docs) by extensions ['colcon_meta']
[0.096s] Level 1:colcon.colcon_core.package_identification:_identify(simulation/isaac-sim/exts/sl.sensor.camera/docs) by extension 'colcon_meta'
[0.096s] Level 1:colcon.colcon_core.package_identification:_identify(simulation/isaac-sim/exts/sl.sensor.camera/docs) by extensions ['ros']
[0.096s] Level 1:colcon.colcon_core.package_identification:_identify(simulation/isaac-sim/exts/sl.sensor.camera/docs) by extension 'ros'
[0.096s] Level 1:colcon.colcon_core.package_identification:_identify(simulation/isaac-sim/exts/sl.sensor.camera/docs) by extensions ['cmake', 'python']
[0.096s] Level 1:colcon.colcon_core.package_identification:_identify(simulation/isaac-sim/exts/sl.sensor.camera/docs) by extension 'cmake'
[0.096s] Level 1:colcon.colcon_core.package_identification:_identify(simulation/isaac-sim/exts/sl.sensor.camera/docs) by extension 'python'
[0.096s] Level 1:colcon.colcon_core.package_identification:_identify(simulation/isaac-sim/exts/sl.sensor.camera/docs) by extensions ['python_setup_py']
[0.096s] Level 1:colcon.colcon_core.package_identification:_identify(simulation/isaac-sim/exts/sl.sensor.camera/docs) by extension 'python_setup_py'
[0.096s] Level 1:colcon.colcon_core.package_identification:_identify(simulation/isaac-sim/exts/sl.sensor.camera/sl) by extensions ['ignore', 'ignore_ament_install']
[0.096s] Level 1:colcon.colcon_core.package_identification:_identify(simulation/isaac-sim/exts/sl.sensor.camera/sl) by extension 'ignore'
[0.096s] Level 1:colcon.colcon_core.package_identification:_identify(simulation/isaac-sim/exts/sl.sensor.camera/sl) by extension 'ignore_ament_install'
[0.096s] Level 1:colcon.colcon_core.package_identification:_identify(simulation/isaac-sim/exts/sl.sensor.camera/sl) by extensions ['colcon_pkg']
[0.096s] Level 1:colcon.colcon_core.package_identification:_identify(simulation/isaac-sim/exts/sl.sensor.camera/sl) by extension 'colcon_pkg'
[0.096s] Level 1:colcon.colcon_core.package_identification:_identify(simulation/isaac-sim/exts/sl.sensor.camera/sl) by extensions ['colcon_meta']
[0.096s] Level 1:colcon.colcon_core.package_identification:_identify(simulation/isaac-sim/exts/sl.sensor.camera/sl) by extension 'colcon_meta'
[0.096s] Level 1:colcon.colcon_core.package_identification:_identify(simulation/isaac-sim/exts/sl.sensor.camera/sl) by extensions ['ros']
[0.096s] Level 1:colcon.colcon_core.package_identification:_identify(simulation/isaac-sim/exts/sl.sensor.camera/sl) by extension 'ros'
[0.096s] Level 1:colcon.colcon_core.package_identification:_identify(simulation/isaac-sim/exts/sl.sensor.camera/sl) by extensions ['cmake', 'python']
[0.096s] Level 1:colcon.colcon_core.package_identification:_identify(simulation/isaac-sim/exts/sl.sensor.camera/sl) by extension 'cmake'
[0.096s] Level 1:colcon.colcon_core.package_identification:_identify(simulation/isaac-sim/exts/sl.sensor.camera/sl) by extension 'python'
[0.096s] Level 1:colcon.colcon_core.package_identification:_identify(simulation/isaac-sim/exts/sl.sensor.camera/sl) by extensions ['python_setup_py']
[0.096s] Level 1:colcon.colcon_core.package_identification:_identify(simulation/isaac-sim/exts/sl.sensor.camera/sl) by extension 'python_setup_py'
[0.096s] Level 1:colcon.colcon_core.package_identification:_identify(simulation/isaac-sim/exts/sl.sensor.camera/sl/sensor) by extensions ['ignore', 'ignore_ament_install']
[0.096s] Level 1:colcon.colcon_core.package_identification:_identify(simulation/isaac-sim/exts/sl.sensor.camera/sl/sensor) by extension 'ignore'
[0.096s] Level 1:colcon.colcon_core.package_identification:_identify(simulation/isaac-sim/exts/sl.sensor.camera/sl/sensor) by extension 'ignore_ament_install'
[0.096s] Level 1:colcon.colcon_core.package_identification:_identify(simulation/isaac-sim/exts/sl.sensor.camera/sl/sensor) by extensions ['colcon_pkg']
[0.096s] Level 1:colcon.colcon_core.package_identification:_identify(simulation/isaac-sim/exts/sl.sensor.camera/sl/sensor) by extension 'colcon_pkg'
[0.096s] Level 1:colcon.colcon_core.package_identification:_identify(simulation/isaac-sim/exts/sl.sensor.camera/sl/sensor) by extensions ['colcon_meta']
[0.096s] Level 1:colcon.colcon_core.package_identification:_identify(simulation/isaac-sim/exts/sl.sensor.camera/sl/sensor) by extension 'colcon_meta'
[0.096s] Level 1:colcon.colcon_core.package_identification:_identify(simulation/isaac-sim/exts/sl.sensor.camera/sl/sensor) by extensions ['ros']
[0.096s] Level 1:colcon.colcon_core.package_identification:_identify(simulation/isaac-sim/exts/sl.sensor.camera/sl/sensor) by extension 'ros'
[0.096s] Level 1:colcon.colcon_core.package_identification:_identify(simulation/isaac-sim/exts/sl.sensor.camera/sl/sensor) by extensions ['cmake', 'python']
[0.096s] Level 1:colcon.colcon_core.package_identification:_identify(simulation/isaac-sim/exts/sl.sensor.camera/sl/sensor) by extension 'cmake'
[0.096s] Level 1:colcon.colcon_core.package_identification:_identify(simulation/isaac-sim/exts/sl.sensor.camera/sl/sensor) by extension 'python'
[0.096s] Level 1:colcon.colcon_core.package_identification:_identify(simulation/isaac-sim/exts/sl.sensor.camera/sl/sensor) by extensions ['python_setup_py']
[0.096s] Level 1:colcon.colcon_core.package_identification:_identify(simulation/isaac-sim/exts/sl.sensor.camera/sl/sensor) by extension 'python_setup_py'
[0.096s] Level 1:colcon.colcon_core.package_identification:_identify(simulation/isaac-sim/exts/sl.sensor.camera/sl/sensor/camera) by extensions ['ignore', 'ignore_ament_install']
[0.096s] Level 1:colcon.colcon_core.package_identification:_identify(simulation/isaac-sim/exts/sl.sensor.camera/sl/sensor/camera) by extension 'ignore'
[0.096s] Level 1:colcon.colcon_core.package_identification:_identify(simulation/isaac-sim/exts/sl.sensor.camera/sl/sensor/camera) by extension 'ignore_ament_install'
[0.096s] Level 1:colcon.colcon_core.package_identification:_identify(simulation/isaac-sim/exts/sl.sensor.camera/sl/sensor/camera) by extensions ['colcon_pkg']
[0.096s] Level 1:colcon.colcon_core.package_identification:_identify(simulation/isaac-sim/exts/sl.sensor.camera/sl/sensor/camera) by extension 'colcon_pkg'
[0.096s] Level 1:colcon.colcon_core.package_identification:_identify(simulation/isaac-sim/exts/sl.sensor.camera/sl/sensor/camera) by extensions ['colcon_meta']
[0.096s] Level 1:colcon.colcon_core.package_identification:_identify(simulation/isaac-sim/exts/sl.sensor.camera/sl/sensor/camera) by extension 'colcon_meta'
[0.096s] Level 1:colcon.colcon_core.package_identification:_identify(simulation/isaac-sim/exts/sl.sensor.camera/sl/sensor/camera) by extensions ['ros']
[0.096s] Level 1:colcon.colcon_core.package_identification:_identify(simulation/isaac-sim/exts/sl.sensor.camera/sl/sensor/camera) by extension 'ros'
[0.096s] Level 1:colcon.colcon_core.package_identification:_identify(simulation/isaac-sim/exts/sl.sensor.camera/sl/sensor/camera) by extensions ['cmake', 'python']
[0.096s] Level 1:colcon.colcon_core.package_identification:_identify(simulation/isaac-sim/exts/sl.sensor.camera/sl/sensor/camera) by extension 'cmake'
[0.096s] Level 1:colcon.colcon_core.package_identification:_identify(simulation/isaac-sim/exts/sl.sensor.camera/sl/sensor/camera) by extension 'python'
[0.096s] Level 1:colcon.colcon_core.package_identification:_identify(simulation/isaac-sim/exts/sl.sensor.camera/sl/sensor/camera) by extensions ['python_setup_py']
[0.096s] Level 1:colcon.colcon_core.package_identification:_identify(simulation/isaac-sim/exts/sl.sensor.camera/sl/sensor/camera) by extension 'python_setup_py'
[0.096s] Level 1:colcon.colcon_core.package_identification:_identify(simulation/isaac-sim/exts/sl.sensor.camera/sl/sensor/camera/nodes) by extensions ['ignore', 'ignore_ament_install']
[0.096s] Level 1:colcon.colcon_core.package_identification:_identify(simulation/isaac-sim/exts/sl.sensor.camera/sl/sensor/camera/nodes) by extension 'ignore'
[0.096s] Level 1:colcon.colcon_core.package_identification:_identify(simulation/isaac-sim/exts/sl.sensor.camera/sl/sensor/camera/nodes) by extension 'ignore_ament_install'
[0.097s] Level 1:colcon.colcon_core.package_identification:_identify(simulation/isaac-sim/exts/sl.sensor.camera/sl/sensor/camera/nodes) by extensions ['colcon_pkg']
[0.097s] Level 1:colcon.colcon_core.package_identification:_identify(simulation/isaac-sim/exts/sl.sensor.camera/sl/sensor/camera/nodes) by extension 'colcon_pkg'
[0.097s] Level 1:colcon.colcon_core.package_identification:_identify(simulation/isaac-sim/exts/sl.sensor.camera/sl/sensor/camera/nodes) by extensions ['colcon_meta']
[0.097s] Level 1:colcon.colcon_core.package_identification:_identify(simulation/isaac-sim/exts/sl.sensor.camera/sl/sensor/camera/nodes) by extension 'colcon_meta'
[0.097s] Level 1:colcon.colcon_core.package_identification:_identify(simulation/isaac-sim/exts/sl.sensor.camera/sl/sensor/camera/nodes) by extensions ['ros']
[0.097s] Level 1:colcon.colcon_core.package_identification:_identify(simulation/isaac-sim/exts/sl.sensor.camera/sl/sensor/camera/nodes) by extension 'ros'
[0.097s] Level 1:colcon.colcon_core.package_identification:_identify(simulation/isaac-sim/exts/sl.sensor.camera/sl/sensor/camera/nodes) by extensions ['cmake', 'python']
[0.097s] Level 1:colcon.colcon_core.package_identification:_identify(simulation/isaac-sim/exts/sl.sensor.camera/sl/sensor/camera/nodes) by extension 'cmake'
[0.097s] Level 1:colcon.colcon_core.package_identification:_identify(simulation/isaac-sim/exts/sl.sensor.camera/sl/sensor/camera/nodes) by extension 'python'
[0.097s] Level 1:colcon.colcon_core.package_identification:_identify(simulation/isaac-sim/exts/sl.sensor.camera/sl/sensor/camera/nodes) by extensions ['python_setup_py']
[0.097s] Level 1:colcon.colcon_core.package_identification:_identify(simulation/isaac-sim/exts/sl.sensor.camera/sl/sensor/camera/nodes) by extension 'python_setup_py'
[0.097s] Level 1:colcon.colcon_core.package_identification:_identify(simulation/isaac-sim/exts/sl.sensor.camera/sl/sensor/camera/ogn) by extensions ['ignore', 'ignore_ament_install']
[0.097s] Level 1:colcon.colcon_core.package_identification:_identify(simulation/isaac-sim/exts/sl.sensor.camera/sl/sensor/camera/ogn) by extension 'ignore'
[0.097s] Level 1:colcon.colcon_core.package_identification:_identify(simulation/isaac-sim/exts/sl.sensor.camera/sl/sensor/camera/ogn) by extension 'ignore_ament_install'
[0.097s] Level 1:colcon.colcon_core.package_identification:_identify(simulation/isaac-sim/exts/sl.sensor.camera/sl/sensor/camera/ogn) by extensions ['colcon_pkg']
[0.097s] Level 1:colcon.colcon_core.package_identification:_identify(simulation/isaac-sim/exts/sl.sensor.camera/sl/sensor/camera/ogn) by extension 'colcon_pkg'
[0.097s] Level 1:colcon.colcon_core.package_identification:_identify(simulation/isaac-sim/exts/sl.sensor.camera/sl/sensor/camera/ogn) by extensions ['colcon_meta']
[0.097s] Level 1:colcon.colcon_core.package_identification:_identify(simulation/isaac-sim/exts/sl.sensor.camera/sl/sensor/camera/ogn) by extension 'colcon_meta'
[0.097s] Level 1:colcon.colcon_core.package_identification:_identify(simulation/isaac-sim/exts/sl.sensor.camera/sl/sensor/camera/ogn) by extensions ['ros']
[0.097s] Level 1:colcon.colcon_core.package_identification:_identify(simulation/isaac-sim/exts/sl.sensor.camera/sl/sensor/camera/ogn) by extension 'ros'
[0.097s] Level 1:colcon.colcon_core.package_identification:_identify(simulation/isaac-sim/exts/sl.sensor.camera/sl/sensor/camera/ogn) by extensions ['cmake', 'python']
[0.097s] Level 1:colcon.colcon_core.package_identification:_identify(simulation/isaac-sim/exts/sl.sensor.camera/sl/sensor/camera/ogn) by extension 'cmake'
[0.097s] Level 1:colcon.colcon_core.package_identification:_identify(simulation/isaac-sim/exts/sl.sensor.camera/sl/sensor/camera/ogn) by extension 'python'
[0.097s] Level 1:colcon.colcon_core.package_identification:_identify(simulation/isaac-sim/exts/sl.sensor.camera/sl/sensor/camera/ogn) by extensions ['python_setup_py']
[0.097s] Level 1:colcon.colcon_core.package_identification:_identify(simulation/isaac-sim/exts/sl.sensor.camera/sl/sensor/camera/ogn) by extension 'python_setup_py'
[0.097s] Level 1:colcon.colcon_core.package_identification:_identify(simulation/isaac-sim/exts/sl.sensor.camera/sl/sensor/camera/ogn/docs) by extensions ['ignore', 'ignore_ament_install']
[0.097s] Level 1:colcon.colcon_core.package_identification:_identify(simulation/isaac-sim/exts/sl.sensor.camera/sl/sensor/camera/ogn/docs) by extension 'ignore'
[0.097s] Level 1:colcon.colcon_core.package_identification:_identify(simulation/isaac-sim/exts/sl.sensor.camera/sl/sensor/camera/ogn/docs) by extension 'ignore_ament_install'
[0.097s] Level 1:colcon.colcon_core.package_identification:_identify(simulation/isaac-sim/exts/sl.sensor.camera/sl/sensor/camera/ogn/docs) by extensions ['colcon_pkg']
[0.097s] Level 1:colcon.colcon_core.package_identification:_identify(simulation/isaac-sim/exts/sl.sensor.camera/sl/sensor/camera/ogn/docs) by extension 'colcon_pkg'
[0.097s] Level 1:colcon.colcon_core.package_identification:_identify(simulation/isaac-sim/exts/sl.sensor.camera/sl/sensor/camera/ogn/docs) by extensions ['colcon_meta']
[0.097s] Level 1:colcon.colcon_core.package_identification:_identify(simulation/isaac-sim/exts/sl.sensor.camera/sl/sensor/camera/ogn/docs) by extension 'colcon_meta'
[0.097s] Level 1:colcon.colcon_core.package_identification:_identify(simulation/isaac-sim/exts/sl.sensor.camera/sl/sensor/camera/ogn/docs) by extensions ['ros']
[0.097s] Level 1:colcon.colcon_core.package_identification:_identify(simulation/isaac-sim/exts/sl.sensor.camera/sl/sensor/camera/ogn/docs) by extension 'ros'
[0.097s] Level 1:colcon.colcon_core.package_identification:_identify(simulation/isaac-sim/exts/sl.sensor.camera/sl/sensor/camera/ogn/docs) by extensions ['cmake', 'python']
[0.097s] Level 1:colcon.colcon_core.package_identification:_identify(simulation/isaac-sim/exts/sl.sensor.camera/sl/sensor/camera/ogn/docs) by extension 'cmake'
[0.097s] Level 1:colcon.colcon_core.package_identification:_identify(simulation/isaac-sim/exts/sl.sensor.camera/sl/sensor/camera/ogn/docs) by extension 'python'
[0.097s] Level 1:colcon.colcon_core.package_identification:_identify(simulation/isaac-sim/exts/sl.sensor.camera/sl/sensor/camera/ogn/docs) by extensions ['python_setup_py']
[0.097s] Level 1:colcon.colcon_core.package_identification:_identify(simulation/isaac-sim/exts/sl.sensor.camera/sl/sensor/camera/ogn/docs) by extension 'python_setup_py'
[0.097s] Level 1:colcon.colcon_core.package_identification:_identify(simulation/isaac-sim/exts/sl.sensor.camera/sl/sensor/camera/ogn/tests) by extensions ['ignore', 'ignore_ament_install']
[0.097s] Level 1:colcon.colcon_core.package_identification:_identify(simulation/isaac-sim/exts/sl.sensor.camera/sl/sensor/camera/ogn/tests) by extension 'ignore'
[0.097s] Level 1:colcon.colcon_core.package_identification:_identify(simulation/isaac-sim/exts/sl.sensor.camera/sl/sensor/camera/ogn/tests) by extension 'ignore_ament_install'
[0.097s] Level 1:colcon.colcon_core.package_identification:_identify(simulation/isaac-sim/exts/sl.sensor.camera/sl/sensor/camera/ogn/tests) by extensions ['colcon_pkg']
[0.097s] Level 1:colcon.colcon_core.package_identification:_identify(simulation/isaac-sim/exts/sl.sensor.camera/sl/sensor/camera/ogn/tests) by extension 'colcon_pkg'
[0.097s] Level 1:colcon.colcon_core.package_identification:_identify(simulation/isaac-sim/exts/sl.sensor.camera/sl/sensor/camera/ogn/tests) by extensions ['colcon_meta']
[0.097s] Level 1:colcon.colcon_core.package_identification:_identify(simulation/isaac-sim/exts/sl.sensor.camera/sl/sensor/camera/ogn/tests) by extension 'colcon_meta'
[0.097s] Level 1:colcon.colcon_core.package_identification:_identify(simulation/isaac-sim/exts/sl.sensor.camera/sl/sensor/camera/ogn/tests) by extensions ['ros']
[0.097s] Level 1:colcon.colcon_core.package_identification:_identify(simulation/isaac-sim/exts/sl.sensor.camera/sl/sensor/camera/ogn/tests) by extension 'ros'
[0.097s] Level 1:colcon.colcon_core.package_identification:_identify(simulation/isaac-sim/exts/sl.sensor.camera/sl/sensor/camera/ogn/tests) by extensions ['cmake', 'python']
[0.097s] Level 1:colcon.colcon_core.package_identification:_identify(simulation/isaac-sim/exts/sl.sensor.camera/sl/sensor/camera/ogn/tests) by extension 'cmake'
[0.097s] Level 1:colcon.colcon_core.package_identification:_identify(simulation/isaac-sim/exts/sl.sensor.camera/sl/sensor/camera/ogn/tests) by extension 'python'
[0.097s] Level 1:colcon.colcon_core.package_identification:_identify(simulation/isaac-sim/exts/sl.sensor.camera/sl/sensor/camera/ogn/tests) by extensions ['python_setup_py']
[0.097s] Level 1:colcon.colcon_core.package_identification:_identify(simulation/isaac-sim/exts/sl.sensor.camera/sl/sensor/camera/ogn/tests) by extension 'python_setup_py'
[0.097s] Level 1:colcon.colcon_core.package_identification:_identify(simulation/isaac-sim/exts/sl.sensor.camera/sl/sensor/camera/ogn/tests/usd) by extensions ['ignore', 'ignore_ament_install']
[0.097s] Level 1:colcon.colcon_core.package_identification:_identify(simulation/isaac-sim/exts/sl.sensor.camera/sl/sensor/camera/ogn/tests/usd) by extension 'ignore'
[0.097s] Level 1:colcon.colcon_core.package_identification:_identify(simulation/isaac-sim/exts/sl.sensor.camera/sl/sensor/camera/ogn/tests/usd) by extension 'ignore_ament_install'
[0.097s] Level 1:colcon.colcon_core.package_identification:_identify(simulation/isaac-sim/exts/sl.sensor.camera/sl/sensor/camera/ogn/tests/usd) by extensions ['colcon_pkg']
[0.097s] Level 1:colcon.colcon_core.package_identification:_identify(simulation/isaac-sim/exts/sl.sensor.camera/sl/sensor/camera/ogn/tests/usd) by extension 'colcon_pkg'
[0.097s] Level 1:colcon.colcon_core.package_identification:_identify(simulation/isaac-sim/exts/sl.sensor.camera/sl/sensor/camera/ogn/tests/usd) by extensions ['colcon_meta']
[0.097s] Level 1:colcon.colcon_core.package_identification:_identify(simulation/isaac-sim/exts/sl.sensor.camera/sl/sensor/camera/ogn/tests/usd) by extension 'colcon_meta'
[0.097s] Level 1:colcon.colcon_core.package_identification:_identify(simulation/isaac-sim/exts/sl.sensor.camera/sl/sensor/camera/ogn/tests/usd) by extensions ['ros']
[0.097s] Level 1:colcon.colcon_core.package_identification:_identify(simulation/isaac-sim/exts/sl.sensor.camera/sl/sensor/camera/ogn/tests/usd) by extension 'ros'
[0.097s] Level 1:colcon.colcon_core.package_identification:_identify(simulation/isaac-sim/exts/sl.sensor.camera/sl/sensor/camera/ogn/tests/usd) by extensions ['cmake', 'python']
[0.097s] Level 1:colcon.colcon_core.package_identification:_identify(simulation/isaac-sim/exts/sl.sensor.camera/sl/sensor/camera/ogn/tests/usd) by extension 'cmake'
[0.097s] Level 1:colcon.colcon_core.package_identification:_identify(simulation/isaac-sim/exts/sl.sensor.camera/sl/sensor/camera/ogn/tests/usd) by extension 'python'
[0.097s] Level 1:colcon.colcon_core.package_identification:_identify(simulation/isaac-sim/exts/sl.sensor.camera/sl/sensor/camera/ogn/tests/usd) by extensions ['python_setup_py']
[0.097s] Level 1:colcon.colcon_core.package_identification:_identify(simulation/isaac-sim/exts/sl.sensor.camera/sl/sensor/camera/ogn/tests/usd) by extension 'python_setup_py'
[0.097s] Level 1:colcon.colcon_core.package_identification:_identify(simulation/isaac-sim/exts/sl.sensor.camera.bridge) by extensions ['ignore', 'ignore_ament_install']
[0.097s] Level 1:colcon.colcon_core.package_identification:_identify(simulation/isaac-sim/exts/sl.sensor.camera.bridge) by extension 'ignore'
[0.097s] Level 1:colcon.colcon_core.package_identification:_identify(simulation/isaac-sim/exts/sl.sensor.camera.bridge) by extension 'ignore_ament_install'
[0.097s] Level 1:colcon.colcon_core.package_identification:_identify(simulation/isaac-sim/exts/sl.sensor.camera.bridge) by extensions ['colcon_pkg']
[0.097s] Level 1:colcon.colcon_core.package_identification:_identify(simulation/isaac-sim/exts/sl.sensor.camera.bridge) by extension 'colcon_pkg'
[0.098s] Level 1:colcon.colcon_core.package_identification:_identify(simulation/isaac-sim/exts/sl.sensor.camera.bridge) by extensions ['colcon_meta']
[0.098s] Level 1:colcon.colcon_core.package_identification:_identify(simulation/isaac-sim/exts/sl.sensor.camera.bridge) by extension 'colcon_meta'
[0.098s] Level 1:colcon.colcon_core.package_identification:_identify(simulation/isaac-sim/exts/sl.sensor.camera.bridge) by extensions ['ros']
[0.098s] Level 1:colcon.colcon_core.package_identification:_identify(simulation/isaac-sim/exts/sl.sensor.camera.bridge) by extension 'ros'
[0.098s] Level 1:colcon.colcon_core.package_identification:_identify(simulation/isaac-sim/exts/sl.sensor.camera.bridge) by extensions ['cmake', 'python']
[0.098s] Level 1:colcon.colcon_core.package_identification:_identify(simulation/isaac-sim/exts/sl.sensor.camera.bridge) by extension 'cmake'
[0.098s] Level 1:colcon.colcon_core.package_identification:_identify(simulation/isaac-sim/exts/sl.sensor.camera.bridge) by extension 'python'
[0.098s] Level 1:colcon.colcon_core.package_identification:_identify(simulation/isaac-sim/exts/sl.sensor.camera.bridge) by extensions ['python_setup_py']
[0.098s] Level 1:colcon.colcon_core.package_identification:_identify(simulation/isaac-sim/exts/sl.sensor.camera.bridge) by extension 'python_setup_py'
[0.098s] Level 1:colcon.colcon_core.package_identification:_identify(simulation/isaac-sim/exts/sl.sensor.camera.bridge/bin) by extensions ['ignore', 'ignore_ament_install']
[0.098s] Level 1:colcon.colcon_core.package_identification:_identify(simulation/isaac-sim/exts/sl.sensor.camera.bridge/bin) by extension 'ignore'
[0.098s] Level 1:colcon.colcon_core.package_identification:_identify(simulation/isaac-sim/exts/sl.sensor.camera.bridge/bin) by extension 'ignore_ament_install'
[0.098s] Level 1:colcon.colcon_core.package_identification:_identify(simulation/isaac-sim/exts/sl.sensor.camera.bridge/bin) by extensions ['colcon_pkg']
[0.098s] Level 1:colcon.colcon_core.package_identification:_identify(simulation/isaac-sim/exts/sl.sensor.camera.bridge/bin) by extension 'colcon_pkg'
[0.098s] Level 1:colcon.colcon_core.package_identification:_identify(simulation/isaac-sim/exts/sl.sensor.camera.bridge/bin) by extensions ['colcon_meta']
[0.098s] Level 1:colcon.colcon_core.package_identification:_identify(simulation/isaac-sim/exts/sl.sensor.camera.bridge/bin) by extension 'colcon_meta'
[0.098s] Level 1:colcon.colcon_core.package_identification:_identify(simulation/isaac-sim/exts/sl.sensor.camera.bridge/bin) by extensions ['ros']
[0.098s] Level 1:colcon.colcon_core.package_identification:_identify(simulation/isaac-sim/exts/sl.sensor.camera.bridge/bin) by extension 'ros'
[0.098s] Level 1:colcon.colcon_core.package_identification:_identify(simulation/isaac-sim/exts/sl.sensor.camera.bridge/bin) by extensions ['cmake', 'python']
[0.098s] Level 1:colcon.colcon_core.package_identification:_identify(simulation/isaac-sim/exts/sl.sensor.camera.bridge/bin) by extension 'cmake'
[0.098s] Level 1:colcon.colcon_core.package_identification:_identify(simulation/isaac-sim/exts/sl.sensor.camera.bridge/bin) by extension 'python'
[0.098s] Level 1:colcon.colcon_core.package_identification:_identify(simulation/isaac-sim/exts/sl.sensor.camera.bridge/bin) by extensions ['python_setup_py']
[0.098s] Level 1:colcon.colcon_core.package_identification:_identify(simulation/isaac-sim/exts/sl.sensor.camera.bridge/bin) by extension 'python_setup_py'
[0.098s] Level 1:colcon.colcon_core.package_identification:_identify(simulation/isaac-sim/exts/sl.sensor.camera.bridge/config) by extensions ['ignore', 'ignore_ament_install']
[0.098s] Level 1:colcon.colcon_core.package_identification:_identify(simulation/isaac-sim/exts/sl.sensor.camera.bridge/config) by extension 'ignore'
[0.098s] Level 1:colcon.colcon_core.package_identification:_identify(simulation/isaac-sim/exts/sl.sensor.camera.bridge/config) by extension 'ignore_ament_install'
[0.098s] Level 1:colcon.colcon_core.package_identification:_identify(simulation/isaac-sim/exts/sl.sensor.camera.bridge/config) by extensions ['colcon_pkg']
[0.098s] Level 1:colcon.colcon_core.package_identification:_identify(simulation/isaac-sim/exts/sl.sensor.camera.bridge/config) by extension 'colcon_pkg'
[0.098s] Level 1:colcon.colcon_core.package_identification:_identify(simulation/isaac-sim/exts/sl.sensor.camera.bridge/config) by extensions ['colcon_meta']
[0.098s] Level 1:colcon.colcon_core.package_identification:_identify(simulation/isaac-sim/exts/sl.sensor.camera.bridge/config) by extension 'colcon_meta'
[0.098s] Level 1:colcon.colcon_core.package_identification:_identify(simulation/isaac-sim/exts/sl.sensor.camera.bridge/config) by extensions ['ros']
[0.098s] Level 1:colcon.colcon_core.package_identification:_identify(simulation/isaac-sim/exts/sl.sensor.camera.bridge/config) by extension 'ros'
[0.098s] Level 1:colcon.colcon_core.package_identification:_identify(simulation/isaac-sim/exts/sl.sensor.camera.bridge/config) by extensions ['cmake', 'python']
[0.098s] Level 1:colcon.colcon_core.package_identification:_identify(simulation/isaac-sim/exts/sl.sensor.camera.bridge/config) by extension 'cmake'
[0.098s] Level 1:colcon.colcon_core.package_identification:_identify(simulation/isaac-sim/exts/sl.sensor.camera.bridge/config) by extension 'python'
[0.098s] Level 1:colcon.colcon_core.package_identification:_identify(simulation/isaac-sim/exts/sl.sensor.camera.bridge/config) by extensions ['python_setup_py']
[0.098s] Level 1:colcon.colcon_core.package_identification:_identify(simulation/isaac-sim/exts/sl.sensor.camera.bridge/config) by extension 'python_setup_py'
[0.098s] Level 1:colcon.colcon_core.package_identification:_identify(simulation/isaac-sim/exts/sl.sensor.camera.bridge/data) by extensions ['ignore', 'ignore_ament_install']
[0.098s] Level 1:colcon.colcon_core.package_identification:_identify(simulation/isaac-sim/exts/sl.sensor.camera.bridge/data) by extension 'ignore'
[0.098s] Level 1:colcon.colcon_core.package_identification:_identify(simulation/isaac-sim/exts/sl.sensor.camera.bridge/data) by extension 'ignore_ament_install'
[0.098s] Level 1:colcon.colcon_core.package_identification:_identify(simulation/isaac-sim/exts/sl.sensor.camera.bridge/data) by extensions ['colcon_pkg']
[0.098s] Level 1:colcon.colcon_core.package_identification:_identify(simulation/isaac-sim/exts/sl.sensor.camera.bridge/data) by extension 'colcon_pkg'
[0.098s] Level 1:colcon.colcon_core.package_identification:_identify(simulation/isaac-sim/exts/sl.sensor.camera.bridge/data) by extensions ['colcon_meta']
[0.098s] Level 1:colcon.colcon_core.package_identification:_identify(simulation/isaac-sim/exts/sl.sensor.camera.bridge/data) by extension 'colcon_meta'
[0.098s] Level 1:colcon.colcon_core.package_identification:_identify(simulation/isaac-sim/exts/sl.sensor.camera.bridge/data) by extensions ['ros']
[0.098s] Level 1:colcon.colcon_core.package_identification:_identify(simulation/isaac-sim/exts/sl.sensor.camera.bridge/data) by extension 'ros'
[0.098s] Level 1:colcon.colcon_core.package_identification:_identify(simulation/isaac-sim/exts/sl.sensor.camera.bridge/data) by extensions ['cmake', 'python']
[0.098s] Level 1:colcon.colcon_core.package_identification:_identify(simulation/isaac-sim/exts/sl.sensor.camera.bridge/data) by extension 'cmake'
[0.098s] Level 1:colcon.colcon_core.package_identification:_identify(simulation/isaac-sim/exts/sl.sensor.camera.bridge/data) by extension 'python'
[0.098s] Level 1:colcon.colcon_core.package_identification:_identify(simulation/isaac-sim/exts/sl.sensor.camera.bridge/data) by extensions ['python_setup_py']
[0.098s] Level 1:colcon.colcon_core.package_identification:_identify(simulation/isaac-sim/exts/sl.sensor.camera.bridge/data) by extension 'python_setup_py'
[0.098s] Level 1:colcon.colcon_core.package_identification:_identify(simulation/isaac-sim/exts/sl.sensor.camera.bridge/docs) by extensions ['ignore', 'ignore_ament_install']
[0.098s] Level 1:colcon.colcon_core.package_identification:_identify(simulation/isaac-sim/exts/sl.sensor.camera.bridge/docs) by extension 'ignore'
[0.098s] Level 1:colcon.colcon_core.package_identification:_identify(simulation/isaac-sim/exts/sl.sensor.camera.bridge/docs) by extension 'ignore_ament_install'
[0.098s] Level 1:colcon.colcon_core.package_identification:_identify(simulation/isaac-sim/exts/sl.sensor.camera.bridge/docs) by extensions ['colcon_pkg']
[0.098s] Level 1:colcon.colcon_core.package_identification:_identify(simulation/isaac-sim/exts/sl.sensor.camera.bridge/docs) by extension 'colcon_pkg'
[0.098s] Level 1:colcon.colcon_core.package_identification:_identify(simulation/isaac-sim/exts/sl.sensor.camera.bridge/docs) by extensions ['colcon_meta']
[0.098s] Level 1:colcon.colcon_core.package_identification:_identify(simulation/isaac-sim/exts/sl.sensor.camera.bridge/docs) by extension 'colcon_meta'
[0.098s] Level 1:colcon.colcon_core.package_identification:_identify(simulation/isaac-sim/exts/sl.sensor.camera.bridge/docs) by extensions ['ros']
[0.098s] Level 1:colcon.colcon_core.package_identification:_identify(simulation/isaac-sim/exts/sl.sensor.camera.bridge/docs) by extension 'ros'
[0.098s] Level 1:colcon.colcon_core.package_identification:_identify(simulation/isaac-sim/exts/sl.sensor.camera.bridge/docs) by extensions ['cmake', 'python']
[0.098s] Level 1:colcon.colcon_core.package_identification:_identify(simulation/isaac-sim/exts/sl.sensor.camera.bridge/docs) by extension 'cmake'
[0.098s] Level 1:colcon.colcon_core.package_identification:_identify(simulation/isaac-sim/exts/sl.sensor.camera.bridge/docs) by extension 'python'
[0.098s] Level 1:colcon.colcon_core.package_identification:_identify(simulation/isaac-sim/exts/sl.sensor.camera.bridge/docs) by extensions ['python_setup_py']
[0.098s] Level 1:colcon.colcon_core.package_identification:_identify(simulation/isaac-sim/exts/sl.sensor.camera.bridge/docs) by extension 'python_setup_py'
[0.098s] Level 1:colcon.colcon_core.package_identification:_identify(simulation/isaac-sim/exts/sl.sensor.camera.bridge/include) by extensions ['ignore', 'ignore_ament_install']
[0.098s] Level 1:colcon.colcon_core.package_identification:_identify(simulation/isaac-sim/exts/sl.sensor.camera.bridge/include) by extension 'ignore'
[0.098s] Level 1:colcon.colcon_core.package_identification:_identify(simulation/isaac-sim/exts/sl.sensor.camera.bridge/include) by extension 'ignore_ament_install'
[0.098s] Level 1:colcon.colcon_core.package_identification:_identify(simulation/isaac-sim/exts/sl.sensor.camera.bridge/include) by extensions ['colcon_pkg']
[0.098s] Level 1:colcon.colcon_core.package_identification:_identify(simulation/isaac-sim/exts/sl.sensor.camera.bridge/include) by extension 'colcon_pkg'
[0.098s] Level 1:colcon.colcon_core.package_identification:_identify(simulation/isaac-sim/exts/sl.sensor.camera.bridge/include) by extensions ['colcon_meta']
[0.098s] Level 1:colcon.colcon_core.package_identification:_identify(simulation/isaac-sim/exts/sl.sensor.camera.bridge/include) by extension 'colcon_meta'
[0.098s] Level 1:colcon.colcon_core.package_identification:_identify(simulation/isaac-sim/exts/sl.sensor.camera.bridge/include) by extensions ['ros']
[0.098s] Level 1:colcon.colcon_core.package_identification:_identify(simulation/isaac-sim/exts/sl.sensor.camera.bridge/include) by extension 'ros'
[0.098s] Level 1:colcon.colcon_core.package_identification:_identify(simulation/isaac-sim/exts/sl.sensor.camera.bridge/include) by extensions ['cmake', 'python']
[0.098s] Level 1:colcon.colcon_core.package_identification:_identify(simulation/isaac-sim/exts/sl.sensor.camera.bridge/include) by extension 'cmake'
[0.098s] Level 1:colcon.colcon_core.package_identification:_identify(simulation/isaac-sim/exts/sl.sensor.camera.bridge/include) by extension 'python'
[0.098s] Level 1:colcon.colcon_core.package_identification:_identify(simulation/isaac-sim/exts/sl.sensor.camera.bridge/include) by extensions ['python_setup_py']
[0.098s] Level 1:colcon.colcon_core.package_identification:_identify(simulation/isaac-sim/exts/sl.sensor.camera.bridge/include) by extension 'python_setup_py'
[0.099s] Level 1:colcon.colcon_core.package_identification:_identify(simulation/isaac-sim/exts/sl.sensor.camera.bridge/ogn) by extensions ['ignore', 'ignore_ament_install']
[0.099s] Level 1:colcon.colcon_core.package_identification:_identify(simulation/isaac-sim/exts/sl.sensor.camera.bridge/ogn) by extension 'ignore'
[0.099s] Level 1:colcon.colcon_core.package_identification:_identify(simulation/isaac-sim/exts/sl.sensor.camera.bridge/ogn) by extension 'ignore_ament_install'
[0.099s] Level 1:colcon.colcon_core.package_identification:_identify(simulation/isaac-sim/exts/sl.sensor.camera.bridge/ogn) by extensions ['colcon_pkg']
[0.099s] Level 1:colcon.colcon_core.package_identification:_identify(simulation/isaac-sim/exts/sl.sensor.camera.bridge/ogn) by extension 'colcon_pkg'
[0.099s] Level 1:colcon.colcon_core.package_identification:_identify(simulation/isaac-sim/exts/sl.sensor.camera.bridge/ogn) by extensions ['colcon_meta']
[0.099s] Level 1:colcon.colcon_core.package_identification:_identify(simulation/isaac-sim/exts/sl.sensor.camera.bridge/ogn) by extension 'colcon_meta'
[0.099s] Level 1:colcon.colcon_core.package_identification:_identify(simulation/isaac-sim/exts/sl.sensor.camera.bridge/ogn) by extensions ['ros']
[0.099s] Level 1:colcon.colcon_core.package_identification:_identify(simulation/isaac-sim/exts/sl.sensor.camera.bridge/ogn) by extension 'ros'
[0.099s] Level 1:colcon.colcon_core.package_identification:_identify(simulation/isaac-sim/exts/sl.sensor.camera.bridge/ogn) by extensions ['cmake', 'python']
[0.099s] Level 1:colcon.colcon_core.package_identification:_identify(simulation/isaac-sim/exts/sl.sensor.camera.bridge/ogn) by extension 'cmake'
[0.099s] Level 1:colcon.colcon_core.package_identification:_identify(simulation/isaac-sim/exts/sl.sensor.camera.bridge/ogn) by extension 'python'
[0.099s] Level 1:colcon.colcon_core.package_identification:_identify(simulation/isaac-sim/exts/sl.sensor.camera.bridge/ogn) by extensions ['python_setup_py']
[0.099s] Level 1:colcon.colcon_core.package_identification:_identify(simulation/isaac-sim/exts/sl.sensor.camera.bridge/ogn) by extension 'python_setup_py'
[0.099s] Level 1:colcon.colcon_core.package_identification:_identify(simulation/isaac-sim/exts/sl.sensor.camera.bridge/ogn/docs) by extensions ['ignore', 'ignore_ament_install']
[0.099s] Level 1:colcon.colcon_core.package_identification:_identify(simulation/isaac-sim/exts/sl.sensor.camera.bridge/ogn/docs) by extension 'ignore'
[0.099s] Level 1:colcon.colcon_core.package_identification:_identify(simulation/isaac-sim/exts/sl.sensor.camera.bridge/ogn/docs) by extension 'ignore_ament_install'
[0.099s] Level 1:colcon.colcon_core.package_identification:_identify(simulation/isaac-sim/exts/sl.sensor.camera.bridge/ogn/docs) by extensions ['colcon_pkg']
[0.099s] Level 1:colcon.colcon_core.package_identification:_identify(simulation/isaac-sim/exts/sl.sensor.camera.bridge/ogn/docs) by extension 'colcon_pkg'
[0.099s] Level 1:colcon.colcon_core.package_identification:_identify(simulation/isaac-sim/exts/sl.sensor.camera.bridge/ogn/docs) by extensions ['colcon_meta']
[0.099s] Level 1:colcon.colcon_core.package_identification:_identify(simulation/isaac-sim/exts/sl.sensor.camera.bridge/ogn/docs) by extension 'colcon_meta'
[0.099s] Level 1:colcon.colcon_core.package_identification:_identify(simulation/isaac-sim/exts/sl.sensor.camera.bridge/ogn/docs) by extensions ['ros']
[0.099s] Level 1:colcon.colcon_core.package_identification:_identify(simulation/isaac-sim/exts/sl.sensor.camera.bridge/ogn/docs) by extension 'ros'
[0.099s] Level 1:colcon.colcon_core.package_identification:_identify(simulation/isaac-sim/exts/sl.sensor.camera.bridge/ogn/docs) by extensions ['cmake', 'python']
[0.099s] Level 1:colcon.colcon_core.package_identification:_identify(simulation/isaac-sim/exts/sl.sensor.camera.bridge/ogn/docs) by extension 'cmake'
[0.099s] Level 1:colcon.colcon_core.package_identification:_identify(simulation/isaac-sim/exts/sl.sensor.camera.bridge/ogn/docs) by extension 'python'
[0.099s] Level 1:colcon.colcon_core.package_identification:_identify(simulation/isaac-sim/exts/sl.sensor.camera.bridge/ogn/docs) by extensions ['python_setup_py']
[0.099s] Level 1:colcon.colcon_core.package_identification:_identify(simulation/isaac-sim/exts/sl.sensor.camera.bridge/ogn/docs) by extension 'python_setup_py'
[0.099s] Level 1:colcon.colcon_core.package_identification:_identify(simulation/isaac-sim/exts/sl.sensor.camera.bridge/plugins) by extensions ['ignore', 'ignore_ament_install']
[0.099s] Level 1:colcon.colcon_core.package_identification:_identify(simulation/isaac-sim/exts/sl.sensor.camera.bridge/plugins) by extension 'ignore'
[0.099s] Level 1:colcon.colcon_core.package_identification:_identify(simulation/isaac-sim/exts/sl.sensor.camera.bridge/plugins) by extension 'ignore_ament_install'
[0.099s] Level 1:colcon.colcon_core.package_identification:_identify(simulation/isaac-sim/exts/sl.sensor.camera.bridge/plugins) by extensions ['colcon_pkg']
[0.099s] Level 1:colcon.colcon_core.package_identification:_identify(simulation/isaac-sim/exts/sl.sensor.camera.bridge/plugins) by extension 'colcon_pkg'
[0.099s] Level 1:colcon.colcon_core.package_identification:_identify(simulation/isaac-sim/exts/sl.sensor.camera.bridge/plugins) by extensions ['colcon_meta']
[0.099s] Level 1:colcon.colcon_core.package_identification:_identify(simulation/isaac-sim/exts/sl.sensor.camera.bridge/plugins) by extension 'colcon_meta'
[0.099s] Level 1:colcon.colcon_core.package_identification:_identify(simulation/isaac-sim/exts/sl.sensor.camera.bridge/plugins) by extensions ['ros']
[0.099s] Level 1:colcon.colcon_core.package_identification:_identify(simulation/isaac-sim/exts/sl.sensor.camera.bridge/plugins) by extension 'ros'
[0.099s] Level 1:colcon.colcon_core.package_identification:_identify(simulation/isaac-sim/exts/sl.sensor.camera.bridge/plugins) by extensions ['cmake', 'python']
[0.099s] Level 1:colcon.colcon_core.package_identification:_identify(simulation/isaac-sim/exts/sl.sensor.camera.bridge/plugins) by extension 'cmake'
[0.099s] Level 1:colcon.colcon_core.package_identification:_identify(simulation/isaac-sim/exts/sl.sensor.camera.bridge/plugins) by extension 'python'
[0.099s] Level 1:colcon.colcon_core.package_identification:_identify(simulation/isaac-sim/exts/sl.sensor.camera.bridge/plugins) by extensions ['python_setup_py']
[0.099s] Level 1:colcon.colcon_core.package_identification:_identify(simulation/isaac-sim/exts/sl.sensor.camera.bridge/plugins) by extension 'python_setup_py'
[0.099s] Level 1:colcon.colcon_core.package_identification:_identify(simulation/isaac-sim/exts/sl.sensor.camera.bridge/plugins/nodes) by extensions ['ignore', 'ignore_ament_install']
[0.099s] Level 1:colcon.colcon_core.package_identification:_identify(simulation/isaac-sim/exts/sl.sensor.camera.bridge/plugins/nodes) by extension 'ignore'
[0.099s] Level 1:colcon.colcon_core.package_identification:_identify(simulation/isaac-sim/exts/sl.sensor.camera.bridge/plugins/nodes) by extension 'ignore_ament_install'
[0.099s] Level 1:colcon.colcon_core.package_identification:_identify(simulation/isaac-sim/exts/sl.sensor.camera.bridge/plugins/nodes) by extensions ['colcon_pkg']
[0.099s] Level 1:colcon.colcon_core.package_identification:_identify(simulation/isaac-sim/exts/sl.sensor.camera.bridge/plugins/nodes) by extension 'colcon_pkg'
[0.099s] Level 1:colcon.colcon_core.package_identification:_identify(simulation/isaac-sim/exts/sl.sensor.camera.bridge/plugins/nodes) by extensions ['colcon_meta']
[0.099s] Level 1:colcon.colcon_core.package_identification:_identify(simulation/isaac-sim/exts/sl.sensor.camera.bridge/plugins/nodes) by extension 'colcon_meta'
[0.099s] Level 1:colcon.colcon_core.package_identification:_identify(simulation/isaac-sim/exts/sl.sensor.camera.bridge/plugins/nodes) by extensions ['ros']
[0.099s] Level 1:colcon.colcon_core.package_identification:_identify(simulation/isaac-sim/exts/sl.sensor.camera.bridge/plugins/nodes) by extension 'ros'
[0.099s] Level 1:colcon.colcon_core.package_identification:_identify(simulation/isaac-sim/exts/sl.sensor.camera.bridge/plugins/nodes) by extensions ['cmake', 'python']
[0.099s] Level 1:colcon.colcon_core.package_identification:_identify(simulation/isaac-sim/exts/sl.sensor.camera.bridge/plugins/nodes) by extension 'cmake'
[0.099s] Level 1:colcon.colcon_core.package_identification:_identify(simulation/isaac-sim/exts/sl.sensor.camera.bridge/plugins/nodes) by extension 'python'
[0.099s] Level 1:colcon.colcon_core.package_identification:_identify(simulation/isaac-sim/exts/sl.sensor.camera.bridge/plugins/nodes) by extensions ['python_setup_py']
[0.099s] Level 1:colcon.colcon_core.package_identification:_identify(simulation/isaac-sim/exts/sl.sensor.camera.bridge/plugins/nodes) by extension 'python_setup_py'
[0.099s] Level 1:colcon.colcon_core.package_identification:_identify(simulation/isaac-sim/exts/sl.sensor.camera.bridge/plugins/sl.sensor.camera.bridge) by extensions ['ignore', 'ignore_ament_install']
[0.099s] Level 1:colcon.colcon_core.package_identification:_identify(simulation/isaac-sim/exts/sl.sensor.camera.bridge/plugins/sl.sensor.camera.bridge) by extension 'ignore'
[0.099s] Level 1:colcon.colcon_core.package_identification:_identify(simulation/isaac-sim/exts/sl.sensor.camera.bridge/plugins/sl.sensor.camera.bridge) by extension 'ignore_ament_install'
[0.099s] Level 1:colcon.colcon_core.package_identification:_identify(simulation/isaac-sim/exts/sl.sensor.camera.bridge/plugins/sl.sensor.camera.bridge) by extensions ['colcon_pkg']
[0.099s] Level 1:colcon.colcon_core.package_identification:_identify(simulation/isaac-sim/exts/sl.sensor.camera.bridge/plugins/sl.sensor.camera.bridge) by extension 'colcon_pkg'
[0.099s] Level 1:colcon.colcon_core.package_identification:_identify(simulation/isaac-sim/exts/sl.sensor.camera.bridge/plugins/sl.sensor.camera.bridge) by extensions ['colcon_meta']
[0.099s] Level 1:colcon.colcon_core.package_identification:_identify(simulation/isaac-sim/exts/sl.sensor.camera.bridge/plugins/sl.sensor.camera.bridge) by extension 'colcon_meta'
[0.099s] Level 1:colcon.colcon_core.package_identification:_identify(simulation/isaac-sim/exts/sl.sensor.camera.bridge/plugins/sl.sensor.camera.bridge) by extensions ['ros']
[0.099s] Level 1:colcon.colcon_core.package_identification:_identify(simulation/isaac-sim/exts/sl.sensor.camera.bridge/plugins/sl.sensor.camera.bridge) by extension 'ros'
[0.099s] Level 1:colcon.colcon_core.package_identification:_identify(simulation/isaac-sim/exts/sl.sensor.camera.bridge/plugins/sl.sensor.camera.bridge) by extensions ['cmake', 'python']
[0.099s] Level 1:colcon.colcon_core.package_identification:_identify(simulation/isaac-sim/exts/sl.sensor.camera.bridge/plugins/sl.sensor.camera.bridge) by extension 'cmake'
[0.099s] Level 1:colcon.colcon_core.package_identification:_identify(simulation/isaac-sim/exts/sl.sensor.camera.bridge/plugins/sl.sensor.camera.bridge) by extension 'python'
[0.099s] Level 1:colcon.colcon_core.package_identification:_identify(simulation/isaac-sim/exts/sl.sensor.camera.bridge/plugins/sl.sensor.camera.bridge) by extensions ['python_setup_py']
[0.099s] Level 1:colcon.colcon_core.package_identification:_identify(simulation/isaac-sim/exts/sl.sensor.camera.bridge/plugins/sl.sensor.camera.bridge) by extension 'python_setup_py'
[0.099s] Level 1:colcon.colcon_core.package_identification:_identify(simulation/isaac-sim/exts/sl.sensor.camera.bridge/sl) by extensions ['ignore', 'ignore_ament_install']
[0.099s] Level 1:colcon.colcon_core.package_identification:_identify(simulation/isaac-sim/exts/sl.sensor.camera.bridge/sl) by extension 'ignore'
[0.099s] Level 1:colcon.colcon_core.package_identification:_identify(simulation/isaac-sim/exts/sl.sensor.camera.bridge/sl) by extension 'ignore_ament_install'
[0.099s] Level 1:colcon.colcon_core.package_identification:_identify(simulation/isaac-sim/exts/sl.sensor.camera.bridge/sl) by extensions ['colcon_pkg']
[0.099s] Level 1:colcon.colcon_core.package_identification:_identify(simulation/isaac-sim/exts/sl.sensor.camera.bridge/sl) by extension 'colcon_pkg'
[0.100s] Level 1:colcon.colcon_core.package_identification:_identify(simulation/isaac-sim/exts/sl.sensor.camera.bridge/sl) by extensions ['colcon_meta']
[0.100s] Level 1:colcon.colcon_core.package_identification:_identify(simulation/isaac-sim/exts/sl.sensor.camera.bridge/sl) by extension 'colcon_meta'
[0.100s] Level 1:colcon.colcon_core.package_identification:_identify(simulation/isaac-sim/exts/sl.sensor.camera.bridge/sl) by extensions ['ros']
[0.100s] Level 1:colcon.colcon_core.package_identification:_identify(simulation/isaac-sim/exts/sl.sensor.camera.bridge/sl) by extension 'ros'
[0.100s] Level 1:colcon.colcon_core.package_identification:_identify(simulation/isaac-sim/exts/sl.sensor.camera.bridge/sl) by extensions ['cmake', 'python']
[0.100s] Level 1:colcon.colcon_core.package_identification:_identify(simulation/isaac-sim/exts/sl.sensor.camera.bridge/sl) by extension 'cmake'
[0.100s] Level 1:colcon.colcon_core.package_identification:_identify(simulation/isaac-sim/exts/sl.sensor.camera.bridge/sl) by extension 'python'
[0.100s] Level 1:colcon.colcon_core.package_identification:_identify(simulation/isaac-sim/exts/sl.sensor.camera.bridge/sl) by extensions ['python_setup_py']
[0.100s] Level 1:colcon.colcon_core.package_identification:_identify(simulation/isaac-sim/exts/sl.sensor.camera.bridge/sl) by extension 'python_setup_py'
[0.100s] Level 1:colcon.colcon_core.package_identification:_identify(simulation/isaac-sim/exts/sl.sensor.camera.bridge/sl/sensor) by extensions ['ignore', 'ignore_ament_install']
[0.100s] Level 1:colcon.colcon_core.package_identification:_identify(simulation/isaac-sim/exts/sl.sensor.camera.bridge/sl/sensor) by extension 'ignore'
[0.100s] Level 1:colcon.colcon_core.package_identification:_identify(simulation/isaac-sim/exts/sl.sensor.camera.bridge/sl/sensor) by extension 'ignore_ament_install'
[0.100s] Level 1:colcon.colcon_core.package_identification:_identify(simulation/isaac-sim/exts/sl.sensor.camera.bridge/sl/sensor) by extensions ['colcon_pkg']
[0.100s] Level 1:colcon.colcon_core.package_identification:_identify(simulation/isaac-sim/exts/sl.sensor.camera.bridge/sl/sensor) by extension 'colcon_pkg'
[0.100s] Level 1:colcon.colcon_core.package_identification:_identify(simulation/isaac-sim/exts/sl.sensor.camera.bridge/sl/sensor) by extensions ['colcon_meta']
[0.100s] Level 1:colcon.colcon_core.package_identification:_identify(simulation/isaac-sim/exts/sl.sensor.camera.bridge/sl/sensor) by extension 'colcon_meta'
[0.100s] Level 1:colcon.colcon_core.package_identification:_identify(simulation/isaac-sim/exts/sl.sensor.camera.bridge/sl/sensor) by extensions ['ros']
[0.100s] Level 1:colcon.colcon_core.package_identification:_identify(simulation/isaac-sim/exts/sl.sensor.camera.bridge/sl/sensor) by extension 'ros'
[0.100s] Level 1:colcon.colcon_core.package_identification:_identify(simulation/isaac-sim/exts/sl.sensor.camera.bridge/sl/sensor) by extensions ['cmake', 'python']
[0.100s] Level 1:colcon.colcon_core.package_identification:_identify(simulation/isaac-sim/exts/sl.sensor.camera.bridge/sl/sensor) by extension 'cmake'
[0.100s] Level 1:colcon.colcon_core.package_identification:_identify(simulation/isaac-sim/exts/sl.sensor.camera.bridge/sl/sensor) by extension 'python'
[0.100s] Level 1:colcon.colcon_core.package_identification:_identify(simulation/isaac-sim/exts/sl.sensor.camera.bridge/sl/sensor) by extensions ['python_setup_py']
[0.100s] Level 1:colcon.colcon_core.package_identification:_identify(simulation/isaac-sim/exts/sl.sensor.camera.bridge/sl/sensor) by extension 'python_setup_py'
[0.100s] Level 1:colcon.colcon_core.package_identification:_identify(simulation/isaac-sim/exts/sl.sensor.camera.bridge/sl/sensor/camera) by extensions ['ignore', 'ignore_ament_install']
[0.100s] Level 1:colcon.colcon_core.package_identification:_identify(simulation/isaac-sim/exts/sl.sensor.camera.bridge/sl/sensor/camera) by extension 'ignore'
[0.100s] Level 1:colcon.colcon_core.package_identification:_identify(simulation/isaac-sim/exts/sl.sensor.camera.bridge/sl/sensor/camera) by extension 'ignore_ament_install'
[0.100s] Level 1:colcon.colcon_core.package_identification:_identify(simulation/isaac-sim/exts/sl.sensor.camera.bridge/sl/sensor/camera) by extensions ['colcon_pkg']
[0.100s] Level 1:colcon.colcon_core.package_identification:_identify(simulation/isaac-sim/exts/sl.sensor.camera.bridge/sl/sensor/camera) by extension 'colcon_pkg'
[0.100s] Level 1:colcon.colcon_core.package_identification:_identify(simulation/isaac-sim/exts/sl.sensor.camera.bridge/sl/sensor/camera) by extensions ['colcon_meta']
[0.100s] Level 1:colcon.colcon_core.package_identification:_identify(simulation/isaac-sim/exts/sl.sensor.camera.bridge/sl/sensor/camera) by extension 'colcon_meta'
[0.100s] Level 1:colcon.colcon_core.package_identification:_identify(simulation/isaac-sim/exts/sl.sensor.camera.bridge/sl/sensor/camera) by extensions ['ros']
[0.100s] Level 1:colcon.colcon_core.package_identification:_identify(simulation/isaac-sim/exts/sl.sensor.camera.bridge/sl/sensor/camera) by extension 'ros'
[0.100s] Level 1:colcon.colcon_core.package_identification:_identify(simulation/isaac-sim/exts/sl.sensor.camera.bridge/sl/sensor/camera) by extensions ['cmake', 'python']
[0.100s] Level 1:colcon.colcon_core.package_identification:_identify(simulation/isaac-sim/exts/sl.sensor.camera.bridge/sl/sensor/camera) by extension 'cmake'
[0.100s] Level 1:colcon.colcon_core.package_identification:_identify(simulation/isaac-sim/exts/sl.sensor.camera.bridge/sl/sensor/camera) by extension 'python'
[0.100s] Level 1:colcon.colcon_core.package_identification:_identify(simulation/isaac-sim/exts/sl.sensor.camera.bridge/sl/sensor/camera) by extensions ['python_setup_py']
[0.100s] Level 1:colcon.colcon_core.package_identification:_identify(simulation/isaac-sim/exts/sl.sensor.camera.bridge/sl/sensor/camera) by extension 'python_setup_py'
[0.100s] Level 1:colcon.colcon_core.package_identification:_identify(simulation/isaac-sim/exts/sl.sensor.camera.bridge/sl/sensor/camera/bridge) by extensions ['ignore', 'ignore_ament_install']
[0.100s] Level 1:colcon.colcon_core.package_identification:_identify(simulation/isaac-sim/exts/sl.sensor.camera.bridge/sl/sensor/camera/bridge) by extension 'ignore'
[0.100s] Level 1:colcon.colcon_core.package_identification:_identify(simulation/isaac-sim/exts/sl.sensor.camera.bridge/sl/sensor/camera/bridge) by extension 'ignore_ament_install'
[0.100s] Level 1:colcon.colcon_core.package_identification:_identify(simulation/isaac-sim/exts/sl.sensor.camera.bridge/sl/sensor/camera/bridge) by extensions ['colcon_pkg']
[0.100s] Level 1:colcon.colcon_core.package_identification:_identify(simulation/isaac-sim/exts/sl.sensor.camera.bridge/sl/sensor/camera/bridge) by extension 'colcon_pkg'
[0.100s] Level 1:colcon.colcon_core.package_identification:_identify(simulation/isaac-sim/exts/sl.sensor.camera.bridge/sl/sensor/camera/bridge) by extensions ['colcon_meta']
[0.100s] Level 1:colcon.colcon_core.package_identification:_identify(simulation/isaac-sim/exts/sl.sensor.camera.bridge/sl/sensor/camera/bridge) by extension 'colcon_meta'
[0.100s] Level 1:colcon.colcon_core.package_identification:_identify(simulation/isaac-sim/exts/sl.sensor.camera.bridge/sl/sensor/camera/bridge) by extensions ['ros']
[0.100s] Level 1:colcon.colcon_core.package_identification:_identify(simulation/isaac-sim/exts/sl.sensor.camera.bridge/sl/sensor/camera/bridge) by extension 'ros'
[0.100s] Level 1:colcon.colcon_core.package_identification:_identify(simulation/isaac-sim/exts/sl.sensor.camera.bridge/sl/sensor/camera/bridge) by extensions ['cmake', 'python']
[0.100s] Level 1:colcon.colcon_core.package_identification:_identify(simulation/isaac-sim/exts/sl.sensor.camera.bridge/sl/sensor/camera/bridge) by extension 'cmake'
[0.100s] Level 1:colcon.colcon_core.package_identification:_identify(simulation/isaac-sim/exts/sl.sensor.camera.bridge/sl/sensor/camera/bridge) by extension 'python'
[0.100s] Level 1:colcon.colcon_core.package_identification:_identify(simulation/isaac-sim/exts/sl.sensor.camera.bridge/sl/sensor/camera/bridge) by extensions ['python_setup_py']
[0.100s] Level 1:colcon.colcon_core.package_identification:_identify(simulation/isaac-sim/exts/sl.sensor.camera.bridge/sl/sensor/camera/bridge) by extension 'python_setup_py'
[0.100s] Level 1:colcon.colcon_core.package_identification:_identify(simulation/isaac-sim/exts/sl.sensor.camera.bridge/sl/sensor/camera/bridge/__pycache__) by extensions ['ignore', 'ignore_ament_install']
[0.100s] Level 1:colcon.colcon_core.package_identification:_identify(simulation/isaac-sim/exts/sl.sensor.camera.bridge/sl/sensor/camera/bridge/__pycache__) by extension 'ignore'
[0.100s] Level 1:colcon.colcon_core.package_identification:_identify(simulation/isaac-sim/exts/sl.sensor.camera.bridge/sl/sensor/camera/bridge/__pycache__) by extension 'ignore_ament_install'
[0.100s] Level 1:colcon.colcon_core.package_identification:_identify(simulation/isaac-sim/exts/sl.sensor.camera.bridge/sl/sensor/camera/bridge/__pycache__) by extensions ['colcon_pkg']
[0.100s] Level 1:colcon.colcon_core.package_identification:_identify(simulation/isaac-sim/exts/sl.sensor.camera.bridge/sl/sensor/camera/bridge/__pycache__) by extension 'colcon_pkg'
[0.100s] Level 1:colcon.colcon_core.package_identification:_identify(simulation/isaac-sim/exts/sl.sensor.camera.bridge/sl/sensor/camera/bridge/__pycache__) by extensions ['colcon_meta']
[0.100s] Level 1:colcon.colcon_core.package_identification:_identify(simulation/isaac-sim/exts/sl.sensor.camera.bridge/sl/sensor/camera/bridge/__pycache__) by extension 'colcon_meta'
[0.100s] Level 1:colcon.colcon_core.package_identification:_identify(simulation/isaac-sim/exts/sl.sensor.camera.bridge/sl/sensor/camera/bridge/__pycache__) by extensions ['ros']
[0.100s] Level 1:colcon.colcon_core.package_identification:_identify(simulation/isaac-sim/exts/sl.sensor.camera.bridge/sl/sensor/camera/bridge/__pycache__) by extension 'ros'
[0.100s] Level 1:colcon.colcon_core.package_identification:_identify(simulation/isaac-sim/exts/sl.sensor.camera.bridge/sl/sensor/camera/bridge/__pycache__) by extensions ['cmake', 'python']
[0.100s] Level 1:colcon.colcon_core.package_identification:_identify(simulation/isaac-sim/exts/sl.sensor.camera.bridge/sl/sensor/camera/bridge/__pycache__) by extension 'cmake'
[0.100s] Level 1:colcon.colcon_core.package_identification:_identify(simulation/isaac-sim/exts/sl.sensor.camera.bridge/sl/sensor/camera/bridge/__pycache__) by extension 'python'
[0.100s] Level 1:colcon.colcon_core.package_identification:_identify(simulation/isaac-sim/exts/sl.sensor.camera.bridge/sl/sensor/camera/bridge/__pycache__) by extensions ['python_setup_py']
[0.100s] Level 1:colcon.colcon_core.package_identification:_identify(simulation/isaac-sim/exts/sl.sensor.camera.bridge/sl/sensor/camera/bridge/__pycache__) by extension 'python_setup_py'
[0.100s] Level 1:colcon.colcon_core.package_identification:_identify(simulation/isaac-sim/exts/sl.sensor.camera.bridge/sl/sensor/camera/bridge/ogn) by extensions ['ignore', 'ignore_ament_install']
[0.100s] Level 1:colcon.colcon_core.package_identification:_identify(simulation/isaac-sim/exts/sl.sensor.camera.bridge/sl/sensor/camera/bridge/ogn) by extension 'ignore'
[0.100s] Level 1:colcon.colcon_core.package_identification:_identify(simulation/isaac-sim/exts/sl.sensor.camera.bridge/sl/sensor/camera/bridge/ogn) by extension 'ignore_ament_install'
[0.100s] Level 1:colcon.colcon_core.package_identification:_identify(simulation/isaac-sim/exts/sl.sensor.camera.bridge/sl/sensor/camera/bridge/ogn) by extensions ['colcon_pkg']
[0.100s] Level 1:colcon.colcon_core.package_identification:_identify(simulation/isaac-sim/exts/sl.sensor.camera.bridge/sl/sensor/camera/bridge/ogn) by extension 'colcon_pkg'
[0.100s] Level 1:colcon.colcon_core.package_identification:_identify(simulation/isaac-sim/exts/sl.sensor.camera.bridge/sl/sensor/camera/bridge/ogn) by extensions ['colcon_meta']
[0.100s] Level 1:colcon.colcon_core.package_identification:_identify(simulation/isaac-sim/exts/sl.sensor.camera.bridge/sl/sensor/camera/bridge/ogn) by extension 'colcon_meta'
[0.100s] Level 1:colcon.colcon_core.package_identification:_identify(simulation/isaac-sim/exts/sl.sensor.camera.bridge/sl/sensor/camera/bridge/ogn) by extensions ['ros']
[0.100s] Level 1:colcon.colcon_core.package_identification:_identify(simulation/isaac-sim/exts/sl.sensor.camera.bridge/sl/sensor/camera/bridge/ogn) by extension 'ros'
[0.101s] Level 1:colcon.colcon_core.package_identification:_identify(simulation/isaac-sim/exts/sl.sensor.camera.bridge/sl/sensor/camera/bridge/ogn) by extensions ['cmake', 'python']
[0.101s] Level 1:colcon.colcon_core.package_identification:_identify(simulation/isaac-sim/exts/sl.sensor.camera.bridge/sl/sensor/camera/bridge/ogn) by extension 'cmake'
[0.101s] Level 1:colcon.colcon_core.package_identification:_identify(simulation/isaac-sim/exts/sl.sensor.camera.bridge/sl/sensor/camera/bridge/ogn) by extension 'python'
[0.101s] Level 1:colcon.colcon_core.package_identification:_identify(simulation/isaac-sim/exts/sl.sensor.camera.bridge/sl/sensor/camera/bridge/ogn) by extensions ['python_setup_py']
[0.101s] Level 1:colcon.colcon_core.package_identification:_identify(simulation/isaac-sim/exts/sl.sensor.camera.bridge/sl/sensor/camera/bridge/ogn) by extension 'python_setup_py'
[0.101s] Level 1:colcon.colcon_core.package_identification:_identify(simulation/isaac-sim/exts/sl.sensor.camera.bridge/sl/sensor/camera/bridge/ogn/tests) by extensions ['ignore', 'ignore_ament_install']
[0.101s] Level 1:colcon.colcon_core.package_identification:_identify(simulation/isaac-sim/exts/sl.sensor.camera.bridge/sl/sensor/camera/bridge/ogn/tests) by extension 'ignore'
[0.101s] Level 1:colcon.colcon_core.package_identification:_identify(simulation/isaac-sim/exts/sl.sensor.camera.bridge/sl/sensor/camera/bridge/ogn/tests) by extension 'ignore_ament_install'
[0.101s] Level 1:colcon.colcon_core.package_identification:_identify(simulation/isaac-sim/exts/sl.sensor.camera.bridge/sl/sensor/camera/bridge/ogn/tests) by extensions ['colcon_pkg']
[0.101s] Level 1:colcon.colcon_core.package_identification:_identify(simulation/isaac-sim/exts/sl.sensor.camera.bridge/sl/sensor/camera/bridge/ogn/tests) by extension 'colcon_pkg'
[0.101s] Level 1:colcon.colcon_core.package_identification:_identify(simulation/isaac-sim/exts/sl.sensor.camera.bridge/sl/sensor/camera/bridge/ogn/tests) by extensions ['colcon_meta']
[0.101s] Level 1:colcon.colcon_core.package_identification:_identify(simulation/isaac-sim/exts/sl.sensor.camera.bridge/sl/sensor/camera/bridge/ogn/tests) by extension 'colcon_meta'
[0.101s] Level 1:colcon.colcon_core.package_identification:_identify(simulation/isaac-sim/exts/sl.sensor.camera.bridge/sl/sensor/camera/bridge/ogn/tests) by extensions ['ros']
[0.101s] Level 1:colcon.colcon_core.package_identification:_identify(simulation/isaac-sim/exts/sl.sensor.camera.bridge/sl/sensor/camera/bridge/ogn/tests) by extension 'ros'
[0.101s] Level 1:colcon.colcon_core.package_identification:_identify(simulation/isaac-sim/exts/sl.sensor.camera.bridge/sl/sensor/camera/bridge/ogn/tests) by extensions ['cmake', 'python']
[0.101s] Level 1:colcon.colcon_core.package_identification:_identify(simulation/isaac-sim/exts/sl.sensor.camera.bridge/sl/sensor/camera/bridge/ogn/tests) by extension 'cmake'
[0.101s] Level 1:colcon.colcon_core.package_identification:_identify(simulation/isaac-sim/exts/sl.sensor.camera.bridge/sl/sensor/camera/bridge/ogn/tests) by extension 'python'
[0.101s] Level 1:colcon.colcon_core.package_identification:_identify(simulation/isaac-sim/exts/sl.sensor.camera.bridge/sl/sensor/camera/bridge/ogn/tests) by extensions ['python_setup_py']
[0.101s] Level 1:colcon.colcon_core.package_identification:_identify(simulation/isaac-sim/exts/sl.sensor.camera.bridge/sl/sensor/camera/bridge/ogn/tests) by extension 'python_setup_py'
[0.101s] Level 1:colcon.colcon_core.package_identification:_identify(simulation/isaac-sim/exts/sl.sensor.camera.bridge/sl/sensor/camera/bridge/ogn/tests/usd) by extensions ['ignore', 'ignore_ament_install']
[0.101s] Level 1:colcon.colcon_core.package_identification:_identify(simulation/isaac-sim/exts/sl.sensor.camera.bridge/sl/sensor/camera/bridge/ogn/tests/usd) by extension 'ignore'
[0.101s] Level 1:colcon.colcon_core.package_identification:_identify(simulation/isaac-sim/exts/sl.sensor.camera.bridge/sl/sensor/camera/bridge/ogn/tests/usd) by extension 'ignore_ament_install'
[0.101s] Level 1:colcon.colcon_core.package_identification:_identify(simulation/isaac-sim/exts/sl.sensor.camera.bridge/sl/sensor/camera/bridge/ogn/tests/usd) by extensions ['colcon_pkg']
[0.101s] Level 1:colcon.colcon_core.package_identification:_identify(simulation/isaac-sim/exts/sl.sensor.camera.bridge/sl/sensor/camera/bridge/ogn/tests/usd) by extension 'colcon_pkg'
[0.101s] Level 1:colcon.colcon_core.package_identification:_identify(simulation/isaac-sim/exts/sl.sensor.camera.bridge/sl/sensor/camera/bridge/ogn/tests/usd) by extensions ['colcon_meta']
[0.101s] Level 1:colcon.colcon_core.package_identification:_identify(simulation/isaac-sim/exts/sl.sensor.camera.bridge/sl/sensor/camera/bridge/ogn/tests/usd) by extension 'colcon_meta'
[0.101s] Level 1:colcon.colcon_core.package_identification:_identify(simulation/isaac-sim/exts/sl.sensor.camera.bridge/sl/sensor/camera/bridge/ogn/tests/usd) by extensions ['ros']
[0.101s] Level 1:colcon.colcon_core.package_identification:_identify(simulation/isaac-sim/exts/sl.sensor.camera.bridge/sl/sensor/camera/bridge/ogn/tests/usd) by extension 'ros'
[0.101s] Level 1:colcon.colcon_core.package_identification:_identify(simulation/isaac-sim/exts/sl.sensor.camera.bridge/sl/sensor/camera/bridge/ogn/tests/usd) by extensions ['cmake', 'python']
[0.101s] Level 1:colcon.colcon_core.package_identification:_identify(simulation/isaac-sim/exts/sl.sensor.camera.bridge/sl/sensor/camera/bridge/ogn/tests/usd) by extension 'cmake'
[0.101s] Level 1:colcon.colcon_core.package_identification:_identify(simulation/isaac-sim/exts/sl.sensor.camera.bridge/sl/sensor/camera/bridge/ogn/tests/usd) by extension 'python'
[0.101s] Level 1:colcon.colcon_core.package_identification:_identify(simulation/isaac-sim/exts/sl.sensor.camera.bridge/sl/sensor/camera/bridge/ogn/tests/usd) by extensions ['python_setup_py']
[0.101s] Level 1:colcon.colcon_core.package_identification:_identify(simulation/isaac-sim/exts/sl.sensor.camera.bridge/sl/sensor/camera/bridge/ogn/tests/usd) by extension 'python_setup_py'
[0.101s] Level 1:colcon.colcon_core.package_identification:_identify(simulation/isaac-sim/exts/sl.sensor.camera.calibration_exporter) by extensions ['ignore', 'ignore_ament_install']
[0.101s] Level 1:colcon.colcon_core.package_identification:_identify(simulation/isaac-sim/exts/sl.sensor.camera.calibration_exporter) by extension 'ignore'
[0.101s] Level 1:colcon.colcon_core.package_identification:_identify(simulation/isaac-sim/exts/sl.sensor.camera.calibration_exporter) by extension 'ignore_ament_install'
[0.101s] Level 1:colcon.colcon_core.package_identification:_identify(simulation/isaac-sim/exts/sl.sensor.camera.calibration_exporter) by extensions ['colcon_pkg']
[0.101s] Level 1:colcon.colcon_core.package_identification:_identify(simulation/isaac-sim/exts/sl.sensor.camera.calibration_exporter) by extension 'colcon_pkg'
[0.101s] Level 1:colcon.colcon_core.package_identification:_identify(simulation/isaac-sim/exts/sl.sensor.camera.calibration_exporter) by extensions ['colcon_meta']
[0.101s] Level 1:colcon.colcon_core.package_identification:_identify(simulation/isaac-sim/exts/sl.sensor.camera.calibration_exporter) by extension 'colcon_meta'
[0.101s] Level 1:colcon.colcon_core.package_identification:_identify(simulation/isaac-sim/exts/sl.sensor.camera.calibration_exporter) by extensions ['ros']
[0.101s] Level 1:colcon.colcon_core.package_identification:_identify(simulation/isaac-sim/exts/sl.sensor.camera.calibration_exporter) by extension 'ros'
[0.101s] Level 1:colcon.colcon_core.package_identification:_identify(simulation/isaac-sim/exts/sl.sensor.camera.calibration_exporter) by extensions ['cmake', 'python']
[0.101s] Level 1:colcon.colcon_core.package_identification:_identify(simulation/isaac-sim/exts/sl.sensor.camera.calibration_exporter) by extension 'cmake'
[0.101s] Level 1:colcon.colcon_core.package_identification:_identify(simulation/isaac-sim/exts/sl.sensor.camera.calibration_exporter) by extension 'python'
[0.101s] Level 1:colcon.colcon_core.package_identification:_identify(simulation/isaac-sim/exts/sl.sensor.camera.calibration_exporter) by extensions ['python_setup_py']
[0.101s] Level 1:colcon.colcon_core.package_identification:_identify(simulation/isaac-sim/exts/sl.sensor.camera.calibration_exporter) by extension 'python_setup_py'
[0.101s] Level 1:colcon.colcon_core.package_identification:_identify(simulation/isaac-sim/exts/sl.sensor.camera.calibration_exporter/config) by extensions ['ignore', 'ignore_ament_install']
[0.101s] Level 1:colcon.colcon_core.package_identification:_identify(simulation/isaac-sim/exts/sl.sensor.camera.calibration_exporter/config) by extension 'ignore'
[0.101s] Level 1:colcon.colcon_core.package_identification:_identify(simulation/isaac-sim/exts/sl.sensor.camera.calibration_exporter/config) by extension 'ignore_ament_install'
[0.101s] Level 1:colcon.colcon_core.package_identification:_identify(simulation/isaac-sim/exts/sl.sensor.camera.calibration_exporter/config) by extensions ['colcon_pkg']
[0.101s] Level 1:colcon.colcon_core.package_identification:_identify(simulation/isaac-sim/exts/sl.sensor.camera.calibration_exporter/config) by extension 'colcon_pkg'
[0.101s] Level 1:colcon.colcon_core.package_identification:_identify(simulation/isaac-sim/exts/sl.sensor.camera.calibration_exporter/config) by extensions ['colcon_meta']
[0.101s] Level 1:colcon.colcon_core.package_identification:_identify(simulation/isaac-sim/exts/sl.sensor.camera.calibration_exporter/config) by extension 'colcon_meta'
[0.101s] Level 1:colcon.colcon_core.package_identification:_identify(simulation/isaac-sim/exts/sl.sensor.camera.calibration_exporter/config) by extensions ['ros']
[0.101s] Level 1:colcon.colcon_core.package_identification:_identify(simulation/isaac-sim/exts/sl.sensor.camera.calibration_exporter/config) by extension 'ros'
[0.101s] Level 1:colcon.colcon_core.package_identification:_identify(simulation/isaac-sim/exts/sl.sensor.camera.calibration_exporter/config) by extensions ['cmake', 'python']
[0.101s] Level 1:colcon.colcon_core.package_identification:_identify(simulation/isaac-sim/exts/sl.sensor.camera.calibration_exporter/config) by extension 'cmake'
[0.101s] Level 1:colcon.colcon_core.package_identification:_identify(simulation/isaac-sim/exts/sl.sensor.camera.calibration_exporter/config) by extension 'python'
[0.101s] Level 1:colcon.colcon_core.package_identification:_identify(simulation/isaac-sim/exts/sl.sensor.camera.calibration_exporter/config) by extensions ['python_setup_py']
[0.101s] Level 1:colcon.colcon_core.package_identification:_identify(simulation/isaac-sim/exts/sl.sensor.camera.calibration_exporter/config) by extension 'python_setup_py'
[0.101s] Level 1:colcon.colcon_core.package_identification:_identify(simulation/isaac-sim/exts/sl.sensor.camera.calibration_exporter/data) by extensions ['ignore', 'ignore_ament_install']
[0.101s] Level 1:colcon.colcon_core.package_identification:_identify(simulation/isaac-sim/exts/sl.sensor.camera.calibration_exporter/data) by extension 'ignore'
[0.101s] Level 1:colcon.colcon_core.package_identification:_identify(simulation/isaac-sim/exts/sl.sensor.camera.calibration_exporter/data) by extension 'ignore_ament_install'
[0.101s] Level 1:colcon.colcon_core.package_identification:_identify(simulation/isaac-sim/exts/sl.sensor.camera.calibration_exporter/data) by extensions ['colcon_pkg']
[0.101s] Level 1:colcon.colcon_core.package_identification:_identify(simulation/isaac-sim/exts/sl.sensor.camera.calibration_exporter/data) by extension 'colcon_pkg'
[0.101s] Level 1:colcon.colcon_core.package_identification:_identify(simulation/isaac-sim/exts/sl.sensor.camera.calibration_exporter/data) by extensions ['colcon_meta']
[0.101s] Level 1:colcon.colcon_core.package_identification:_identify(simulation/isaac-sim/exts/sl.sensor.camera.calibration_exporter/data) by extension 'colcon_meta'
[0.101s] Level 1:colcon.colcon_core.package_identification:_identify(simulation/isaac-sim/exts/sl.sensor.camera.calibration_exporter/data) by extensions ['ros']
[0.101s] Level 1:colcon.colcon_core.package_identification:_identify(simulation/isaac-sim/exts/sl.sensor.camera.calibration_exporter/data) by extension 'ros'
[0.101s] Level 1:colcon.colcon_core.package_identification:_identify(simulation/isaac-sim/exts/sl.sensor.camera.calibration_exporter/data) by extensions ['cmake', 'python']
[0.101s] Level 1:colcon.colcon_core.package_identification:_identify(simulation/isaac-sim/exts/sl.sensor.camera.calibration_exporter/data) by extension 'cmake'
[0.101s] Level 1:colcon.colcon_core.package_identification:_identify(simulation/isaac-sim/exts/sl.sensor.camera.calibration_exporter/data) by extension 'python'
[0.101s] Level 1:colcon.colcon_core.package_identification:_identify(simulation/isaac-sim/exts/sl.sensor.camera.calibration_exporter/data) by extensions ['python_setup_py']
[0.101s] Level 1:colcon.colcon_core.package_identification:_identify(simulation/isaac-sim/exts/sl.sensor.camera.calibration_exporter/data) by extension 'python_setup_py'
[0.102s] Level 1:colcon.colcon_core.package_identification:_identify(simulation/isaac-sim/exts/sl.sensor.camera.calibration_exporter/docs) by extensions ['ignore', 'ignore_ament_install']
[0.102s] Level 1:colcon.colcon_core.package_identification:_identify(simulation/isaac-sim/exts/sl.sensor.camera.calibration_exporter/docs) by extension 'ignore'
[0.102s] Level 1:colcon.colcon_core.package_identification:_identify(simulation/isaac-sim/exts/sl.sensor.camera.calibration_exporter/docs) by extension 'ignore_ament_install'
[0.102s] Level 1:colcon.colcon_core.package_identification:_identify(simulation/isaac-sim/exts/sl.sensor.camera.calibration_exporter/docs) by extensions ['colcon_pkg']
[0.102s] Level 1:colcon.colcon_core.package_identification:_identify(simulation/isaac-sim/exts/sl.sensor.camera.calibration_exporter/docs) by extension 'colcon_pkg'
[0.102s] Level 1:colcon.colcon_core.package_identification:_identify(simulation/isaac-sim/exts/sl.sensor.camera.calibration_exporter/docs) by extensions ['colcon_meta']
[0.102s] Level 1:colcon.colcon_core.package_identification:_identify(simulation/isaac-sim/exts/sl.sensor.camera.calibration_exporter/docs) by extension 'colcon_meta'
[0.102s] Level 1:colcon.colcon_core.package_identification:_identify(simulation/isaac-sim/exts/sl.sensor.camera.calibration_exporter/docs) by extensions ['ros']
[0.102s] Level 1:colcon.colcon_core.package_identification:_identify(simulation/isaac-sim/exts/sl.sensor.camera.calibration_exporter/docs) by extension 'ros'
[0.102s] Level 1:colcon.colcon_core.package_identification:_identify(simulation/isaac-sim/exts/sl.sensor.camera.calibration_exporter/docs) by extensions ['cmake', 'python']
[0.102s] Level 1:colcon.colcon_core.package_identification:_identify(simulation/isaac-sim/exts/sl.sensor.camera.calibration_exporter/docs) by extension 'cmake'
[0.102s] Level 1:colcon.colcon_core.package_identification:_identify(simulation/isaac-sim/exts/sl.sensor.camera.calibration_exporter/docs) by extension 'python'
[0.102s] Level 1:colcon.colcon_core.package_identification:_identify(simulation/isaac-sim/exts/sl.sensor.camera.calibration_exporter/docs) by extensions ['python_setup_py']
[0.102s] Level 1:colcon.colcon_core.package_identification:_identify(simulation/isaac-sim/exts/sl.sensor.camera.calibration_exporter/docs) by extension 'python_setup_py'
[0.102s] Level 1:colcon.colcon_core.package_identification:_identify(simulation/isaac-sim/exts/sl.sensor.camera.calibration_exporter/sl) by extensions ['ignore', 'ignore_ament_install']
[0.102s] Level 1:colcon.colcon_core.package_identification:_identify(simulation/isaac-sim/exts/sl.sensor.camera.calibration_exporter/sl) by extension 'ignore'
[0.102s] Level 1:colcon.colcon_core.package_identification:_identify(simulation/isaac-sim/exts/sl.sensor.camera.calibration_exporter/sl) by extension 'ignore_ament_install'
[0.102s] Level 1:colcon.colcon_core.package_identification:_identify(simulation/isaac-sim/exts/sl.sensor.camera.calibration_exporter/sl) by extensions ['colcon_pkg']
[0.102s] Level 1:colcon.colcon_core.package_identification:_identify(simulation/isaac-sim/exts/sl.sensor.camera.calibration_exporter/sl) by extension 'colcon_pkg'
[0.102s] Level 1:colcon.colcon_core.package_identification:_identify(simulation/isaac-sim/exts/sl.sensor.camera.calibration_exporter/sl) by extensions ['colcon_meta']
[0.102s] Level 1:colcon.colcon_core.package_identification:_identify(simulation/isaac-sim/exts/sl.sensor.camera.calibration_exporter/sl) by extension 'colcon_meta'
[0.102s] Level 1:colcon.colcon_core.package_identification:_identify(simulation/isaac-sim/exts/sl.sensor.camera.calibration_exporter/sl) by extensions ['ros']
[0.102s] Level 1:colcon.colcon_core.package_identification:_identify(simulation/isaac-sim/exts/sl.sensor.camera.calibration_exporter/sl) by extension 'ros'
[0.102s] Level 1:colcon.colcon_core.package_identification:_identify(simulation/isaac-sim/exts/sl.sensor.camera.calibration_exporter/sl) by extensions ['cmake', 'python']
[0.102s] Level 1:colcon.colcon_core.package_identification:_identify(simulation/isaac-sim/exts/sl.sensor.camera.calibration_exporter/sl) by extension 'cmake'
[0.102s] Level 1:colcon.colcon_core.package_identification:_identify(simulation/isaac-sim/exts/sl.sensor.camera.calibration_exporter/sl) by extension 'python'
[0.102s] Level 1:colcon.colcon_core.package_identification:_identify(simulation/isaac-sim/exts/sl.sensor.camera.calibration_exporter/sl) by extensions ['python_setup_py']
[0.102s] Level 1:colcon.colcon_core.package_identification:_identify(simulation/isaac-sim/exts/sl.sensor.camera.calibration_exporter/sl) by extension 'python_setup_py'
[0.102s] Level 1:colcon.colcon_core.package_identification:_identify(simulation/isaac-sim/exts/sl.sensor.camera.calibration_exporter/sl/sensor) by extensions ['ignore', 'ignore_ament_install']
[0.102s] Level 1:colcon.colcon_core.package_identification:_identify(simulation/isaac-sim/exts/sl.sensor.camera.calibration_exporter/sl/sensor) by extension 'ignore'
[0.102s] Level 1:colcon.colcon_core.package_identification:_identify(simulation/isaac-sim/exts/sl.sensor.camera.calibration_exporter/sl/sensor) by extension 'ignore_ament_install'
[0.102s] Level 1:colcon.colcon_core.package_identification:_identify(simulation/isaac-sim/exts/sl.sensor.camera.calibration_exporter/sl/sensor) by extensions ['colcon_pkg']
[0.102s] Level 1:colcon.colcon_core.package_identification:_identify(simulation/isaac-sim/exts/sl.sensor.camera.calibration_exporter/sl/sensor) by extension 'colcon_pkg'
[0.102s] Level 1:colcon.colcon_core.package_identification:_identify(simulation/isaac-sim/exts/sl.sensor.camera.calibration_exporter/sl/sensor) by extensions ['colcon_meta']
[0.102s] Level 1:colcon.colcon_core.package_identification:_identify(simulation/isaac-sim/exts/sl.sensor.camera.calibration_exporter/sl/sensor) by extension 'colcon_meta'
[0.102s] Level 1:colcon.colcon_core.package_identification:_identify(simulation/isaac-sim/exts/sl.sensor.camera.calibration_exporter/sl/sensor) by extensions ['ros']
[0.102s] Level 1:colcon.colcon_core.package_identification:_identify(simulation/isaac-sim/exts/sl.sensor.camera.calibration_exporter/sl/sensor) by extension 'ros'
[0.102s] Level 1:colcon.colcon_core.package_identification:_identify(simulation/isaac-sim/exts/sl.sensor.camera.calibration_exporter/sl/sensor) by extensions ['cmake', 'python']
[0.102s] Level 1:colcon.colcon_core.package_identification:_identify(simulation/isaac-sim/exts/sl.sensor.camera.calibration_exporter/sl/sensor) by extension 'cmake'
[0.102s] Level 1:colcon.colcon_core.package_identification:_identify(simulation/isaac-sim/exts/sl.sensor.camera.calibration_exporter/sl/sensor) by extension 'python'
[0.102s] Level 1:colcon.colcon_core.package_identification:_identify(simulation/isaac-sim/exts/sl.sensor.camera.calibration_exporter/sl/sensor) by extensions ['python_setup_py']
[0.102s] Level 1:colcon.colcon_core.package_identification:_identify(simulation/isaac-sim/exts/sl.sensor.camera.calibration_exporter/sl/sensor) by extension 'python_setup_py'
[0.102s] Level 1:colcon.colcon_core.package_identification:_identify(simulation/isaac-sim/exts/sl.sensor.camera.calibration_exporter/sl/sensor/camera) by extensions ['ignore', 'ignore_ament_install']
[0.102s] Level 1:colcon.colcon_core.package_identification:_identify(simulation/isaac-sim/exts/sl.sensor.camera.calibration_exporter/sl/sensor/camera) by extension 'ignore'
[0.102s] Level 1:colcon.colcon_core.package_identification:_identify(simulation/isaac-sim/exts/sl.sensor.camera.calibration_exporter/sl/sensor/camera) by extension 'ignore_ament_install'
[0.102s] Level 1:colcon.colcon_core.package_identification:_identify(simulation/isaac-sim/exts/sl.sensor.camera.calibration_exporter/sl/sensor/camera) by extensions ['colcon_pkg']
[0.102s] Level 1:colcon.colcon_core.package_identification:_identify(simulation/isaac-sim/exts/sl.sensor.camera.calibration_exporter/sl/sensor/camera) by extension 'colcon_pkg'
[0.102s] Level 1:colcon.colcon_core.package_identification:_identify(simulation/isaac-sim/exts/sl.sensor.camera.calibration_exporter/sl/sensor/camera) by extensions ['colcon_meta']
[0.102s] Level 1:colcon.colcon_core.package_identification:_identify(simulation/isaac-sim/exts/sl.sensor.camera.calibration_exporter/sl/sensor/camera) by extension 'colcon_meta'
[0.102s] Level 1:colcon.colcon_core.package_identification:_identify(simulation/isaac-sim/exts/sl.sensor.camera.calibration_exporter/sl/sensor/camera) by extensions ['ros']
[0.102s] Level 1:colcon.colcon_core.package_identification:_identify(simulation/isaac-sim/exts/sl.sensor.camera.calibration_exporter/sl/sensor/camera) by extension 'ros'
[0.102s] Level 1:colcon.colcon_core.package_identification:_identify(simulation/isaac-sim/exts/sl.sensor.camera.calibration_exporter/sl/sensor/camera) by extensions ['cmake', 'python']
[0.102s] Level 1:colcon.colcon_core.package_identification:_identify(simulation/isaac-sim/exts/sl.sensor.camera.calibration_exporter/sl/sensor/camera) by extension 'cmake'
[0.102s] Level 1:colcon.colcon_core.package_identification:_identify(simulation/isaac-sim/exts/sl.sensor.camera.calibration_exporter/sl/sensor/camera) by extension 'python'
[0.102s] Level 1:colcon.colcon_core.package_identification:_identify(simulation/isaac-sim/exts/sl.sensor.camera.calibration_exporter/sl/sensor/camera) by extensions ['python_setup_py']
[0.102s] Level 1:colcon.colcon_core.package_identification:_identify(simulation/isaac-sim/exts/sl.sensor.camera.calibration_exporter/sl/sensor/camera) by extension 'python_setup_py'
[0.102s] Level 1:colcon.colcon_core.package_identification:_identify(simulation/isaac-sim/exts/sl.sensor.camera.calibration_exporter/sl/sensor/camera/calibration_exporter) by extensions ['ignore', 'ignore_ament_install']
[0.102s] Level 1:colcon.colcon_core.package_identification:_identify(simulation/isaac-sim/exts/sl.sensor.camera.calibration_exporter/sl/sensor/camera/calibration_exporter) by extension 'ignore'
[0.102s] Level 1:colcon.colcon_core.package_identification:_identify(simulation/isaac-sim/exts/sl.sensor.camera.calibration_exporter/sl/sensor/camera/calibration_exporter) by extension 'ignore_ament_install'
[0.102s] Level 1:colcon.colcon_core.package_identification:_identify(simulation/isaac-sim/exts/sl.sensor.camera.calibration_exporter/sl/sensor/camera/calibration_exporter) by extensions ['colcon_pkg']
[0.102s] Level 1:colcon.colcon_core.package_identification:_identify(simulation/isaac-sim/exts/sl.sensor.camera.calibration_exporter/sl/sensor/camera/calibration_exporter) by extension 'colcon_pkg'
[0.102s] Level 1:colcon.colcon_core.package_identification:_identify(simulation/isaac-sim/exts/sl.sensor.camera.calibration_exporter/sl/sensor/camera/calibration_exporter) by extensions ['colcon_meta']
[0.102s] Level 1:colcon.colcon_core.package_identification:_identify(simulation/isaac-sim/exts/sl.sensor.camera.calibration_exporter/sl/sensor/camera/calibration_exporter) by extension 'colcon_meta'
[0.102s] Level 1:colcon.colcon_core.package_identification:_identify(simulation/isaac-sim/exts/sl.sensor.camera.calibration_exporter/sl/sensor/camera/calibration_exporter) by extensions ['ros']
[0.102s] Level 1:colcon.colcon_core.package_identification:_identify(simulation/isaac-sim/exts/sl.sensor.camera.calibration_exporter/sl/sensor/camera/calibration_exporter) by extension 'ros'
[0.102s] Level 1:colcon.colcon_core.package_identification:_identify(simulation/isaac-sim/exts/sl.sensor.camera.calibration_exporter/sl/sensor/camera/calibration_exporter) by extensions ['cmake', 'python']
[0.102s] Level 1:colcon.colcon_core.package_identification:_identify(simulation/isaac-sim/exts/sl.sensor.camera.calibration_exporter/sl/sensor/camera/calibration_exporter) by extension 'cmake'
[0.102s] Level 1:colcon.colcon_core.package_identification:_identify(simulation/isaac-sim/exts/sl.sensor.camera.calibration_exporter/sl/sensor/camera/calibration_exporter) by extension 'python'
[0.102s] Level 1:colcon.colcon_core.package_identification:_identify(simulation/isaac-sim/exts/sl.sensor.camera.calibration_exporter/sl/sensor/camera/calibration_exporter) by extensions ['python_setup_py']
[0.102s] Level 1:colcon.colcon_core.package_identification:_identify(simulation/isaac-sim/exts/sl.sensor.camera.calibration_exporter/sl/sensor/camera/calibration_exporter) by extension 'python_setup_py'
[0.102s] Level 1:colcon.colcon_core.package_identification:_identify(simulation/isaac-sim/meshes) by extensions ['ignore', 'ignore_ament_install']
[0.102s] Level 1:colcon.colcon_core.package_identification:_identify(simulation/isaac-sim/meshes) by extension 'ignore'
[0.102s] Level 1:colcon.colcon_core.package_identification:_identify(simulation/isaac-sim/meshes) by extension 'ignore_ament_install'
[0.102s] Level 1:colcon.colcon_core.package_identification:_identify(simulation/isaac-sim/meshes) by extensions ['colcon_pkg']
[0.103s] Level 1:colcon.colcon_core.package_identification:_identify(simulation/isaac-sim/meshes) by extension 'colcon_pkg'
[0.103s] Level 1:colcon.colcon_core.package_identification:_identify(simulation/isaac-sim/meshes) by extensions ['colcon_meta']
[0.103s] Level 1:colcon.colcon_core.package_identification:_identify(simulation/isaac-sim/meshes) by extension 'colcon_meta'
[0.103s] Level 1:colcon.colcon_core.package_identification:_identify(simulation/isaac-sim/meshes) by extensions ['ros']
[0.103s] Level 1:colcon.colcon_core.package_identification:_identify(simulation/isaac-sim/meshes) by extension 'ros'
[0.103s] Level 1:colcon.colcon_core.package_identification:_identify(simulation/isaac-sim/meshes) by extensions ['cmake', 'python']
[0.103s] Level 1:colcon.colcon_core.package_identification:_identify(simulation/isaac-sim/meshes) by extension 'cmake'
[0.103s] Level 1:colcon.colcon_core.package_identification:_identify(simulation/isaac-sim/meshes) by extension 'python'
[0.103s] Level 1:colcon.colcon_core.package_identification:_identify(simulation/isaac-sim/meshes) by extensions ['python_setup_py']
[0.103s] Level 1:colcon.colcon_core.package_identification:_identify(simulation/isaac-sim/meshes) by extension 'python_setup_py'
[0.103s] Level 1:colcon.colcon_core.package_identification:_identify(simulation/isaac-sim/meshes_old) by extensions ['ignore', 'ignore_ament_install']
[0.103s] Level 1:colcon.colcon_core.package_identification:_identify(simulation/isaac-sim/meshes_old) by extension 'ignore'
[0.103s] Level 1:colcon.colcon_core.package_identification:_identify(simulation/isaac-sim/meshes_old) by extension 'ignore_ament_install'
[0.103s] Level 1:colcon.colcon_core.package_identification:_identify(simulation/isaac-sim/meshes_old) by extensions ['colcon_pkg']
[0.103s] Level 1:colcon.colcon_core.package_identification:_identify(simulation/isaac-sim/meshes_old) by extension 'colcon_pkg'
[0.103s] Level 1:colcon.colcon_core.package_identification:_identify(simulation/isaac-sim/meshes_old) by extensions ['colcon_meta']
[0.103s] Level 1:colcon.colcon_core.package_identification:_identify(simulation/isaac-sim/meshes_old) by extension 'colcon_meta'
[0.103s] Level 1:colcon.colcon_core.package_identification:_identify(simulation/isaac-sim/meshes_old) by extensions ['ros']
[0.103s] Level 1:colcon.colcon_core.package_identification:_identify(simulation/isaac-sim/meshes_old) by extension 'ros'
[0.103s] Level 1:colcon.colcon_core.package_identification:_identify(simulation/isaac-sim/meshes_old) by extensions ['cmake', 'python']
[0.103s] Level 1:colcon.colcon_core.package_identification:_identify(simulation/isaac-sim/meshes_old) by extension 'cmake'
[0.103s] Level 1:colcon.colcon_core.package_identification:_identify(simulation/isaac-sim/meshes_old) by extension 'python'
[0.103s] Level 1:colcon.colcon_core.package_identification:_identify(simulation/isaac-sim/meshes_old) by extensions ['python_setup_py']
[0.103s] Level 1:colcon.colcon_core.package_identification:_identify(simulation/isaac-sim/meshes_old) by extension 'python_setup_py'
[0.103s] Level 1:colcon.colcon_core.package_identification:_identify(simulation/isaac-sim/mobile_base_v2) by extensions ['ignore', 'ignore_ament_install']
[0.103s] Level 1:colcon.colcon_core.package_identification:_identify(simulation/isaac-sim/mobile_base_v2) by extension 'ignore'
[0.103s] Level 1:colcon.colcon_core.package_identification:_identify(simulation/isaac-sim/mobile_base_v2) by extension 'ignore_ament_install'
[0.103s] Level 1:colcon.colcon_core.package_identification:_identify(simulation/isaac-sim/mobile_base_v2) by extensions ['colcon_pkg']
[0.103s] Level 1:colcon.colcon_core.package_identification:_identify(simulation/isaac-sim/mobile_base_v2) by extension 'colcon_pkg'
[0.103s] Level 1:colcon.colcon_core.package_identification:_identify(simulation/isaac-sim/mobile_base_v2) by extensions ['colcon_meta']
[0.103s] Level 1:colcon.colcon_core.package_identification:_identify(simulation/isaac-sim/mobile_base_v2) by extension 'colcon_meta'
[0.103s] Level 1:colcon.colcon_core.package_identification:_identify(simulation/isaac-sim/mobile_base_v2) by extensions ['ros']
[0.103s] Level 1:colcon.colcon_core.package_identification:_identify(simulation/isaac-sim/mobile_base_v2) by extension 'ros'
[0.103s] Level 1:colcon.colcon_core.package_identification:_identify(simulation/isaac-sim/mobile_base_v2) by extensions ['cmake', 'python']
[0.103s] Level 1:colcon.colcon_core.package_identification:_identify(simulation/isaac-sim/mobile_base_v2) by extension 'cmake'
[0.103s] Level 1:colcon.colcon_core.package_identification:_identify(simulation/isaac-sim/mobile_base_v2) by extension 'python'
[0.103s] Level 1:colcon.colcon_core.package_identification:_identify(simulation/isaac-sim/mobile_base_v2) by extensions ['python_setup_py']
[0.103s] Level 1:colcon.colcon_core.package_identification:_identify(simulation/isaac-sim/mobile_base_v2) by extension 'python_setup_py'
[0.103s] Level 1:colcon.colcon_core.package_identification:_identify(simulation/isaac-sim/mobile_base_v2/Collected_working5) by extensions ['ignore', 'ignore_ament_install']
[0.103s] Level 1:colcon.colcon_core.package_identification:_identify(simulation/isaac-sim/mobile_base_v2/Collected_working5) by extension 'ignore'
[0.103s] Level 1:colcon.colcon_core.package_identification:_identify(simulation/isaac-sim/mobile_base_v2/Collected_working5) by extension 'ignore_ament_install'
[0.103s] Level 1:colcon.colcon_core.package_identification:_identify(simulation/isaac-sim/mobile_base_v2/Collected_working5) by extensions ['colcon_pkg']
[0.103s] Level 1:colcon.colcon_core.package_identification:_identify(simulation/isaac-sim/mobile_base_v2/Collected_working5) by extension 'colcon_pkg'
[0.103s] Level 1:colcon.colcon_core.package_identification:_identify(simulation/isaac-sim/mobile_base_v2/Collected_working5) by extensions ['colcon_meta']
[0.103s] Level 1:colcon.colcon_core.package_identification:_identify(simulation/isaac-sim/mobile_base_v2/Collected_working5) by extension 'colcon_meta'
[0.103s] Level 1:colcon.colcon_core.package_identification:_identify(simulation/isaac-sim/mobile_base_v2/Collected_working5) by extensions ['ros']
[0.103s] Level 1:colcon.colcon_core.package_identification:_identify(simulation/isaac-sim/mobile_base_v2/Collected_working5) by extension 'ros'
[0.103s] Level 1:colcon.colcon_core.package_identification:_identify(simulation/isaac-sim/mobile_base_v2/Collected_working5) by extensions ['cmake', 'python']
[0.103s] Level 1:colcon.colcon_core.package_identification:_identify(simulation/isaac-sim/mobile_base_v2/Collected_working5) by extension 'cmake'
[0.103s] Level 1:colcon.colcon_core.package_identification:_identify(simulation/isaac-sim/mobile_base_v2/Collected_working5) by extension 'python'
[0.103s] Level 1:colcon.colcon_core.package_identification:_identify(simulation/isaac-sim/mobile_base_v2/Collected_working5) by extensions ['python_setup_py']
[0.103s] Level 1:colcon.colcon_core.package_identification:_identify(simulation/isaac-sim/mobile_base_v2/Collected_working5) by extension 'python_setup_py'
[0.103s] Level 1:colcon.colcon_core.package_identification:_identify(simulation/isaac-sim/mobile_base_v2/Collected_working5/Documents) by extensions ['ignore', 'ignore_ament_install']
[0.103s] Level 1:colcon.colcon_core.package_identification:_identify(simulation/isaac-sim/mobile_base_v2/Collected_working5/Documents) by extension 'ignore'
[0.103s] Level 1:colcon.colcon_core.package_identification:_identify(simulation/isaac-sim/mobile_base_v2/Collected_working5/Documents) by extension 'ignore_ament_install'
[0.103s] Level 1:colcon.colcon_core.package_identification:_identify(simulation/isaac-sim/mobile_base_v2/Collected_working5/Documents) by extensions ['colcon_pkg']
[0.103s] Level 1:colcon.colcon_core.package_identification:_identify(simulation/isaac-sim/mobile_base_v2/Collected_working5/Documents) by extension 'colcon_pkg'
[0.103s] Level 1:colcon.colcon_core.package_identification:_identify(simulation/isaac-sim/mobile_base_v2/Collected_working5/Documents) by extensions ['colcon_meta']
[0.103s] Level 1:colcon.colcon_core.package_identification:_identify(simulation/isaac-sim/mobile_base_v2/Collected_working5/Documents) by extension 'colcon_meta'
[0.103s] Level 1:colcon.colcon_core.package_identification:_identify(simulation/isaac-sim/mobile_base_v2/Collected_working5/Documents) by extensions ['ros']
[0.103s] Level 1:colcon.colcon_core.package_identification:_identify(simulation/isaac-sim/mobile_base_v2/Collected_working5/Documents) by extension 'ros'
[0.103s] Level 1:colcon.colcon_core.package_identification:_identify(simulation/isaac-sim/mobile_base_v2/Collected_working5/Documents) by extensions ['cmake', 'python']
[0.103s] Level 1:colcon.colcon_core.package_identification:_identify(simulation/isaac-sim/mobile_base_v2/Collected_working5/Documents) by extension 'cmake'
[0.103s] Level 1:colcon.colcon_core.package_identification:_identify(simulation/isaac-sim/mobile_base_v2/Collected_working5/Documents) by extension 'python'
[0.103s] Level 1:colcon.colcon_core.package_identification:_identify(simulation/isaac-sim/mobile_base_v2/Collected_working5/Documents) by extensions ['python_setup_py']
[0.103s] Level 1:colcon.colcon_core.package_identification:_identify(simulation/isaac-sim/mobile_base_v2/Collected_working5/Documents) by extension 'python_setup_py'
[0.103s] Level 1:colcon.colcon_core.package_identification:_identify(simulation/isaac-sim/mobile_base_v2/Collected_working5/Documents/Autolab_finalv3.step_04) by extensions ['ignore', 'ignore_ament_install']
[0.103s] Level 1:colcon.colcon_core.package_identification:_identify(simulation/isaac-sim/mobile_base_v2/Collected_working5/Documents/Autolab_finalv3.step_04) by extension 'ignore'
[0.103s] Level 1:colcon.colcon_core.package_identification:_identify(simulation/isaac-sim/mobile_base_v2/Collected_working5/Documents/Autolab_finalv3.step_04) by extension 'ignore_ament_install'
[0.103s] Level 1:colcon.colcon_core.package_identification:_identify(simulation/isaac-sim/mobile_base_v2/Collected_working5/Documents/Autolab_finalv3.step_04) by extensions ['colcon_pkg']
[0.103s] Level 1:colcon.colcon_core.package_identification:_identify(simulation/isaac-sim/mobile_base_v2/Collected_working5/Documents/Autolab_finalv3.step_04) by extension 'colcon_pkg'
[0.103s] Level 1:colcon.colcon_core.package_identification:_identify(simulation/isaac-sim/mobile_base_v2/Collected_working5/Documents/Autolab_finalv3.step_04) by extensions ['colcon_meta']
[0.103s] Level 1:colcon.colcon_core.package_identification:_identify(simulation/isaac-sim/mobile_base_v2/Collected_working5/Documents/Autolab_finalv3.step_04) by extension 'colcon_meta'
[0.103s] Level 1:colcon.colcon_core.package_identification:_identify(simulation/isaac-sim/mobile_base_v2/Collected_working5/Documents/Autolab_finalv3.step_04) by extensions ['ros']
[0.103s] Level 1:colcon.colcon_core.package_identification:_identify(simulation/isaac-sim/mobile_base_v2/Collected_working5/Documents/Autolab_finalv3.step_04) by extension 'ros'
[0.103s] Level 1:colcon.colcon_core.package_identification:_identify(simulation/isaac-sim/mobile_base_v2/Collected_working5/Documents/Autolab_finalv3.step_04) by extensions ['cmake', 'python']
[0.103s] Level 1:colcon.colcon_core.package_identification:_identify(simulation/isaac-sim/mobile_base_v2/Collected_working5/Documents/Autolab_finalv3.step_04) by extension 'cmake'
[0.103s] Level 1:colcon.colcon_core.package_identification:_identify(simulation/isaac-sim/mobile_base_v2/Collected_working5/Documents/Autolab_finalv3.step_04) by extension 'python'
[0.103s] Level 1:colcon.colcon_core.package_identification:_identify(simulation/isaac-sim/mobile_base_v2/Collected_working5/Documents/Autolab_finalv3.step_04) by extensions ['python_setup_py']
[0.103s] Level 1:colcon.colcon_core.package_identification:_identify(simulation/isaac-sim/mobile_base_v2/Collected_working5/Documents/Autolab_finalv3.step_04) by extension 'python_setup_py'
[0.104s] Level 1:colcon.colcon_core.package_identification:_identify(simulation/isaac-sim/mobile_base_v2/Collected_working5/Documents/Autolab_finalv3.step_04/Materials) by extensions ['ignore', 'ignore_ament_install']
[0.104s] Level 1:colcon.colcon_core.package_identification:_identify(simulation/isaac-sim/mobile_base_v2/Collected_working5/Documents/Autolab_finalv3.step_04/Materials) by extension 'ignore'
[0.104s] Level 1:colcon.colcon_core.package_identification:_identify(simulation/isaac-sim/mobile_base_v2/Collected_working5/Documents/Autolab_finalv3.step_04/Materials) by extension 'ignore_ament_install'
[0.104s] Level 1:colcon.colcon_core.package_identification:_identify(simulation/isaac-sim/mobile_base_v2/Collected_working5/Documents/Autolab_finalv3.step_04/Materials) by extensions ['colcon_pkg']
[0.104s] Level 1:colcon.colcon_core.package_identification:_identify(simulation/isaac-sim/mobile_base_v2/Collected_working5/Documents/Autolab_finalv3.step_04/Materials) by extension 'colcon_pkg'
[0.104s] Level 1:colcon.colcon_core.package_identification:_identify(simulation/isaac-sim/mobile_base_v2/Collected_working5/Documents/Autolab_finalv3.step_04/Materials) by extensions ['colcon_meta']
[0.104s] Level 1:colcon.colcon_core.package_identification:_identify(simulation/isaac-sim/mobile_base_v2/Collected_working5/Documents/Autolab_finalv3.step_04/Materials) by extension 'colcon_meta'
[0.104s] Level 1:colcon.colcon_core.package_identification:_identify(simulation/isaac-sim/mobile_base_v2/Collected_working5/Documents/Autolab_finalv3.step_04/Materials) by extensions ['ros']
[0.104s] Level 1:colcon.colcon_core.package_identification:_identify(simulation/isaac-sim/mobile_base_v2/Collected_working5/Documents/Autolab_finalv3.step_04/Materials) by extension 'ros'
[0.104s] Level 1:colcon.colcon_core.package_identification:_identify(simulation/isaac-sim/mobile_base_v2/Collected_working5/Documents/Autolab_finalv3.step_04/Materials) by extensions ['cmake', 'python']
[0.104s] Level 1:colcon.colcon_core.package_identification:_identify(simulation/isaac-sim/mobile_base_v2/Collected_working5/Documents/Autolab_finalv3.step_04/Materials) by extension 'cmake'
[0.104s] Level 1:colcon.colcon_core.package_identification:_identify(simulation/isaac-sim/mobile_base_v2/Collected_working5/Documents/Autolab_finalv3.step_04/Materials) by extension 'python'
[0.104s] Level 1:colcon.colcon_core.package_identification:_identify(simulation/isaac-sim/mobile_base_v2/Collected_working5/Documents/Autolab_finalv3.step_04/Materials) by extensions ['python_setup_py']
[0.104s] Level 1:colcon.colcon_core.package_identification:_identify(simulation/isaac-sim/mobile_base_v2/Collected_working5/Documents/Autolab_finalv3.step_04/Materials) by extension 'python_setup_py'
[0.104s] Level 1:colcon.colcon_core.package_identification:_identify(simulation/isaac-sim/mobile_base_v2/Collected_working5/Documents/Autolab_finalv3.step_04/parts) by extensions ['ignore', 'ignore_ament_install']
[0.104s] Level 1:colcon.colcon_core.package_identification:_identify(simulation/isaac-sim/mobile_base_v2/Collected_working5/Documents/Autolab_finalv3.step_04/parts) by extension 'ignore'
[0.104s] Level 1:colcon.colcon_core.package_identification:_identify(simulation/isaac-sim/mobile_base_v2/Collected_working5/Documents/Autolab_finalv3.step_04/parts) by extension 'ignore_ament_install'
[0.104s] Level 1:colcon.colcon_core.package_identification:_identify(simulation/isaac-sim/mobile_base_v2/Collected_working5/Documents/Autolab_finalv3.step_04/parts) by extensions ['colcon_pkg']
[0.104s] Level 1:colcon.colcon_core.package_identification:_identify(simulation/isaac-sim/mobile_base_v2/Collected_working5/Documents/Autolab_finalv3.step_04/parts) by extension 'colcon_pkg'
[0.104s] Level 1:colcon.colcon_core.package_identification:_identify(simulation/isaac-sim/mobile_base_v2/Collected_working5/Documents/Autolab_finalv3.step_04/parts) by extensions ['colcon_meta']
[0.104s] Level 1:colcon.colcon_core.package_identification:_identify(simulation/isaac-sim/mobile_base_v2/Collected_working5/Documents/Autolab_finalv3.step_04/parts) by extension 'colcon_meta'
[0.104s] Level 1:colcon.colcon_core.package_identification:_identify(simulation/isaac-sim/mobile_base_v2/Collected_working5/Documents/Autolab_finalv3.step_04/parts) by extensions ['ros']
[0.104s] Level 1:colcon.colcon_core.package_identification:_identify(simulation/isaac-sim/mobile_base_v2/Collected_working5/Documents/Autolab_finalv3.step_04/parts) by extension 'ros'
[0.104s] Level 1:colcon.colcon_core.package_identification:_identify(simulation/isaac-sim/mobile_base_v2/Collected_working5/Documents/Autolab_finalv3.step_04/parts) by extensions ['cmake', 'python']
[0.104s] Level 1:colcon.colcon_core.package_identification:_identify(simulation/isaac-sim/mobile_base_v2/Collected_working5/Documents/Autolab_finalv3.step_04/parts) by extension 'cmake'
[0.104s] Level 1:colcon.colcon_core.package_identification:_identify(simulation/isaac-sim/mobile_base_v2/Collected_working5/Documents/Autolab_finalv3.step_04/parts) by extension 'python'
[0.104s] Level 1:colcon.colcon_core.package_identification:_identify(simulation/isaac-sim/mobile_base_v2/Collected_working5/Documents/Autolab_finalv3.step_04/parts) by extensions ['python_setup_py']
[0.104s] Level 1:colcon.colcon_core.package_identification:_identify(simulation/isaac-sim/mobile_base_v2/Collected_working5/Documents/Autolab_finalv3.step_04/parts) by extension 'python_setup_py'
[0.104s] Level 1:colcon.colcon_core.package_identification:_identify(simulation/isaac-sim/new_base) by extensions ['ignore', 'ignore_ament_install']
[0.104s] Level 1:colcon.colcon_core.package_identification:_identify(simulation/isaac-sim/new_base) by extension 'ignore'
[0.104s] Level 1:colcon.colcon_core.package_identification:_identify(simulation/isaac-sim/new_base) by extension 'ignore_ament_install'
[0.104s] Level 1:colcon.colcon_core.package_identification:_identify(simulation/isaac-sim/new_base) by extensions ['colcon_pkg']
[0.104s] Level 1:colcon.colcon_core.package_identification:_identify(simulation/isaac-sim/new_base) by extension 'colcon_pkg'
[0.104s] Level 1:colcon.colcon_core.package_identification:_identify(simulation/isaac-sim/new_base) by extensions ['colcon_meta']
[0.104s] Level 1:colcon.colcon_core.package_identification:_identify(simulation/isaac-sim/new_base) by extension 'colcon_meta'
[0.104s] Level 1:colcon.colcon_core.package_identification:_identify(simulation/isaac-sim/new_base) by extensions ['ros']
[0.104s] Level 1:colcon.colcon_core.package_identification:_identify(simulation/isaac-sim/new_base) by extension 'ros'
[0.104s] Level 1:colcon.colcon_core.package_identification:_identify(simulation/isaac-sim/new_base) by extensions ['cmake', 'python']
[0.104s] Level 1:colcon.colcon_core.package_identification:_identify(simulation/isaac-sim/new_base) by extension 'cmake'
[0.104s] Level 1:colcon.colcon_core.package_identification:_identify(simulation/isaac-sim/new_base) by extension 'python'
[0.104s] Level 1:colcon.colcon_core.package_identification:_identify(simulation/isaac-sim/new_base) by extensions ['python_setup_py']
[0.104s] Level 1:colcon.colcon_core.package_identification:_identify(simulation/isaac-sim/new_base) by extension 'python_setup_py'
[0.104s] Level 1:colcon.colcon_core.package_identification:_identify(simulation/isaac-sim/new_base/meshes) by extensions ['ignore', 'ignore_ament_install']
[0.104s] Level 1:colcon.colcon_core.package_identification:_identify(simulation/isaac-sim/new_base/meshes) by extension 'ignore'
[0.104s] Level 1:colcon.colcon_core.package_identification:_identify(simulation/isaac-sim/new_base/meshes) by extension 'ignore_ament_install'
[0.104s] Level 1:colcon.colcon_core.package_identification:_identify(simulation/isaac-sim/new_base/meshes) by extensions ['colcon_pkg']
[0.104s] Level 1:colcon.colcon_core.package_identification:_identify(simulation/isaac-sim/new_base/meshes) by extension 'colcon_pkg'
[0.104s] Level 1:colcon.colcon_core.package_identification:_identify(simulation/isaac-sim/new_base/meshes) by extensions ['colcon_meta']
[0.104s] Level 1:colcon.colcon_core.package_identification:_identify(simulation/isaac-sim/new_base/meshes) by extension 'colcon_meta'
[0.104s] Level 1:colcon.colcon_core.package_identification:_identify(simulation/isaac-sim/new_base/meshes) by extensions ['ros']
[0.104s] Level 1:colcon.colcon_core.package_identification:_identify(simulation/isaac-sim/new_base/meshes) by extension 'ros'
[0.104s] Level 1:colcon.colcon_core.package_identification:_identify(simulation/isaac-sim/new_base/meshes) by extensions ['cmake', 'python']
[0.104s] Level 1:colcon.colcon_core.package_identification:_identify(simulation/isaac-sim/new_base/meshes) by extension 'cmake'
[0.104s] Level 1:colcon.colcon_core.package_identification:_identify(simulation/isaac-sim/new_base/meshes) by extension 'python'
[0.104s] Level 1:colcon.colcon_core.package_identification:_identify(simulation/isaac-sim/new_base/meshes) by extensions ['python_setup_py']
[0.104s] Level 1:colcon.colcon_core.package_identification:_identify(simulation/isaac-sim/new_base/meshes) by extension 'python_setup_py'
[0.104s] Level 1:colcon.colcon_core.package_identification:_identify(simulation/isaac-sim/new_base/meshes/custom_meshes) by extensions ['ignore', 'ignore_ament_install']
[0.104s] Level 1:colcon.colcon_core.package_identification:_identify(simulation/isaac-sim/new_base/meshes/custom_meshes) by extension 'ignore'
[0.104s] Level 1:colcon.colcon_core.package_identification:_identify(simulation/isaac-sim/new_base/meshes/custom_meshes) by extension 'ignore_ament_install'
[0.104s] Level 1:colcon.colcon_core.package_identification:_identify(simulation/isaac-sim/new_base/meshes/custom_meshes) by extensions ['colcon_pkg']
[0.104s] Level 1:colcon.colcon_core.package_identification:_identify(simulation/isaac-sim/new_base/meshes/custom_meshes) by extension 'colcon_pkg'
[0.104s] Level 1:colcon.colcon_core.package_identification:_identify(simulation/isaac-sim/new_base/meshes/custom_meshes) by extensions ['colcon_meta']
[0.104s] Level 1:colcon.colcon_core.package_identification:_identify(simulation/isaac-sim/new_base/meshes/custom_meshes) by extension 'colcon_meta'
[0.104s] Level 1:colcon.colcon_core.package_identification:_identify(simulation/isaac-sim/new_base/meshes/custom_meshes) by extensions ['ros']
[0.104s] Level 1:colcon.colcon_core.package_identification:_identify(simulation/isaac-sim/new_base/meshes/custom_meshes) by extension 'ros'
[0.104s] Level 1:colcon.colcon_core.package_identification:_identify(simulation/isaac-sim/new_base/meshes/custom_meshes) by extensions ['cmake', 'python']
[0.104s] Level 1:colcon.colcon_core.package_identification:_identify(simulation/isaac-sim/new_base/meshes/custom_meshes) by extension 'cmake'
[0.104s] Level 1:colcon.colcon_core.package_identification:_identify(simulation/isaac-sim/new_base/meshes/custom_meshes) by extension 'python'
[0.104s] Level 1:colcon.colcon_core.package_identification:_identify(simulation/isaac-sim/new_base/meshes/custom_meshes) by extensions ['python_setup_py']
[0.105s] Level 1:colcon.colcon_core.package_identification:_identify(simulation/isaac-sim/new_base/meshes/custom_meshes) by extension 'python_setup_py'
[0.105s] Level 1:colcon.colcon_core.package_identification:_identify(simulation/isaac-sim/new_base/my_robot_description) by extensions ['ignore', 'ignore_ament_install']
[0.105s] Level 1:colcon.colcon_core.package_identification:_identify(simulation/isaac-sim/new_base/my_robot_description) by extension 'ignore'
[0.105s] Level 1:colcon.colcon_core.package_identification:_identify(simulation/isaac-sim/new_base/my_robot_description) by extension 'ignore_ament_install'
[0.105s] Level 1:colcon.colcon_core.package_identification:_identify(simulation/isaac-sim/new_base/my_robot_description) by extensions ['colcon_pkg']
[0.105s] Level 1:colcon.colcon_core.package_identification:_identify(simulation/isaac-sim/new_base/my_robot_description) by extension 'colcon_pkg'
[0.105s] Level 1:colcon.colcon_core.package_identification:_identify(simulation/isaac-sim/new_base/my_robot_description) by extensions ['colcon_meta']
[0.105s] Level 1:colcon.colcon_core.package_identification:_identify(simulation/isaac-sim/new_base/my_robot_description) by extension 'colcon_meta'
[0.105s] Level 1:colcon.colcon_core.package_identification:_identify(simulation/isaac-sim/new_base/my_robot_description) by extensions ['ros']
[0.105s] Level 1:colcon.colcon_core.package_identification:_identify(simulation/isaac-sim/new_base/my_robot_description) by extension 'ros'
[0.105s] Level 1:colcon.colcon_core.package_identification:_identify(simulation/isaac-sim/new_base/my_robot_description) by extensions ['cmake', 'python']
[0.105s] Level 1:colcon.colcon_core.package_identification:_identify(simulation/isaac-sim/new_base/my_robot_description) by extension 'cmake'
[0.105s] Level 1:colcon.colcon_core.package_identification:_identify(simulation/isaac-sim/new_base/my_robot_description) by extension 'python'
[0.105s] Level 1:colcon.colcon_core.package_identification:_identify(simulation/isaac-sim/new_base/my_robot_description) by extensions ['python_setup_py']
[0.105s] Level 1:colcon.colcon_core.package_identification:_identify(simulation/isaac-sim/new_base/my_robot_description) by extension 'python_setup_py'
[0.105s] Level 1:colcon.colcon_core.package_identification:_identify(simulation/isaac-sim/new_base/urdf) by extensions ['ignore', 'ignore_ament_install']
[0.105s] Level 1:colcon.colcon_core.package_identification:_identify(simulation/isaac-sim/new_base/urdf) by extension 'ignore'
[0.105s] Level 1:colcon.colcon_core.package_identification:_identify(simulation/isaac-sim/new_base/urdf) by extension 'ignore_ament_install'
[0.105s] Level 1:colcon.colcon_core.package_identification:_identify(simulation/isaac-sim/new_base/urdf) by extensions ['colcon_pkg']
[0.105s] Level 1:colcon.colcon_core.package_identification:_identify(simulation/isaac-sim/new_base/urdf) by extension 'colcon_pkg'
[0.105s] Level 1:colcon.colcon_core.package_identification:_identify(simulation/isaac-sim/new_base/urdf) by extensions ['colcon_meta']
[0.105s] Level 1:colcon.colcon_core.package_identification:_identify(simulation/isaac-sim/new_base/urdf) by extension 'colcon_meta'
[0.105s] Level 1:colcon.colcon_core.package_identification:_identify(simulation/isaac-sim/new_base/urdf) by extensions ['ros']
[0.105s] Level 1:colcon.colcon_core.package_identification:_identify(simulation/isaac-sim/new_base/urdf) by extension 'ros'
[0.105s] Level 1:colcon.colcon_core.package_identification:_identify(simulation/isaac-sim/new_base/urdf) by extensions ['cmake', 'python']
[0.105s] Level 1:colcon.colcon_core.package_identification:_identify(simulation/isaac-sim/new_base/urdf) by extension 'cmake'
[0.105s] Level 1:colcon.colcon_core.package_identification:_identify(simulation/isaac-sim/new_base/urdf) by extension 'python'
[0.105s] Level 1:colcon.colcon_core.package_identification:_identify(simulation/isaac-sim/new_base/urdf) by extensions ['python_setup_py']
[0.105s] Level 1:colcon.colcon_core.package_identification:_identify(simulation/isaac-sim/new_base/urdf) by extension 'python_setup_py'
[0.105s] Level 1:colcon.colcon_core.package_identification:_identify(simulation/isaac-sim/new_base/urdf/mobile_base) by extensions ['ignore', 'ignore_ament_install']
[0.105s] Level 1:colcon.colcon_core.package_identification:_identify(simulation/isaac-sim/new_base/urdf/mobile_base) by extension 'ignore'
[0.105s] Level 1:colcon.colcon_core.package_identification:_identify(simulation/isaac-sim/new_base/urdf/mobile_base) by extension 'ignore_ament_install'
[0.105s] Level 1:colcon.colcon_core.package_identification:_identify(simulation/isaac-sim/new_base/urdf/mobile_base) by extensions ['colcon_pkg']
[0.105s] Level 1:colcon.colcon_core.package_identification:_identify(simulation/isaac-sim/new_base/urdf/mobile_base) by extension 'colcon_pkg'
[0.105s] Level 1:colcon.colcon_core.package_identification:_identify(simulation/isaac-sim/new_base/urdf/mobile_base) by extensions ['colcon_meta']
[0.105s] Level 1:colcon.colcon_core.package_identification:_identify(simulation/isaac-sim/new_base/urdf/mobile_base) by extension 'colcon_meta'
[0.105s] Level 1:colcon.colcon_core.package_identification:_identify(simulation/isaac-sim/new_base/urdf/mobile_base) by extensions ['ros']
[0.105s] Level 1:colcon.colcon_core.package_identification:_identify(simulation/isaac-sim/new_base/urdf/mobile_base) by extension 'ros'
[0.105s] Level 1:colcon.colcon_core.package_identification:_identify(simulation/isaac-sim/new_base/urdf/mobile_base) by extensions ['cmake', 'python']
[0.105s] Level 1:colcon.colcon_core.package_identification:_identify(simulation/isaac-sim/new_base/urdf/mobile_base) by extension 'cmake'
[0.105s] Level 1:colcon.colcon_core.package_identification:_identify(simulation/isaac-sim/new_base/urdf/mobile_base) by extension 'python'
[0.105s] Level 1:colcon.colcon_core.package_identification:_identify(simulation/isaac-sim/new_base/urdf/mobile_base) by extensions ['python_setup_py']
[0.105s] Level 1:colcon.colcon_core.package_identification:_identify(simulation/isaac-sim/new_base/urdf/mobile_base) by extension 'python_setup_py'
[0.105s] Level 1:colcon.colcon_core.package_identification:_identify(simulation/isaac-sim/new_base/urdf/mobile_base/configuration) by extensions ['ignore', 'ignore_ament_install']
[0.105s] Level 1:colcon.colcon_core.package_identification:_identify(simulation/isaac-sim/new_base/urdf/mobile_base/configuration) by extension 'ignore'
[0.105s] Level 1:colcon.colcon_core.package_identification:_identify(simulation/isaac-sim/new_base/urdf/mobile_base/configuration) by extension 'ignore_ament_install'
[0.105s] Level 1:colcon.colcon_core.package_identification:_identify(simulation/isaac-sim/new_base/urdf/mobile_base/configuration) by extensions ['colcon_pkg']
[0.105s] Level 1:colcon.colcon_core.package_identification:_identify(simulation/isaac-sim/new_base/urdf/mobile_base/configuration) by extension 'colcon_pkg'
[0.105s] Level 1:colcon.colcon_core.package_identification:_identify(simulation/isaac-sim/new_base/urdf/mobile_base/configuration) by extensions ['colcon_meta']
[0.105s] Level 1:colcon.colcon_core.package_identification:_identify(simulation/isaac-sim/new_base/urdf/mobile_base/configuration) by extension 'colcon_meta'
[0.105s] Level 1:colcon.colcon_core.package_identification:_identify(simulation/isaac-sim/new_base/urdf/mobile_base/configuration) by extensions ['ros']
[0.105s] Level 1:colcon.colcon_core.package_identification:_identify(simulation/isaac-sim/new_base/urdf/mobile_base/configuration) by extension 'ros'
[0.105s] Level 1:colcon.colcon_core.package_identification:_identify(simulation/isaac-sim/new_base/urdf/mobile_base/configuration) by extensions ['cmake', 'python']
[0.105s] Level 1:colcon.colcon_core.package_identification:_identify(simulation/isaac-sim/new_base/urdf/mobile_base/configuration) by extension 'cmake'
[0.105s] Level 1:colcon.colcon_core.package_identification:_identify(simulation/isaac-sim/new_base/urdf/mobile_base/configuration) by extension 'python'
[0.105s] Level 1:colcon.colcon_core.package_identification:_identify(simulation/isaac-sim/new_base/urdf/mobile_base/configuration) by extensions ['python_setup_py']
[0.105s] Level 1:colcon.colcon_core.package_identification:_identify(simulation/isaac-sim/new_base/urdf/mobile_base/configuration) by extension 'python_setup_py'
[0.105s] Level 1:colcon.colcon_core.package_identification:_identify(simulation/isaac-sim/robot) by extensions ['ignore', 'ignore_ament_install']
[0.105s] Level 1:colcon.colcon_core.package_identification:_identify(simulation/isaac-sim/robot) by extension 'ignore'
[0.105s] Level 1:colcon.colcon_core.package_identification:_identify(simulation/isaac-sim/robot) by extension 'ignore_ament_install'
[0.105s] Level 1:colcon.colcon_core.package_identification:_identify(simulation/isaac-sim/robot) by extensions ['colcon_pkg']
[0.105s] Level 1:colcon.colcon_core.package_identification:_identify(simulation/isaac-sim/robot) by extension 'colcon_pkg'
[0.105s] Level 1:colcon.colcon_core.package_identification:_identify(simulation/isaac-sim/robot) by extensions ['colcon_meta']
[0.105s] Level 1:colcon.colcon_core.package_identification:_identify(simulation/isaac-sim/robot) by extension 'colcon_meta'
[0.105s] Level 1:colcon.colcon_core.package_identification:_identify(simulation/isaac-sim/robot) by extensions ['ros']
[0.105s] Level 1:colcon.colcon_core.package_identification:_identify(simulation/isaac-sim/robot) by extension 'ros'
[0.105s] Level 1:colcon.colcon_core.package_identification:_identify(simulation/isaac-sim/robot) by extensions ['cmake', 'python']
[0.105s] Level 1:colcon.colcon_core.package_identification:_identify(simulation/isaac-sim/robot) by extension 'cmake'
[0.105s] Level 1:colcon.colcon_core.package_identification:_identify(simulation/isaac-sim/robot) by extension 'python'
[0.105s] Level 1:colcon.colcon_core.package_identification:_identify(simulation/isaac-sim/robot) by extensions ['python_setup_py']
[0.105s] Level 1:colcon.colcon_core.package_identification:_identify(simulation/isaac-sim/robot) by extension 'python_setup_py'
[0.105s] Level 1:colcon.colcon_core.package_identification:_identify(simulation/isaac-sim/robot/configuration) by extensions ['ignore', 'ignore_ament_install']
[0.105s] Level 1:colcon.colcon_core.package_identification:_identify(simulation/isaac-sim/robot/configuration) by extension 'ignore'
[0.105s] Level 1:colcon.colcon_core.package_identification:_identify(simulation/isaac-sim/robot/configuration) by extension 'ignore_ament_install'
[0.105s] Level 1:colcon.colcon_core.package_identification:_identify(simulation/isaac-sim/robot/configuration) by extensions ['colcon_pkg']
[0.105s] Level 1:colcon.colcon_core.package_identification:_identify(simulation/isaac-sim/robot/configuration) by extension 'colcon_pkg'
[0.106s] Level 1:colcon.colcon_core.package_identification:_identify(simulation/isaac-sim/robot/configuration) by extensions ['colcon_meta']
[0.106s] Level 1:colcon.colcon_core.package_identification:_identify(simulation/isaac-sim/robot/configuration) by extension 'colcon_meta'
[0.106s] Level 1:colcon.colcon_core.package_identification:_identify(simulation/isaac-sim/robot/configuration) by extensions ['ros']
[0.106s] Level 1:colcon.colcon_core.package_identification:_identify(simulation/isaac-sim/robot/configuration) by extension 'ros'
[0.106s] Level 1:colcon.colcon_core.package_identification:_identify(simulation/isaac-sim/robot/configuration) by extensions ['cmake', 'python']
[0.106s] Level 1:colcon.colcon_core.package_identification:_identify(simulation/isaac-sim/robot/configuration) by extension 'cmake'
[0.106s] Level 1:colcon.colcon_core.package_identification:_identify(simulation/isaac-sim/robot/configuration) by extension 'python'
[0.106s] Level 1:colcon.colcon_core.package_identification:_identify(simulation/isaac-sim/robot/configuration) by extensions ['python_setup_py']
[0.106s] Level 1:colcon.colcon_core.package_identification:_identify(simulation/isaac-sim/robot/configuration) by extension 'python_setup_py'
[0.106s] Level 1:colcon.colcon_core.package_identification:_identify(simulation/isaac-sim/zed-isaac-sim) by extensions ['ignore', 'ignore_ament_install']
[0.106s] Level 1:colcon.colcon_core.package_identification:_identify(simulation/isaac-sim/zed-isaac-sim) by extension 'ignore'
[0.106s] Level 1:colcon.colcon_core.package_identification:_identify(simulation/isaac-sim/zed-isaac-sim) by extension 'ignore_ament_install'
[0.106s] Level 1:colcon.colcon_core.package_identification:_identify(simulation/isaac-sim/zed-isaac-sim) by extensions ['colcon_pkg']
[0.106s] Level 1:colcon.colcon_core.package_identification:_identify(simulation/isaac-sim/zed-isaac-sim) by extension 'colcon_pkg'
[0.106s] Level 1:colcon.colcon_core.package_identification:_identify(simulation/isaac-sim/zed-isaac-sim) by extensions ['colcon_meta']
[0.106s] Level 1:colcon.colcon_core.package_identification:_identify(simulation/isaac-sim/zed-isaac-sim) by extension 'colcon_meta'
[0.106s] Level 1:colcon.colcon_core.package_identification:_identify(simulation/isaac-sim/zed-isaac-sim) by extensions ['ros']
[0.106s] Level 1:colcon.colcon_core.package_identification:_identify(simulation/isaac-sim/zed-isaac-sim) by extension 'ros'
[0.106s] Level 1:colcon.colcon_core.package_identification:_identify(simulation/isaac-sim/zed-isaac-sim) by extensions ['cmake', 'python']
[0.106s] Level 1:colcon.colcon_core.package_identification:_identify(simulation/isaac-sim/zed-isaac-sim) by extension 'cmake'
[0.106s] Level 1:colcon.colcon_core.package_identification:_identify(simulation/isaac-sim/zed-isaac-sim) by extension 'python'
[0.106s] Level 1:colcon.colcon_core.package_identification:_identify(simulation/isaac-sim/zed-isaac-sim) by extensions ['python_setup_py']
[0.106s] Level 1:colcon.colcon_core.package_identification:_identify(simulation/isaac-sim/zed-isaac-sim) by extension 'python_setup_py'
[0.106s] Level 1:colcon.colcon_core.package_discovery:discover_packages(recursive) using defaults
[0.106s] Level 1:colcon.colcon_core.package_discovery:discover_packages(ignore) discover
[0.106s] Level 1:colcon.colcon_core.package_discovery:discover_packages(ignore) using defaults
[0.106s] Level 1:colcon.colcon_core.package_discovery:discover_packages(path) discover
[0.106s] Level 1:colcon.colcon_core.package_discovery:discover_packages(path) using defaults
[0.115s] Level 1:colcon.colcon_core.package_discovery:discover_packages(prefix_path) check parameters
[0.115s] Level 1:colcon.colcon_core.package_discovery:discover_packages(prefix_path) discover
[0.116s] DEBUG:colcon.colcon_installed_package_information.package_discovery:Found 413 installed packages in /opt/ros/jazzy
[0.117s] Level 1:colcon.colcon_core.package_discovery:discover_packages(prefix_path) using defaults
[0.143s] Level 5:colcon.colcon_core.verb:set package 'autolab_msgs' build argument 'cmake_args' from command line to 'None'
[0.143s] Level 5:colcon.colcon_core.verb:set package 'autolab_msgs' build argument 'cmake_target' from command line to 'None'
[0.143s] Level 5:colcon.colcon_core.verb:set package 'autolab_msgs' build argument 'cmake_target_skip_unavailable' from command line to 'False'
[0.143s] Level 5:colcon.colcon_core.verb:set package 'autolab_msgs' build argument 'cmake_clean_cache' from command line to 'False'
[0.143s] Level 5:colcon.colcon_core.verb:set package 'autolab_msgs' build argument 'cmake_clean_first' from command line to 'False'
[0.143s] Level 5:colcon.colcon_core.verb:set package 'autolab_msgs' build argument 'cmake_force_configure' from command line to 'False'
[0.143s] Level 5:colcon.colcon_core.verb:set package 'autolab_msgs' build argument 'ament_cmake_args' from command line to 'None'
[0.143s] Level 5:colcon.colcon_core.verb:set package 'autolab_msgs' build argument 'catkin_cmake_args' from command line to 'None'
[0.143s] Level 5:colcon.colcon_core.verb:set package 'autolab_msgs' build argument 'catkin_skip_building_tests' from command line to 'False'
[0.143s] DEBUG:colcon.colcon_core.verb:Building package 'autolab_msgs' with the following arguments: {'ament_cmake_args': None, 'build_base': '/home/ksriniv2/Autolab/build/autolab_msgs', 'catkin_cmake_args': None, 'catkin_skip_building_tests': False, 'cmake_args': None, 'cmake_clean_cache': False, 'cmake_clean_first': False, 'cmake_force_configure': False, 'cmake_target': None, 'cmake_target_skip_unavailable': False, 'install_base': '/home/ksriniv2/Autolab/install/autolab_msgs', 'merge_install': False, 'path': '/home/ksriniv2/Autolab/common/ros_packages/autolab_msgs', 'symlink_install': False, 'test_result_base': None}
[0.143s] Level 5:colcon.colcon_core.verb:set package 'autonomy_bringup' build argument 'cmake_args' from command line to 'None'
[0.143s] Level 5:colcon.colcon_core.verb:set package 'autonomy_bringup' build argument 'cmake_target' from command line to 'None'
[0.143s] Level 5:colcon.colcon_core.verb:set package 'autonomy_bringup' build argument 'cmake_target_skip_unavailable' from command line to 'False'
[0.143s] Level 5:colcon.colcon_core.verb:set package 'autonomy_bringup' build argument 'cmake_clean_cache' from command line to 'False'
[0.143s] Level 5:colcon.colcon_core.verb:set package 'autonomy_bringup' build argument 'cmake_clean_first' from command line to 'False'
[0.143s] Level 5:colcon.colcon_core.verb:set package 'autonomy_bringup' build argument 'cmake_force_configure' from command line to 'False'
[0.143s] Level 5:colcon.colcon_core.verb:set package 'autonomy_bringup' build argument 'ament_cmake_args' from command line to 'None'
[0.143s] Level 5:colcon.colcon_core.verb:set package 'autonomy_bringup' build argument 'catkin_cmake_args' from command line to 'None'
[0.143s] Level 5:colcon.colcon_core.verb:set package 'autonomy_bringup' build argument 'catkin_skip_building_tests' from command line to 'False'
[0.143s] DEBUG:colcon.colcon_core.verb:Building package 'autonomy_bringup' with the following arguments: {'ament_cmake_args': None, 'build_base': '/home/ksriniv2/Autolab/build/autonomy_bringup', 'catkin_cmake_args': None, 'catkin_skip_building_tests': False, 'cmake_args': None, 'cmake_clean_cache': False, 'cmake_clean_first': False, 'cmake_force_configure': False, 'cmake_target': None, 'cmake_target_skip_unavailable': False, 'install_base': '/home/ksriniv2/Autolab/install/autonomy_bringup', 'merge_install': False, 'path': '/home/ksriniv2/Autolab/robot/ros_ws/src/autonomy/autonomy_bringup', 'symlink_install': False, 'test_result_base': None}
[0.143s] Level 5:colcon.colcon_core.verb:set package 'bag_record_pid' build argument 'cmake_args' from command line to 'None'
[0.143s] Level 5:colcon.colcon_core.verb:set package 'bag_record_pid' build argument 'cmake_target' from command line to 'None'
[0.143s] Level 5:colcon.colcon_core.verb:set package 'bag_record_pid' build argument 'cmake_target_skip_unavailable' from command line to 'False'
[0.143s] Level 5:colcon.colcon_core.verb:set package 'bag_record_pid' build argument 'cmake_clean_cache' from command line to 'False'
[0.143s] Level 5:colcon.colcon_core.verb:set package 'bag_record_pid' build argument 'cmake_clean_first' from command line to 'False'
[0.143s] Level 5:colcon.colcon_core.verb:set package 'bag_record_pid' build argument 'cmake_force_configure' from command line to 'False'
[0.143s] Level 5:colcon.colcon_core.verb:set package 'bag_record_pid' build argument 'ament_cmake_args' from command line to 'None'
[0.143s] Level 5:colcon.colcon_core.verb:set package 'bag_record_pid' build argument 'catkin_cmake_args' from command line to 'None'
[0.143s] Level 5:colcon.colcon_core.verb:set package 'bag_record_pid' build argument 'catkin_skip_building_tests' from command line to 'False'
[0.143s] DEBUG:colcon.colcon_core.verb:Building package 'bag_record_pid' with the following arguments: {'ament_cmake_args': None, 'build_base': '/home/ksriniv2/Autolab/build/bag_record_pid', 'catkin_cmake_args': None, 'catkin_skip_building_tests': False, 'cmake_args': None, 'cmake_clean_cache': False, 'cmake_clean_first': False, 'cmake_force_configure': False, 'cmake_target': None, 'cmake_target_skip_unavailable': False, 'install_base': '/home/ksriniv2/Autolab/install/bag_record_pid', 'merge_install': False, 'path': '/home/ksriniv2/Autolab/common/ros_packages/bag_recorder_pid', 'symlink_install': False, 'test_result_base': None}
[0.143s] Level 5:colcon.colcon_core.verb:set package 'base_urdf' build argument 'cmake_args' from command line to 'None'
[0.143s] Level 5:colcon.colcon_core.verb:set package 'base_urdf' build argument 'cmake_target' from command line to 'None'
[0.143s] Level 5:colcon.colcon_core.verb:set package 'base_urdf' build argument 'cmake_target_skip_unavailable' from command line to 'False'
[0.143s] Level 5:colcon.colcon_core.verb:set package 'base_urdf' build argument 'cmake_clean_cache' from command line to 'False'
[0.143s] Level 5:colcon.colcon_core.verb:set package 'base_urdf' build argument 'cmake_clean_first' from command line to 'False'
[0.143s] Level 5:colcon.colcon_core.verb:set package 'base_urdf' build argument 'cmake_force_configure' from command line to 'False'
[0.143s] Level 5:colcon.colcon_core.verb:set package 'base_urdf' build argument 'ament_cmake_args' from command line to 'None'
[0.143s] Level 5:colcon.colcon_core.verb:set package 'base_urdf' build argument 'catkin_cmake_args' from command line to 'None'
[0.143s] Level 5:colcon.colcon_core.verb:set package 'base_urdf' build argument 'catkin_skip_building_tests' from command line to 'False'
[0.143s] DEBUG:colcon.colcon_core.verb:Building package 'base_urdf' with the following arguments: {'ament_cmake_args': None, 'build_base': '/home/ksriniv2/Autolab/build/base_urdf', 'catkin_cmake_args': None, 'catkin_skip_building_tests': False, 'cmake_args': None, 'cmake_clean_cache': False, 'cmake_clean_first': False, 'cmake_force_configure': False, 'cmake_target': None, 'cmake_target_skip_unavailable': False, 'install_base': '/home/ksriniv2/Autolab/install/base_urdf', 'merge_install': False, 'path': '/home/ksriniv2/Autolab/robot/ros_ws/src/base_urdf', 'symlink_install': False, 'test_result_base': None}
[0.143s] Level 5:colcon.colcon_core.verb:set package 'behavior_bringup' build argument 'cmake_args' from command line to 'None'
[0.143s] Level 5:colcon.colcon_core.verb:set package 'behavior_bringup' build argument 'cmake_target' from command line to 'None'
[0.143s] Level 5:colcon.colcon_core.verb:set package 'behavior_bringup' build argument 'cmake_target_skip_unavailable' from command line to 'False'
[0.143s] Level 5:colcon.colcon_core.verb:set package 'behavior_bringup' build argument 'cmake_clean_cache' from command line to 'False'
[0.143s] Level 5:colcon.colcon_core.verb:set package 'behavior_bringup' build argument 'cmake_clean_first' from command line to 'False'
[0.143s] Level 5:colcon.colcon_core.verb:set package 'behavior_bringup' build argument 'cmake_force_configure' from command line to 'False'
[0.143s] Level 5:colcon.colcon_core.verb:set package 'behavior_bringup' build argument 'ament_cmake_args' from command line to 'None'
[0.143s] Level 5:colcon.colcon_core.verb:set package 'behavior_bringup' build argument 'catkin_cmake_args' from command line to 'None'
[0.143s] Level 5:colcon.colcon_core.verb:set package 'behavior_bringup' build argument 'catkin_skip_building_tests' from command line to 'False'
[0.143s] DEBUG:colcon.colcon_core.verb:Building package 'behavior_bringup' with the following arguments: {'ament_cmake_args': None, 'build_base': '/home/ksriniv2/Autolab/build/behavior_bringup', 'catkin_cmake_args': None, 'catkin_skip_building_tests': False, 'cmake_args': None, 'cmake_clean_cache': False, 'cmake_clean_first': False, 'cmake_force_configure': False, 'cmake_target': None, 'cmake_target_skip_unavailable': False, 'install_base': '/home/ksriniv2/Autolab/install/behavior_bringup', 'merge_install': False, 'path': '/home/ksriniv2/Autolab/robot/ros_ws/src/autonomy/6_behavior/behavior_bringup', 'symlink_install': False, 'test_result_base': None}
[0.143s] Level 5:colcon.colcon_core.verb:set package 'behavior_tree_msgs' build argument 'cmake_args' from command line to 'None'
[0.143s] Level 5:colcon.colcon_core.verb:set package 'behavior_tree_msgs' build argument 'cmake_target' from command line to 'None'
[0.144s] Level 5:colcon.colcon_core.verb:set package 'behavior_tree_msgs' build argument 'cmake_target_skip_unavailable' from command line to 'False'
[0.144s] Level 5:colcon.colcon_core.verb:set package 'behavior_tree_msgs' build argument 'cmake_clean_cache' from command line to 'False'
[0.144s] Level 5:colcon.colcon_core.verb:set package 'behavior_tree_msgs' build argument 'cmake_clean_first' from command line to 'False'
[0.144s] Level 5:colcon.colcon_core.verb:set package 'behavior_tree_msgs' build argument 'cmake_force_configure' from command line to 'False'
[0.144s] Level 5:colcon.colcon_core.verb:set package 'behavior_tree_msgs' build argument 'ament_cmake_args' from command line to 'None'
[0.144s] Level 5:colcon.colcon_core.verb:set package 'behavior_tree_msgs' build argument 'catkin_cmake_args' from command line to 'None'
[0.144s] Level 5:colcon.colcon_core.verb:set package 'behavior_tree_msgs' build argument 'catkin_skip_building_tests' from command line to 'False'
[0.144s] DEBUG:colcon.colcon_core.verb:Building package 'behavior_tree_msgs' with the following arguments: {'ament_cmake_args': None, 'build_base': '/home/ksriniv2/Autolab/build/behavior_tree_msgs', 'catkin_cmake_args': None, 'catkin_skip_building_tests': False, 'cmake_args': None, 'cmake_clean_cache': False, 'cmake_clean_first': False, 'cmake_force_configure': False, 'cmake_target': None, 'cmake_target_skip_unavailable': False, 'install_base': '/home/ksriniv2/Autolab/install/behavior_tree_msgs', 'merge_install': False, 'path': '/home/ksriniv2/Autolab/common/ros_packages/behavior_tree_msgs', 'symlink_install': False, 'test_result_base': None}
[0.144s] Level 5:colcon.colcon_core.verb:set package 'gcs_bringup' build argument 'cmake_args' from command line to 'None'
[0.144s] Level 5:colcon.colcon_core.verb:set package 'gcs_bringup' build argument 'cmake_target' from command line to 'None'
[0.144s] Level 5:colcon.colcon_core.verb:set package 'gcs_bringup' build argument 'cmake_target_skip_unavailable' from command line to 'False'
[0.144s] Level 5:colcon.colcon_core.verb:set package 'gcs_bringup' build argument 'cmake_clean_cache' from command line to 'False'
[0.144s] Level 5:colcon.colcon_core.verb:set package 'gcs_bringup' build argument 'cmake_clean_first' from command line to 'False'
[0.144s] Level 5:colcon.colcon_core.verb:set package 'gcs_bringup' build argument 'cmake_force_configure' from command line to 'False'
[0.144s] Level 5:colcon.colcon_core.verb:set package 'gcs_bringup' build argument 'ament_cmake_args' from command line to 'None'
[0.144s] Level 5:colcon.colcon_core.verb:set package 'gcs_bringup' build argument 'catkin_cmake_args' from command line to 'None'
[0.144s] Level 5:colcon.colcon_core.verb:set package 'gcs_bringup' build argument 'catkin_skip_building_tests' from command line to 'False'
[0.144s] DEBUG:colcon.colcon_core.verb:Building package 'gcs_bringup' with the following arguments: {'ament_cmake_args': None, 'build_base': '/home/ksriniv2/Autolab/build/gcs_bringup', 'catkin_cmake_args': None, 'catkin_skip_building_tests': False, 'cmake_args': None, 'cmake_clean_cache': False, 'cmake_clean_first': False, 'cmake_force_configure': False, 'cmake_target': None, 'cmake_target_skip_unavailable': False, 'install_base': '/home/ksriniv2/Autolab/install/gcs_bringup', 'merge_install': False, 'path': '/home/ksriniv2/Autolab/gcs/ros_ws/src/gcs_bringup', 'symlink_install': False, 'test_result_base': None}
[0.144s] Level 5:colcon.colcon_core.verb:set package 'global_planner' build argument 'cmake_args' from command line to 'None'
[0.144s] Level 5:colcon.colcon_core.verb:set package 'global_planner' build argument 'cmake_target' from command line to 'None'
[0.144s] Level 5:colcon.colcon_core.verb:set package 'global_planner' build argument 'cmake_target_skip_unavailable' from command line to 'False'
[0.144s] Level 5:colcon.colcon_core.verb:set package 'global_planner' build argument 'cmake_clean_cache' from command line to 'False'
[0.144s] Level 5:colcon.colcon_core.verb:set package 'global_planner' build argument 'cmake_clean_first' from command line to 'False'
[0.144s] Level 5:colcon.colcon_core.verb:set package 'global_planner' build argument 'cmake_force_configure' from command line to 'False'
[0.144s] Level 5:colcon.colcon_core.verb:set package 'global_planner' build argument 'ament_cmake_args' from command line to 'None'
[0.144s] Level 5:colcon.colcon_core.verb:set package 'global_planner' build argument 'catkin_cmake_args' from command line to 'None'
[0.144s] Level 5:colcon.colcon_core.verb:set package 'global_planner' build argument 'catkin_skip_building_tests' from command line to 'False'
[0.144s] DEBUG:colcon.colcon_core.verb:Building package 'global_planner' with the following arguments: {'ament_cmake_args': None, 'build_base': '/home/ksriniv2/Autolab/build/global_planner', 'catkin_cmake_args': None, 'catkin_skip_building_tests': False, 'cmake_args': None, 'cmake_clean_cache': False, 'cmake_clean_first': False, 'cmake_force_configure': False, 'cmake_target': None, 'cmake_target_skip_unavailable': False, 'install_base': '/home/ksriniv2/Autolab/install/global_planner', 'merge_install': False, 'path': '/home/ksriniv2/Autolab/robot/ros_ws/src/autonomy/global_planner', 'symlink_install': False, 'test_result_base': None}
[0.144s] Level 5:colcon.colcon_core.verb:set package 'interface_bringup' build argument 'cmake_args' from command line to 'None'
[0.144s] Level 5:colcon.colcon_core.verb:set package 'interface_bringup' build argument 'cmake_target' from command line to 'None'
[0.144s] Level 5:colcon.colcon_core.verb:set package 'interface_bringup' build argument 'cmake_target_skip_unavailable' from command line to 'False'
[0.144s] Level 5:colcon.colcon_core.verb:set package 'interface_bringup' build argument 'cmake_clean_cache' from command line to 'False'
[0.144s] Level 5:colcon.colcon_core.verb:set package 'interface_bringup' build argument 'cmake_clean_first' from command line to 'False'
[0.144s] Level 5:colcon.colcon_core.verb:set package 'interface_bringup' build argument 'cmake_force_configure' from command line to 'False'
[0.144s] Level 5:colcon.colcon_core.verb:set package 'interface_bringup' build argument 'ament_cmake_args' from command line to 'None'
[0.144s] Level 5:colcon.colcon_core.verb:set package 'interface_bringup' build argument 'catkin_cmake_args' from command line to 'None'
[0.144s] Level 5:colcon.colcon_core.verb:set package 'interface_bringup' build argument 'catkin_skip_building_tests' from command line to 'False'
[0.144s] DEBUG:colcon.colcon_core.verb:Building package 'interface_bringup' with the following arguments: {'ament_cmake_args': None, 'build_base': '/home/ksriniv2/Autolab/build/interface_bringup', 'catkin_cmake_args': None, 'catkin_skip_building_tests': False, 'cmake_args': None, 'cmake_clean_cache': False, 'cmake_clean_first': False, 'cmake_force_configure': False, 'cmake_target': None, 'cmake_target_skip_unavailable': False, 'install_base': '/home/ksriniv2/Autolab/install/interface_bringup', 'merge_install': False, 'path': '/home/ksriniv2/Autolab/robot/ros_ws/src/autonomy/0_interface/interface_bringup', 'symlink_install': False, 'test_result_base': None}
[0.144s] Level 5:colcon.colcon_core.verb:set package 'iris_with_sensors_description' build argument 'cmake_args' from command line to 'None'
[0.144s] Level 5:colcon.colcon_core.verb:set package 'iris_with_sensors_description' build argument 'cmake_target' from command line to 'None'
[0.144s] Level 5:colcon.colcon_core.verb:set package 'iris_with_sensors_description' build argument 'cmake_target_skip_unavailable' from command line to 'False'
[0.144s] Level 5:colcon.colcon_core.verb:set package 'iris_with_sensors_description' build argument 'cmake_clean_cache' from command line to 'False'
[0.144s] Level 5:colcon.colcon_core.verb:set package 'iris_with_sensors_description' build argument 'cmake_clean_first' from command line to 'False'
[0.144s] Level 5:colcon.colcon_core.verb:set package 'iris_with_sensors_description' build argument 'cmake_force_configure' from command line to 'False'
[0.144s] Level 5:colcon.colcon_core.verb:set package 'iris_with_sensors_description' build argument 'ament_cmake_args' from command line to 'None'
[0.144s] Level 5:colcon.colcon_core.verb:set package 'iris_with_sensors_description' build argument 'catkin_cmake_args' from command line to 'None'
[0.144s] Level 5:colcon.colcon_core.verb:set package 'iris_with_sensors_description' build argument 'catkin_skip_building_tests' from command line to 'False'
[0.144s] DEBUG:colcon.colcon_core.verb:Building package 'iris_with_sensors_description' with the following arguments: {'ament_cmake_args': None, 'build_base': '/home/ksriniv2/Autolab/build/iris_with_sensors_description', 'catkin_cmake_args': None, 'catkin_skip_building_tests': False, 'cmake_args': None, 'cmake_clean_cache': False, 'cmake_clean_first': False, 'cmake_force_configure': False, 'cmake_target': None, 'cmake_target_skip_unavailable': False, 'install_base': '/home/ksriniv2/Autolab/install/iris_with_sensors_description', 'merge_install': False, 'path': '/home/ksriniv2/Autolab/common/ros_packages/robot_descriptions/iris_with_sensors_description', 'symlink_install': False, 'test_result_base': None}
[0.144s] Level 5:colcon.colcon_core.verb:set package 'local_bringup' build argument 'cmake_args' from command line to 'None'
[0.144s] Level 5:colcon.colcon_core.verb:set package 'local_bringup' build argument 'cmake_target' from command line to 'None'
[0.144s] Level 5:colcon.colcon_core.verb:set package 'local_bringup' build argument 'cmake_target_skip_unavailable' from command line to 'False'
[0.144s] Level 5:colcon.colcon_core.verb:set package 'local_bringup' build argument 'cmake_clean_cache' from command line to 'False'
[0.144s] Level 5:colcon.colcon_core.verb:set package 'local_bringup' build argument 'cmake_clean_first' from command line to 'False'
[0.144s] Level 5:colcon.colcon_core.verb:set package 'local_bringup' build argument 'cmake_force_configure' from command line to 'False'
[0.144s] Level 5:colcon.colcon_core.verb:set package 'local_bringup' build argument 'ament_cmake_args' from command line to 'None'
[0.144s] Level 5:colcon.colcon_core.verb:set package 'local_bringup' build argument 'catkin_cmake_args' from command line to 'None'
[0.144s] Level 5:colcon.colcon_core.verb:set package 'local_bringup' build argument 'catkin_skip_building_tests' from command line to 'False'
[0.144s] DEBUG:colcon.colcon_core.verb:Building package 'local_bringup' with the following arguments: {'ament_cmake_args': None, 'build_base': '/home/ksriniv2/Autolab/build/local_bringup', 'catkin_cmake_args': None, 'catkin_skip_building_tests': False, 'cmake_args': None, 'cmake_clean_cache': False, 'cmake_clean_first': False, 'cmake_force_configure': False, 'cmake_target': None, 'cmake_target_skip_unavailable': False, 'install_base': '/home/ksriniv2/Autolab/install/local_bringup', 'merge_install': False, 'path': '/home/ksriniv2/Autolab/robot/ros_ws/src/autonomy/4_local/local_bringup', 'symlink_install': False, 'test_result_base': None}
[0.144s] Level 5:colcon.colcon_core.verb:set package 'logging_bringup' build argument 'cmake_args' from command line to 'None'
[0.144s] Level 5:colcon.colcon_core.verb:set package 'logging_bringup' build argument 'cmake_target' from command line to 'None'
[0.144s] Level 5:colcon.colcon_core.verb:set package 'logging_bringup' build argument 'cmake_target_skip_unavailable' from command line to 'False'
[0.144s] Level 5:colcon.colcon_core.verb:set package 'logging_bringup' build argument 'cmake_clean_cache' from command line to 'False'
[0.144s] Level 5:colcon.colcon_core.verb:set package 'logging_bringup' build argument 'cmake_clean_first' from command line to 'False'
[0.144s] Level 5:colcon.colcon_core.verb:set package 'logging_bringup' build argument 'cmake_force_configure' from command line to 'False'
[0.144s] Level 5:colcon.colcon_core.verb:set package 'logging_bringup' build argument 'ament_cmake_args' from command line to 'None'
[0.144s] Level 5:colcon.colcon_core.verb:set package 'logging_bringup' build argument 'catkin_cmake_args' from command line to 'None'
[0.144s] Level 5:colcon.colcon_core.verb:set package 'logging_bringup' build argument 'catkin_skip_building_tests' from command line to 'False'
[0.144s] DEBUG:colcon.colcon_core.verb:Building package 'logging_bringup' with the following arguments: {'ament_cmake_args': None, 'build_base': '/home/ksriniv2/Autolab/build/logging_bringup', 'catkin_cmake_args': None, 'catkin_skip_building_tests': False, 'cmake_args': None, 'cmake_clean_cache': False, 'cmake_clean_first': False, 'cmake_force_configure': False, 'cmake_target': None, 'cmake_target_skip_unavailable': False, 'install_base': '/home/ksriniv2/Autolab/install/logging_bringup', 'merge_install': False, 'path': '/home/ksriniv2/Autolab/robot/ros_ws/src/logging/logging_bringup', 'symlink_install': False, 'test_result_base': None}
[0.144s] Level 5:colcon.colcon_core.verb:set package 'mapping_and_localization_bringup' build argument 'cmake_args' from command line to 'None'
[0.144s] Level 5:colcon.colcon_core.verb:set package 'mapping_and_localization_bringup' build argument 'cmake_target' from command line to 'None'
[0.144s] Level 5:colcon.colcon_core.verb:set package 'mapping_and_localization_bringup' build argument 'cmake_target_skip_unavailable' from command line to 'False'
[0.144s] Level 5:colcon.colcon_core.verb:set package 'mapping_and_localization_bringup' build argument 'cmake_clean_cache' from command line to 'False'
[0.144s] Level 5:colcon.colcon_core.verb:set package 'mapping_and_localization_bringup' build argument 'cmake_clean_first' from command line to 'False'
[0.144s] Level 5:colcon.colcon_core.verb:set package 'mapping_and_localization_bringup' build argument 'cmake_force_configure' from command line to 'False'
[0.144s] Level 5:colcon.colcon_core.verb:set package 'mapping_and_localization_bringup' build argument 'ament_cmake_args' from command line to 'None'
[0.144s] Level 5:colcon.colcon_core.verb:set package 'mapping_and_localization_bringup' build argument 'catkin_cmake_args' from command line to 'None'
[0.144s] Level 5:colcon.colcon_core.verb:set package 'mapping_and_localization_bringup' build argument 'catkin_skip_building_tests' from command line to 'False'
[0.144s] DEBUG:colcon.colcon_core.verb:Building package 'mapping_and_localization_bringup' with the following arguments: {'ament_cmake_args': None, 'build_base': '/home/ksriniv2/Autolab/build/mapping_and_localization_bringup', 'catkin_cmake_args': None, 'catkin_skip_building_tests': False, 'cmake_args': None, 'cmake_clean_cache': False, 'cmake_clean_first': False, 'cmake_force_configure': False, 'cmake_target': None, 'cmake_target_skip_unavailable': False, 'install_base': '/home/ksriniv2/Autolab/install/mapping_and_localization_bringup', 'merge_install': False, 'path': '/home/ksriniv2/Autolab/robot/ros_ws/src/autonomy/2_mapping_and_localization/mapping_and_localization_bringup', 'symlink_install': False, 'test_result_base': None}
[0.145s] Level 5:colcon.colcon_core.verb:set package 'navigation_bringup' build argument 'cmake_args' from command line to 'None'
[0.145s] Level 5:colcon.colcon_core.verb:set package 'navigation_bringup' build argument 'cmake_target' from command line to 'None'
[0.145s] Level 5:colcon.colcon_core.verb:set package 'navigation_bringup' build argument 'cmake_target_skip_unavailable' from command line to 'False'
[0.145s] Level 5:colcon.colcon_core.verb:set package 'navigation_bringup' build argument 'cmake_clean_cache' from command line to 'False'
[0.145s] Level 5:colcon.colcon_core.verb:set package 'navigation_bringup' build argument 'cmake_clean_first' from command line to 'False'
[0.145s] Level 5:colcon.colcon_core.verb:set package 'navigation_bringup' build argument 'cmake_force_configure' from command line to 'False'
[0.145s] Level 5:colcon.colcon_core.verb:set package 'navigation_bringup' build argument 'ament_cmake_args' from command line to 'None'
[0.145s] Level 5:colcon.colcon_core.verb:set package 'navigation_bringup' build argument 'catkin_cmake_args' from command line to 'None'
[0.145s] Level 5:colcon.colcon_core.verb:set package 'navigation_bringup' build argument 'catkin_skip_building_tests' from command line to 'False'
[0.145s] DEBUG:colcon.colcon_core.verb:Building package 'navigation_bringup' with the following arguments: {'ament_cmake_args': None, 'build_base': '/home/ksriniv2/Autolab/build/navigation_bringup', 'catkin_cmake_args': None, 'catkin_skip_building_tests': False, 'cmake_args': None, 'cmake_clean_cache': False, 'cmake_clean_first': False, 'cmake_force_configure': False, 'cmake_target': None, 'cmake_target_skip_unavailable': False, 'install_base': '/home/ksriniv2/Autolab/install/navigation_bringup', 'merge_install': False, 'path': '/home/ksriniv2/Autolab/robot/ros_ws/src/autonomy/1_navigation/navigation_bringup', 'symlink_install': False, 'test_result_base': None}
[0.145s] Level 5:colcon.colcon_core.verb:set package 'navigation_controller' build argument 'cmake_args' from command line to 'None'
[0.145s] Level 5:colcon.colcon_core.verb:set package 'navigation_controller' build argument 'cmake_target' from command line to 'None'
[0.145s] Level 5:colcon.colcon_core.verb:set package 'navigation_controller' build argument 'cmake_target_skip_unavailable' from command line to 'False'
[0.145s] Level 5:colcon.colcon_core.verb:set package 'navigation_controller' build argument 'cmake_clean_cache' from command line to 'False'
[0.145s] Level 5:colcon.colcon_core.verb:set package 'navigation_controller' build argument 'cmake_clean_first' from command line to 'False'
[0.145s] Level 5:colcon.colcon_core.verb:set package 'navigation_controller' build argument 'cmake_force_configure' from command line to 'False'
[0.145s] Level 5:colcon.colcon_core.verb:set package 'navigation_controller' build argument 'ament_cmake_args' from command line to 'None'
[0.145s] Level 5:colcon.colcon_core.verb:set package 'navigation_controller' build argument 'catkin_cmake_args' from command line to 'None'
[0.145s] Level 5:colcon.colcon_core.verb:set package 'navigation_controller' build argument 'catkin_skip_building_tests' from command line to 'False'
[0.145s] DEBUG:colcon.colcon_core.verb:Building package 'navigation_controller' with the following arguments: {'ament_cmake_args': None, 'build_base': '/home/ksriniv2/Autolab/build/navigation_controller', 'catkin_cmake_args': None, 'catkin_skip_building_tests': False, 'cmake_args': None, 'cmake_clean_cache': False, 'cmake_clean_first': False, 'cmake_force_configure': False, 'cmake_target': None, 'cmake_target_skip_unavailable': False, 'install_base': '/home/ksriniv2/Autolab/install/navigation_controller', 'merge_install': False, 'path': '/home/ksriniv2/Autolab/robot/ros_ws/src/autonomy/1_navigation/navigation_controller', 'symlink_install': False, 'test_result_base': None}
[0.145s] Level 5:colcon.colcon_core.verb:set package 'perception_bringup' build argument 'cmake_args' from command line to 'None'
[0.145s] Level 5:colcon.colcon_core.verb:set package 'perception_bringup' build argument 'cmake_target' from command line to 'None'
[0.145s] Level 5:colcon.colcon_core.verb:set package 'perception_bringup' build argument 'cmake_target_skip_unavailable' from command line to 'False'
[0.145s] Level 5:colcon.colcon_core.verb:set package 'perception_bringup' build argument 'cmake_clean_cache' from command line to 'False'
[0.145s] Level 5:colcon.colcon_core.verb:set package 'perception_bringup' build argument 'cmake_clean_first' from command line to 'False'
[0.145s] Level 5:colcon.colcon_core.verb:set package 'perception_bringup' build argument 'cmake_force_configure' from command line to 'False'
[0.145s] Level 5:colcon.colcon_core.verb:set package 'perception_bringup' build argument 'ament_cmake_args' from command line to 'None'
[0.145s] Level 5:colcon.colcon_core.verb:set package 'perception_bringup' build argument 'catkin_cmake_args' from command line to 'None'
[0.145s] Level 5:colcon.colcon_core.verb:set package 'perception_bringup' build argument 'catkin_skip_building_tests' from command line to 'False'
[0.145s] DEBUG:colcon.colcon_core.verb:Building package 'perception_bringup' with the following arguments: {'ament_cmake_args': None, 'build_base': '/home/ksriniv2/Autolab/build/perception_bringup', 'catkin_cmake_args': None, 'catkin_skip_building_tests': False, 'cmake_args': None, 'cmake_clean_cache': False, 'cmake_clean_first': False, 'cmake_force_configure': False, 'cmake_target': None, 'cmake_target_skip_unavailable': False, 'install_base': '/home/ksriniv2/Autolab/install/perception_bringup', 'merge_install': False, 'path': '/home/ksriniv2/Autolab/robot/ros_ws/src/autonomy/3_perception/perception_bringup', 'symlink_install': False, 'test_result_base': None}
[0.145s] Level 5:colcon.colcon_core.verb:set package 'rqt_autolab_control_panel' build argument 'cmake_args' from command line to 'None'
[0.145s] Level 5:colcon.colcon_core.verb:set package 'rqt_autolab_control_panel' build argument 'cmake_target' from command line to 'None'
[0.145s] Level 5:colcon.colcon_core.verb:set package 'rqt_autolab_control_panel' build argument 'cmake_target_skip_unavailable' from command line to 'False'
[0.145s] Level 5:colcon.colcon_core.verb:set package 'rqt_autolab_control_panel' build argument 'cmake_clean_cache' from command line to 'False'
[0.145s] Level 5:colcon.colcon_core.verb:set package 'rqt_autolab_control_panel' build argument 'cmake_clean_first' from command line to 'False'
[0.145s] Level 5:colcon.colcon_core.verb:set package 'rqt_autolab_control_panel' build argument 'cmake_force_configure' from command line to 'False'
[0.145s] Level 5:colcon.colcon_core.verb:set package 'rqt_autolab_control_panel' build argument 'ament_cmake_args' from command line to 'None'
[0.145s] Level 5:colcon.colcon_core.verb:set package 'rqt_autolab_control_panel' build argument 'catkin_cmake_args' from command line to 'None'
[0.145s] Level 5:colcon.colcon_core.verb:set package 'rqt_autolab_control_panel' build argument 'catkin_skip_building_tests' from command line to 'False'
[0.145s] DEBUG:colcon.colcon_core.verb:Building package 'rqt_autolab_control_panel' with the following arguments: {'ament_cmake_args': None, 'build_base': '/home/ksriniv2/Autolab/build/rqt_autolab_control_panel', 'catkin_cmake_args': None, 'catkin_skip_building_tests': False, 'cmake_args': None, 'cmake_clean_cache': False, 'cmake_clean_first': False, 'cmake_force_configure': False, 'cmake_target': None, 'cmake_target_skip_unavailable': False, 'install_base': '/home/ksriniv2/Autolab/install/rqt_autolab_control_panel', 'merge_install': False, 'path': '/home/ksriniv2/Autolab/gcs/ros_ws/src/rqt_autolab_control_panel', 'symlink_install': False, 'test_result_base': None}
[0.145s] Level 5:colcon.colcon_core.verb:set package 'rqt_behavior_tree_command' build argument 'cmake_args' from command line to 'None'
[0.145s] Level 5:colcon.colcon_core.verb:set package 'rqt_behavior_tree_command' build argument 'cmake_target' from command line to 'None'
[0.145s] Level 5:colcon.colcon_core.verb:set package 'rqt_behavior_tree_command' build argument 'cmake_target_skip_unavailable' from command line to 'False'
[0.145s] Level 5:colcon.colcon_core.verb:set package 'rqt_behavior_tree_command' build argument 'cmake_clean_cache' from command line to 'False'
[0.145s] Level 5:colcon.colcon_core.verb:set package 'rqt_behavior_tree_command' build argument 'cmake_clean_first' from command line to 'False'
[0.145s] Level 5:colcon.colcon_core.verb:set package 'rqt_behavior_tree_command' build argument 'cmake_force_configure' from command line to 'False'
[0.145s] Level 5:colcon.colcon_core.verb:set package 'rqt_behavior_tree_command' build argument 'ament_cmake_args' from command line to 'None'
[0.145s] Level 5:colcon.colcon_core.verb:set package 'rqt_behavior_tree_command' build argument 'catkin_cmake_args' from command line to 'None'
[0.145s] Level 5:colcon.colcon_core.verb:set package 'rqt_behavior_tree_command' build argument 'catkin_skip_building_tests' from command line to 'False'
[0.145s] DEBUG:colcon.colcon_core.verb:Building package 'rqt_behavior_tree_command' with the following arguments: {'ament_cmake_args': None, 'build_base': '/home/ksriniv2/Autolab/build/rqt_behavior_tree_command', 'catkin_cmake_args': None, 'catkin_skip_building_tests': False, 'cmake_args': None, 'cmake_clean_cache': False, 'cmake_clean_first': False, 'cmake_force_configure': False, 'cmake_target': None, 'cmake_target_skip_unavailable': False, 'install_base': '/home/ksriniv2/Autolab/install/rqt_behavior_tree_command', 'merge_install': False, 'path': '/home/ksriniv2/Autolab/robot/ros_ws/src/autonomy/6_behavior/rqt_behavior_tree_command', 'symlink_install': False, 'test_result_base': None}
[0.145s] Level 5:colcon.colcon_core.verb:set package 'rqt_fixed_trajectory_generator' build argument 'cmake_args' from command line to 'None'
[0.145s] Level 5:colcon.colcon_core.verb:set package 'rqt_fixed_trajectory_generator' build argument 'cmake_target' from command line to 'None'
[0.145s] Level 5:colcon.colcon_core.verb:set package 'rqt_fixed_trajectory_generator' build argument 'cmake_target_skip_unavailable' from command line to 'False'
[0.145s] Level 5:colcon.colcon_core.verb:set package 'rqt_fixed_trajectory_generator' build argument 'cmake_clean_cache' from command line to 'False'
[0.145s] Level 5:colcon.colcon_core.verb:set package 'rqt_fixed_trajectory_generator' build argument 'cmake_clean_first' from command line to 'False'
[0.145s] Level 5:colcon.colcon_core.verb:set package 'rqt_fixed_trajectory_generator' build argument 'cmake_force_configure' from command line to 'False'
[0.145s] Level 5:colcon.colcon_core.verb:set package 'rqt_fixed_trajectory_generator' build argument 'ament_cmake_args' from command line to 'None'
[0.145s] Level 5:colcon.colcon_core.verb:set package 'rqt_fixed_trajectory_generator' build argument 'catkin_cmake_args' from command line to 'None'
[0.145s] Level 5:colcon.colcon_core.verb:set package 'rqt_fixed_trajectory_generator' build argument 'catkin_skip_building_tests' from command line to 'False'
[0.145s] DEBUG:colcon.colcon_core.verb:Building package 'rqt_fixed_trajectory_generator' with the following arguments: {'ament_cmake_args': None, 'build_base': '/home/ksriniv2/Autolab/build/rqt_fixed_trajectory_generator', 'catkin_cmake_args': None, 'catkin_skip_building_tests': False, 'cmake_args': None, 'cmake_clean_cache': False, 'cmake_clean_first': False, 'cmake_force_configure': False, 'cmake_target': None, 'cmake_target_skip_unavailable': False, 'install_base': '/home/ksriniv2/Autolab/install/rqt_fixed_trajectory_generator', 'merge_install': False, 'path': '/home/ksriniv2/Autolab/robot/ros_ws/src/autonomy/6_behavior/rqt_fixed_trajectory_generator', 'symlink_install': False, 'test_result_base': None}
[0.145s] Level 5:colcon.colcon_core.verb:set package 'rqt_gcs' build argument 'cmake_args' from command line to 'None'
[0.145s] Level 5:colcon.colcon_core.verb:set package 'rqt_gcs' build argument 'cmake_target' from command line to 'None'
[0.145s] Level 5:colcon.colcon_core.verb:set package 'rqt_gcs' build argument 'cmake_target_skip_unavailable' from command line to 'False'
[0.145s] Level 5:colcon.colcon_core.verb:set package 'rqt_gcs' build argument 'cmake_clean_cache' from command line to 'False'
[0.145s] Level 5:colcon.colcon_core.verb:set package 'rqt_gcs' build argument 'cmake_clean_first' from command line to 'False'
[0.145s] Level 5:colcon.colcon_core.verb:set package 'rqt_gcs' build argument 'cmake_force_configure' from command line to 'False'
[0.145s] Level 5:colcon.colcon_core.verb:set package 'rqt_gcs' build argument 'ament_cmake_args' from command line to 'None'
[0.145s] Level 5:colcon.colcon_core.verb:set package 'rqt_gcs' build argument 'catkin_cmake_args' from command line to 'None'
[0.145s] Level 5:colcon.colcon_core.verb:set package 'rqt_gcs' build argument 'catkin_skip_building_tests' from command line to 'False'
[0.145s] DEBUG:colcon.colcon_core.verb:Building package 'rqt_gcs' with the following arguments: {'ament_cmake_args': None, 'build_base': '/home/ksriniv2/Autolab/build/rqt_gcs', 'catkin_cmake_args': None, 'catkin_skip_building_tests': False, 'cmake_args': None, 'cmake_clean_cache': False, 'cmake_clean_first': False, 'cmake_force_configure': False, 'cmake_target': None, 'cmake_target_skip_unavailable': False, 'install_base': '/home/ksriniv2/Autolab/install/rqt_gcs', 'merge_install': False, 'path': '/home/ksriniv2/Autolab/gcs/ros_ws/src/rqt_gcs', 'symlink_install': False, 'test_result_base': None}
[0.145s] Level 5:colcon.colcon_core.verb:set package 'rqt_py_template' build argument 'cmake_args' from command line to 'None'
[0.145s] Level 5:colcon.colcon_core.verb:set package 'rqt_py_template' build argument 'cmake_target' from command line to 'None'
[0.145s] Level 5:colcon.colcon_core.verb:set package 'rqt_py_template' build argument 'cmake_target_skip_unavailable' from command line to 'False'
[0.145s] Level 5:colcon.colcon_core.verb:set package 'rqt_py_template' build argument 'cmake_clean_cache' from command line to 'False'
[0.145s] Level 5:colcon.colcon_core.verb:set package 'rqt_py_template' build argument 'cmake_clean_first' from command line to 'False'
[0.145s] Level 5:colcon.colcon_core.verb:set package 'rqt_py_template' build argument 'cmake_force_configure' from command line to 'False'
[0.145s] Level 5:colcon.colcon_core.verb:set package 'rqt_py_template' build argument 'ament_cmake_args' from command line to 'None'
[0.145s] Level 5:colcon.colcon_core.verb:set package 'rqt_py_template' build argument 'catkin_cmake_args' from command line to 'None'
[0.145s] Level 5:colcon.colcon_core.verb:set package 'rqt_py_template' build argument 'catkin_skip_building_tests' from command line to 'False'
[0.145s] DEBUG:colcon.colcon_core.verb:Building package 'rqt_py_template' with the following arguments: {'ament_cmake_args': None, 'build_base': '/home/ksriniv2/Autolab/build/rqt_py_template', 'catkin_cmake_args': None, 'catkin_skip_building_tests': False, 'cmake_args': None, 'cmake_clean_cache': False, 'cmake_clean_first': False, 'cmake_force_configure': False, 'cmake_target': None, 'cmake_target_skip_unavailable': False, 'install_base': '/home/ksriniv2/Autolab/install/rqt_py_template', 'merge_install': False, 'path': '/home/ksriniv2/Autolab/gcs/ros_ws/src/rqt_py_template', 'symlink_install': False, 'test_result_base': None}
[0.146s] Level 5:colcon.colcon_core.verb:set package 'zed_wrapper' build argument 'cmake_args' from command line to 'None'
[0.146s] Level 5:colcon.colcon_core.verb:set package 'zed_wrapper' build argument 'cmake_target' from command line to 'None'
[0.146s] Level 5:colcon.colcon_core.verb:set package 'zed_wrapper' build argument 'cmake_target_skip_unavailable' from command line to 'False'
[0.146s] Level 5:colcon.colcon_core.verb:set package 'zed_wrapper' build argument 'cmake_clean_cache' from command line to 'False'
[0.146s] Level 5:colcon.colcon_core.verb:set package 'zed_wrapper' build argument 'cmake_clean_first' from command line to 'False'
[0.146s] Level 5:colcon.colcon_core.verb:set package 'zed_wrapper' build argument 'cmake_force_configure' from command line to 'False'
[0.146s] Level 5:colcon.colcon_core.verb:set package 'zed_wrapper' build argument 'ament_cmake_args' from command line to 'None'
[0.146s] Level 5:colcon.colcon_core.verb:set package 'zed_wrapper' build argument 'catkin_cmake_args' from command line to 'None'
[0.146s] Level 5:colcon.colcon_core.verb:set package 'zed_wrapper' build argument 'catkin_skip_building_tests' from command line to 'False'
[0.146s] DEBUG:colcon.colcon_core.verb:Building package 'zed_wrapper' with the following arguments: {'ament_cmake_args': None, 'build_base': '/home/ksriniv2/Autolab/build/zed_wrapper', 'catkin_cmake_args': None, 'catkin_skip_building_tests': False, 'cmake_args': None, 'cmake_clean_cache': False, 'cmake_clean_first': False, 'cmake_force_configure': False, 'cmake_target': None, 'cmake_target_skip_unavailable': False, 'install_base': '/home/ksriniv2/Autolab/install/zed_wrapper', 'merge_install': False, 'path': '/home/ksriniv2/Autolab/robot/docker/zed/ws/src/zed_wrapper', 'symlink_install': False, 'test_result_base': None}
[0.146s] Level 5:colcon.colcon_core.verb:set package 'autolab_common' build argument 'cmake_args' from command line to 'None'
[0.146s] Level 5:colcon.colcon_core.verb:set package 'autolab_common' build argument 'cmake_target' from command line to 'None'
[0.146s] Level 5:colcon.colcon_core.verb:set package 'autolab_common' build argument 'cmake_target_skip_unavailable' from command line to 'False'
[0.146s] Level 5:colcon.colcon_core.verb:set package 'autolab_common' build argument 'cmake_clean_cache' from command line to 'False'
[0.146s] Level 5:colcon.colcon_core.verb:set package 'autolab_common' build argument 'cmake_clean_first' from command line to 'False'
[0.146s] Level 5:colcon.colcon_core.verb:set package 'autolab_common' build argument 'cmake_force_configure' from command line to 'False'
[0.146s] Level 5:colcon.colcon_core.verb:set package 'autolab_common' build argument 'ament_cmake_args' from command line to 'None'
[0.146s] Level 5:colcon.colcon_core.verb:set package 'autolab_common' build argument 'catkin_cmake_args' from command line to 'None'
[0.146s] Level 5:colcon.colcon_core.verb:set package 'autolab_common' build argument 'catkin_skip_building_tests' from command line to 'False'
[0.146s] DEBUG:colcon.colcon_core.verb:Building package 'autolab_common' with the following arguments: {'ament_cmake_args': None, 'build_base': '/home/ksriniv2/Autolab/build/autolab_common', 'catkin_cmake_args': None, 'catkin_skip_building_tests': False, 'cmake_args': None, 'cmake_clean_cache': False, 'cmake_clean_first': False, 'cmake_force_configure': False, 'cmake_target': None, 'cmake_target_skip_unavailable': False, 'install_base': '/home/ksriniv2/Autolab/install/autolab_common', 'merge_install': False, 'path': '/home/ksriniv2/Autolab/common/ros_packages/autolab_common', 'symlink_install': False, 'test_result_base': None}
[0.146s] Level 5:colcon.colcon_core.verb:set package 'base_moveit_config' build argument 'cmake_args' from command line to 'None'
[0.146s] Level 5:colcon.colcon_core.verb:set package 'base_moveit_config' build argument 'cmake_target' from command line to 'None'
[0.146s] Level 5:colcon.colcon_core.verb:set package 'base_moveit_config' build argument 'cmake_target_skip_unavailable' from command line to 'False'
[0.146s] Level 5:colcon.colcon_core.verb:set package 'base_moveit_config' build argument 'cmake_clean_cache' from command line to 'False'
[0.146s] Level 5:colcon.colcon_core.verb:set package 'base_moveit_config' build argument 'cmake_clean_first' from command line to 'False'
[0.146s] Level 5:colcon.colcon_core.verb:set package 'base_moveit_config' build argument 'cmake_force_configure' from command line to 'False'
[0.146s] Level 5:colcon.colcon_core.verb:set package 'base_moveit_config' build argument 'ament_cmake_args' from command line to 'None'
[0.146s] Level 5:colcon.colcon_core.verb:set package 'base_moveit_config' build argument 'catkin_cmake_args' from command line to 'None'
[0.146s] Level 5:colcon.colcon_core.verb:set package 'base_moveit_config' build argument 'catkin_skip_building_tests' from command line to 'False'
[0.146s] DEBUG:colcon.colcon_core.verb:Building package 'base_moveit_config' with the following arguments: {'ament_cmake_args': None, 'build_base': '/home/ksriniv2/Autolab/build/base_moveit_config', 'catkin_cmake_args': None, 'catkin_skip_building_tests': False, 'cmake_args': None, 'cmake_clean_cache': False, 'cmake_clean_first': False, 'cmake_force_configure': False, 'cmake_target': None, 'cmake_target_skip_unavailable': False, 'install_base': '/home/ksriniv2/Autolab/install/base_moveit_config', 'merge_install': False, 'path': '/home/ksriniv2/Autolab/robot/ros_ws/src/base_moveit_config', 'symlink_install': False, 'test_result_base': None}
[0.146s] Level 5:colcon.colcon_core.verb:set package 'base_moveit_config_2' build argument 'cmake_args' from command line to 'None'
[0.146s] Level 5:colcon.colcon_core.verb:set package 'base_moveit_config_2' build argument 'cmake_target' from command line to 'None'
[0.146s] Level 5:colcon.colcon_core.verb:set package 'base_moveit_config_2' build argument 'cmake_target_skip_unavailable' from command line to 'False'
[0.146s] Level 5:colcon.colcon_core.verb:set package 'base_moveit_config_2' build argument 'cmake_clean_cache' from command line to 'False'
[0.146s] Level 5:colcon.colcon_core.verb:set package 'base_moveit_config_2' build argument 'cmake_clean_first' from command line to 'False'
[0.146s] Level 5:colcon.colcon_core.verb:set package 'base_moveit_config_2' build argument 'cmake_force_configure' from command line to 'False'
[0.146s] Level 5:colcon.colcon_core.verb:set package 'base_moveit_config_2' build argument 'ament_cmake_args' from command line to 'None'
[0.146s] Level 5:colcon.colcon_core.verb:set package 'base_moveit_config_2' build argument 'catkin_cmake_args' from command line to 'None'
[0.146s] Level 5:colcon.colcon_core.verb:set package 'base_moveit_config_2' build argument 'catkin_skip_building_tests' from command line to 'False'
[0.146s] DEBUG:colcon.colcon_core.verb:Building package 'base_moveit_config_2' with the following arguments: {'ament_cmake_args': None, 'build_base': '/home/ksriniv2/Autolab/build/base_moveit_config_2', 'catkin_cmake_args': None, 'catkin_skip_building_tests': False, 'cmake_args': None, 'cmake_clean_cache': False, 'cmake_clean_first': False, 'cmake_force_configure': False, 'cmake_target': None, 'cmake_target_skip_unavailable': False, 'install_base': '/home/ksriniv2/Autolab/install/base_moveit_config_2', 'merge_install': False, 'path': '/home/ksriniv2/Autolab/robot/ros_ws/src/base_moveit_config_2', 'symlink_install': False, 'test_result_base': None}
[0.146s] Level 5:colcon.colcon_core.verb:set package 'behavior_tree' build argument 'cmake_args' from command line to 'None'
[0.146s] Level 5:colcon.colcon_core.verb:set package 'behavior_tree' build argument 'cmake_target' from command line to 'None'
[0.146s] Level 5:colcon.colcon_core.verb:set package 'behavior_tree' build argument 'cmake_target_skip_unavailable' from command line to 'False'
[0.146s] Level 5:colcon.colcon_core.verb:set package 'behavior_tree' build argument 'cmake_clean_cache' from command line to 'False'
[0.146s] Level 5:colcon.colcon_core.verb:set package 'behavior_tree' build argument 'cmake_clean_first' from command line to 'False'
[0.146s] Level 5:colcon.colcon_core.verb:set package 'behavior_tree' build argument 'cmake_force_configure' from command line to 'False'
[0.146s] Level 5:colcon.colcon_core.verb:set package 'behavior_tree' build argument 'ament_cmake_args' from command line to 'None'
[0.146s] Level 5:colcon.colcon_core.verb:set package 'behavior_tree' build argument 'catkin_cmake_args' from command line to 'None'
[0.146s] Level 5:colcon.colcon_core.verb:set package 'behavior_tree' build argument 'catkin_skip_building_tests' from command line to 'False'
[0.146s] DEBUG:colcon.colcon_core.verb:Building package 'behavior_tree' with the following arguments: {'ament_cmake_args': None, 'build_base': '/home/ksriniv2/Autolab/build/behavior_tree', 'catkin_cmake_args': None, 'catkin_skip_building_tests': False, 'cmake_args': None, 'cmake_clean_cache': False, 'cmake_clean_first': False, 'cmake_force_configure': False, 'cmake_target': None, 'cmake_target_skip_unavailable': False, 'install_base': '/home/ksriniv2/Autolab/install/behavior_tree', 'merge_install': False, 'path': '/home/ksriniv2/Autolab/robot/ros_ws/src/autonomy/6_behavior/behavior_tree', 'symlink_install': False, 'test_result_base': None}
[0.146s] Level 5:colcon.colcon_core.verb:set package 'rqt_behavior_tree' build argument 'cmake_args' from command line to 'None'
[0.146s] Level 5:colcon.colcon_core.verb:set package 'rqt_behavior_tree' build argument 'cmake_target' from command line to 'None'
[0.146s] Level 5:colcon.colcon_core.verb:set package 'rqt_behavior_tree' build argument 'cmake_target_skip_unavailable' from command line to 'False'
[0.146s] Level 5:colcon.colcon_core.verb:set package 'rqt_behavior_tree' build argument 'cmake_clean_cache' from command line to 'False'
[0.146s] Level 5:colcon.colcon_core.verb:set package 'rqt_behavior_tree' build argument 'cmake_clean_first' from command line to 'False'
[0.146s] Level 5:colcon.colcon_core.verb:set package 'rqt_behavior_tree' build argument 'cmake_force_configure' from command line to 'False'
[0.146s] Level 5:colcon.colcon_core.verb:set package 'rqt_behavior_tree' build argument 'ament_cmake_args' from command line to 'None'
[0.146s] Level 5:colcon.colcon_core.verb:set package 'rqt_behavior_tree' build argument 'catkin_cmake_args' from command line to 'None'
[0.146s] Level 5:colcon.colcon_core.verb:set package 'rqt_behavior_tree' build argument 'catkin_skip_building_tests' from command line to 'False'
[0.146s] DEBUG:colcon.colcon_core.verb:Building package 'rqt_behavior_tree' with the following arguments: {'ament_cmake_args': None, 'build_base': '/home/ksriniv2/Autolab/build/rqt_behavior_tree', 'catkin_cmake_args': None, 'catkin_skip_building_tests': False, 'cmake_args': None, 'cmake_clean_cache': False, 'cmake_clean_first': False, 'cmake_force_configure': False, 'cmake_target': None, 'cmake_target_skip_unavailable': False, 'install_base': '/home/ksriniv2/Autolab/install/rqt_behavior_tree', 'merge_install': False, 'path': '/home/ksriniv2/Autolab/common/ros_packages/rqt_behavior_tree', 'symlink_install': False, 'test_result_base': None}
[0.146s] Level 5:colcon.colcon_core.verb:set package 'behavior_executive' build argument 'cmake_args' from command line to 'None'
[0.146s] Level 5:colcon.colcon_core.verb:set package 'behavior_executive' build argument 'cmake_target' from command line to 'None'
[0.146s] Level 5:colcon.colcon_core.verb:set package 'behavior_executive' build argument 'cmake_target_skip_unavailable' from command line to 'False'
[0.146s] Level 5:colcon.colcon_core.verb:set package 'behavior_executive' build argument 'cmake_clean_cache' from command line to 'False'
[0.146s] Level 5:colcon.colcon_core.verb:set package 'behavior_executive' build argument 'cmake_clean_first' from command line to 'False'
[0.146s] Level 5:colcon.colcon_core.verb:set package 'behavior_executive' build argument 'cmake_force_configure' from command line to 'False'
[0.146s] Level 5:colcon.colcon_core.verb:set package 'behavior_executive' build argument 'ament_cmake_args' from command line to 'None'
[0.146s] Level 5:colcon.colcon_core.verb:set package 'behavior_executive' build argument 'catkin_cmake_args' from command line to 'None'
[0.146s] Level 5:colcon.colcon_core.verb:set package 'behavior_executive' build argument 'catkin_skip_building_tests' from command line to 'False'
[0.146s] DEBUG:colcon.colcon_core.verb:Building package 'behavior_executive' with the following arguments: {'ament_cmake_args': None, 'build_base': '/home/ksriniv2/Autolab/build/behavior_executive', 'catkin_cmake_args': None, 'catkin_skip_building_tests': False, 'cmake_args': None, 'cmake_clean_cache': False, 'cmake_clean_first': False, 'cmake_force_configure': False, 'cmake_target': None, 'cmake_target_skip_unavailable': False, 'install_base': '/home/ksriniv2/Autolab/install/behavior_executive', 'merge_install': False, 'path': '/home/ksriniv2/Autolab/robot/ros_ws/src/autonomy/6_behavior/behavior_executive', 'symlink_install': False, 'test_result_base': None}
[0.146s] INFO:colcon.colcon_core.executor:Executing jobs using 'parallel' executor
[0.147s] DEBUG:colcon.colcon_parallel_executor.executor.parallel:run_until_complete
[0.147s] INFO:colcon.colcon_ros.task.ament_cmake.build:Building ROS package in '/home/ksriniv2/Autolab/common/ros_packages/behavior_tree_msgs' with build type 'ament_cmake'
[0.148s] INFO:colcon.colcon_cmake.task.cmake.build:Building CMake package in '/home/ksriniv2/Autolab/common/ros_packages/behavior_tree_msgs'
[0.149s] INFO:colcon.colcon_core.plugin_system:Skipping extension 'colcon_core.shell.bat': Not used on non-Windows systems
[0.149s] INFO:colcon.colcon_core.shell:Skip shell extension 'powershell' for command environment: Not usable outside of PowerShell
[0.149s] DEBUG:colcon.colcon_core.shell:Skip shell extension 'dsv' for command environment
[0.150s] INFO:colcon.colcon_ros.task.ament_cmake.build:Building ROS package in '/home/ksriniv2/Autolab/common/ros_packages/autolab_msgs' with build type 'ament_cmake'
[0.150s] INFO:colcon.colcon_cmake.task.cmake.build:Building CMake package in '/home/ksriniv2/Autolab/common/ros_packages/autolab_msgs'
[0.150s] INFO:colcon.colcon_core.shell:Skip shell extension 'powershell' for command environment: Not usable outside of PowerShell
[0.150s] DEBUG:colcon.colcon_core.shell:Skip shell extension 'dsv' for command environment
[0.151s] INFO:colcon.colcon_ros.task.ament_cmake.build:Building ROS package in '/home/ksriniv2/Autolab/robot/ros_ws/src/base_urdf' with build type 'ament_cmake'
[0.151s] INFO:colcon.colcon_cmake.task.cmake.build:Building CMake package in '/home/ksriniv2/Autolab/robot/ros_ws/src/base_urdf'
[0.151s] INFO:colcon.colcon_core.shell:Skip shell extension 'powershell' for command environment: Not usable outside of PowerShell
[0.151s] DEBUG:colcon.colcon_core.shell:Skip shell extension 'dsv' for command environment
[0.153s] INFO:colcon.colcon_ros.task.ament_cmake.build:Building ROS package in '/home/ksriniv2/Autolab/robot/ros_ws/src/autonomy/autonomy_bringup' with build type 'ament_cmake'
[0.153s] INFO:colcon.colcon_cmake.task.cmake.build:Building CMake package in '/home/ksriniv2/Autolab/robot/ros_ws/src/autonomy/autonomy_bringup'
[0.153s] INFO:colcon.colcon_core.shell:Skip shell extension 'powershell' for command environment: Not usable outside of PowerShell
[0.153s] DEBUG:colcon.colcon_core.shell:Skip shell extension 'dsv' for command environment
[0.154s] INFO:colcon.colcon_ros.task.ament_python.build:Building ROS package in '/home/ksriniv2/Autolab/common/ros_packages/bag_recorder_pid' with build type 'ament_python'
[0.154s] Level 1:colcon.colcon_core.shell:create_environment_hook('bag_record_pid', 'ament_prefix_path')
[0.154s] INFO:colcon.colcon_core.shell:Creating environment hook '/home/ksriniv2/Autolab/install/bag_record_pid/share/bag_record_pid/hook/ament_prefix_path.ps1'
[0.154s] INFO:colcon.colcon_core.shell:Creating environment descriptor '/home/ksriniv2/Autolab/install/bag_record_pid/share/bag_record_pid/hook/ament_prefix_path.dsv'
[0.155s] INFO:colcon.colcon_core.shell:Creating environment hook '/home/ksriniv2/Autolab/install/bag_record_pid/share/bag_record_pid/hook/ament_prefix_path.sh'
[0.155s] INFO:colcon.colcon_core.shell:Skip shell extension 'powershell' for command environment: Not usable outside of PowerShell
[0.155s] DEBUG:colcon.colcon_core.shell:Skip shell extension 'dsv' for command environment
[0.156s] INFO:colcon.colcon_ros.task.ament_cmake.build:Building ROS package in '/home/ksriniv2/Autolab/robot/ros_ws/src/autonomy/6_behavior/behavior_bringup' with build type 'ament_cmake'
[0.156s] INFO:colcon.colcon_cmake.task.cmake.build:Building CMake package in '/home/ksriniv2/Autolab/robot/ros_ws/src/autonomy/6_behavior/behavior_bringup'
[0.156s] INFO:colcon.colcon_core.shell:Skip shell extension 'powershell' for command environment: Not usable outside of PowerShell
[0.156s] DEBUG:colcon.colcon_core.shell:Skip shell extension 'dsv' for command environment
[0.157s] INFO:colcon.colcon_ros.task.ament_cmake.build:Building ROS package in '/home/ksriniv2/Autolab/gcs/ros_ws/src/gcs_bringup' with build type 'ament_cmake'
[0.157s] INFO:colcon.colcon_cmake.task.cmake.build:Building CMake package in '/home/ksriniv2/Autolab/gcs/ros_ws/src/gcs_bringup'
[0.157s] INFO:colcon.colcon_core.shell:Skip shell extension 'powershell' for command environment: Not usable outside of PowerShell
[0.157s] DEBUG:colcon.colcon_core.shell:Skip shell extension 'dsv' for command environment
[0.158s] INFO:colcon.colcon_ros.task.ament_cmake.build:Building ROS package in '/home/ksriniv2/Autolab/robot/ros_ws/src/autonomy/global_planner' with build type 'ament_cmake'
[0.158s] INFO:colcon.colcon_cmake.task.cmake.build:Building CMake package in '/home/ksriniv2/Autolab/robot/ros_ws/src/autonomy/global_planner'
[0.158s] INFO:colcon.colcon_core.shell:Skip shell extension 'powershell' for command environment: Not usable outside of PowerShell
[0.158s] DEBUG:colcon.colcon_core.shell:Skip shell extension 'dsv' for command environment
[0.160s] INFO:colcon.colcon_ros.task.ament_cmake.build:Building ROS package in '/home/ksriniv2/Autolab/robot/ros_ws/src/autonomy/0_interface/interface_bringup' with build type 'ament_cmake'
[0.160s] INFO:colcon.colcon_cmake.task.cmake.build:Building CMake package in '/home/ksriniv2/Autolab/robot/ros_ws/src/autonomy/0_interface/interface_bringup'
[0.160s] INFO:colcon.colcon_core.shell:Skip shell extension 'powershell' for command environment: Not usable outside of PowerShell
[0.160s] DEBUG:colcon.colcon_core.shell:Skip shell extension 'dsv' for command environment
[0.161s] INFO:colcon.colcon_ros.task.ament_cmake.build:Building ROS package in '/home/ksriniv2/Autolab/common/ros_packages/robot_descriptions/iris_with_sensors_description' with build type 'ament_cmake'
[0.161s] INFO:colcon.colcon_cmake.task.cmake.build:Building CMake package in '/home/ksriniv2/Autolab/common/ros_packages/robot_descriptions/iris_with_sensors_description'
[0.161s] INFO:colcon.colcon_core.shell:Skip shell extension 'powershell' for command environment: Not usable outside of PowerShell
[0.161s] DEBUG:colcon.colcon_core.shell:Skip shell extension 'dsv' for command environment
[0.162s] INFO:colcon.colcon_ros.task.ament_cmake.build:Building ROS package in '/home/ksriniv2/Autolab/robot/ros_ws/src/autonomy/4_local/local_bringup' with build type 'ament_cmake'
[0.162s] INFO:colcon.colcon_cmake.task.cmake.build:Building CMake package in '/home/ksriniv2/Autolab/robot/ros_ws/src/autonomy/4_local/local_bringup'
[0.162s] INFO:colcon.colcon_core.shell:Skip shell extension 'powershell' for command environment: Not usable outside of PowerShell
[0.162s] DEBUG:colcon.colcon_core.shell:Skip shell extension 'dsv' for command environment
[0.163s] INFO:colcon.colcon_ros.task.ament_cmake.build:Building ROS package in '/home/ksriniv2/Autolab/robot/ros_ws/src/logging/logging_bringup' with build type 'ament_cmake'
[0.163s] INFO:colcon.colcon_cmake.task.cmake.build:Building CMake package in '/home/ksriniv2/Autolab/robot/ros_ws/src/logging/logging_bringup'
[0.163s] INFO:colcon.colcon_core.shell:Skip shell extension 'powershell' for command environment: Not usable outside of PowerShell
[0.163s] DEBUG:colcon.colcon_core.shell:Skip shell extension 'dsv' for command environment
[0.164s] INFO:colcon.colcon_ros.task.ament_cmake.build:Building ROS package in '/home/ksriniv2/Autolab/robot/ros_ws/src/autonomy/2_mapping_and_localization/mapping_and_localization_bringup' with build type 'ament_cmake'
[0.165s] INFO:colcon.colcon_cmake.task.cmake.build:Building CMake package in '/home/ksriniv2/Autolab/robot/ros_ws/src/autonomy/2_mapping_and_localization/mapping_and_localization_bringup'
[0.165s] INFO:colcon.colcon_core.shell:Skip shell extension 'powershell' for command environment: Not usable outside of PowerShell
[0.165s] DEBUG:colcon.colcon_core.shell:Skip shell extension 'dsv' for command environment
[0.166s] INFO:colcon.colcon_ros.task.ament_cmake.build:Building ROS package in '/home/ksriniv2/Autolab/robot/ros_ws/src/autonomy/1_navigation/navigation_bringup' with build type 'ament_cmake'
[0.166s] INFO:colcon.colcon_cmake.task.cmake.build:Building CMake package in '/home/ksriniv2/Autolab/robot/ros_ws/src/autonomy/1_navigation/navigation_bringup'
[0.166s] INFO:colcon.colcon_core.shell:Skip shell extension 'powershell' for command environment: Not usable outside of PowerShell
[0.166s] DEBUG:colcon.colcon_core.shell:Skip shell extension 'dsv' for command environment
[0.167s] INFO:colcon.colcon_ros.task.ament_cmake.build:Building ROS package in '/home/ksriniv2/Autolab/robot/ros_ws/src/autonomy/1_navigation/navigation_controller' with build type 'ament_cmake'
[0.167s] INFO:colcon.colcon_cmake.task.cmake.build:Building CMake package in '/home/ksriniv2/Autolab/robot/ros_ws/src/autonomy/1_navigation/navigation_controller'
[0.167s] INFO:colcon.colcon_core.shell:Skip shell extension 'powershell' for command environment: Not usable outside of PowerShell
[0.167s] DEBUG:colcon.colcon_core.shell:Skip shell extension 'dsv' for command environment
[0.168s] INFO:colcon.colcon_ros.task.ament_cmake.build:Building ROS package in '/home/ksriniv2/Autolab/robot/ros_ws/src/autonomy/3_perception/perception_bringup' with build type 'ament_cmake'
[0.168s] INFO:colcon.colcon_cmake.task.cmake.build:Building CMake package in '/home/ksriniv2/Autolab/robot/ros_ws/src/autonomy/3_perception/perception_bringup'
[0.168s] INFO:colcon.colcon_core.shell:Skip shell extension 'powershell' for command environment: Not usable outside of PowerShell
[0.168s] DEBUG:colcon.colcon_core.shell:Skip shell extension 'dsv' for command environment
[0.169s] INFO:colcon.colcon_ros.task.ament_python.build:Building ROS package in '/home/ksriniv2/Autolab/gcs/ros_ws/src/rqt_autolab_control_panel' with build type 'ament_python'
[0.169s] Level 1:colcon.colcon_core.shell:create_environment_hook('rqt_autolab_control_panel', 'ament_prefix_path')
[0.169s] INFO:colcon.colcon_core.shell:Creating environment hook '/home/ksriniv2/Autolab/install/rqt_autolab_control_panel/share/rqt_autolab_control_panel/hook/ament_prefix_path.ps1'
[0.170s] INFO:colcon.colcon_core.shell:Creating environment descriptor '/home/ksriniv2/Autolab/install/rqt_autolab_control_panel/share/rqt_autolab_control_panel/hook/ament_prefix_path.dsv'
[0.170s] INFO:colcon.colcon_core.shell:Creating environment hook '/home/ksriniv2/Autolab/install/rqt_autolab_control_panel/share/rqt_autolab_control_panel/hook/ament_prefix_path.sh'
[0.170s] INFO:colcon.colcon_core.shell:Skip shell extension 'powershell' for command environment: Not usable outside of PowerShell
[0.170s] DEBUG:colcon.colcon_core.shell:Skip shell extension 'dsv' for command environment
[0.171s] INFO:colcon.colcon_ros.task.ament_python.build:Building ROS package in '/home/ksriniv2/Autolab/robot/ros_ws/src/autonomy/6_behavior/rqt_behavior_tree_command' with build type 'ament_python'
[0.171s] Level 1:colcon.colcon_core.shell:create_environment_hook('rqt_behavior_tree_command', 'ament_prefix_path')
[0.171s] INFO:colcon.colcon_core.shell:Creating environment hook '/home/ksriniv2/Autolab/install/rqt_behavior_tree_command/share/rqt_behavior_tree_command/hook/ament_prefix_path.ps1'
[0.171s] INFO:colcon.colcon_core.shell:Creating environment descriptor '/home/ksriniv2/Autolab/install/rqt_behavior_tree_command/share/rqt_behavior_tree_command/hook/ament_prefix_path.dsv'
[0.171s] INFO:colcon.colcon_core.shell:Creating environment hook '/home/ksriniv2/Autolab/install/rqt_behavior_tree_command/share/rqt_behavior_tree_command/hook/ament_prefix_path.sh'
[0.172s] INFO:colcon.colcon_core.shell:Skip shell extension 'powershell' for command environment: Not usable outside of PowerShell
[0.172s] DEBUG:colcon.colcon_core.shell:Skip shell extension 'dsv' for command environment
[0.173s] INFO:colcon.colcon_ros.task.ament_python.build:Building ROS package in '/home/ksriniv2/Autolab/robot/ros_ws/src/autonomy/6_behavior/rqt_fixed_trajectory_generator' with build type 'ament_python'
[0.173s] Level 1:colcon.colcon_core.shell:create_environment_hook('rqt_fixed_trajectory_generator', 'ament_prefix_path')
[0.173s] INFO:colcon.colcon_core.shell:Creating environment hook '/home/ksriniv2/Autolab/install/rqt_fixed_trajectory_generator/share/rqt_fixed_trajectory_generator/hook/ament_prefix_path.ps1'
[0.173s] INFO:colcon.colcon_core.shell:Creating environment descriptor '/home/ksriniv2/Autolab/install/rqt_fixed_trajectory_generator/share/rqt_fixed_trajectory_generator/hook/ament_prefix_path.dsv'
[0.173s] INFO:colcon.colcon_core.shell:Creating environment hook '/home/ksriniv2/Autolab/install/rqt_fixed_trajectory_generator/share/rqt_fixed_trajectory_generator/hook/ament_prefix_path.sh'
[0.173s] INFO:colcon.colcon_core.shell:Skip shell extension 'powershell' for command environment: Not usable outside of PowerShell
[0.173s] DEBUG:colcon.colcon_core.shell:Skip shell extension 'dsv' for command environment
[0.174s] INFO:colcon.colcon_ros.task.ament_python.build:Building ROS package in '/home/ksriniv2/Autolab/gcs/ros_ws/src/rqt_gcs' with build type 'ament_python'
[0.174s] Level 1:colcon.colcon_core.shell:create_environment_hook('rqt_gcs', 'ament_prefix_path')
[0.174s] INFO:colcon.colcon_core.shell:Creating environment hook '/home/ksriniv2/Autolab/install/rqt_gcs/share/rqt_gcs/hook/ament_prefix_path.ps1'
[0.175s] INFO:colcon.colcon_core.shell:Creating environment descriptor '/home/ksriniv2/Autolab/install/rqt_gcs/share/rqt_gcs/hook/ament_prefix_path.dsv'
[0.175s] INFO:colcon.colcon_core.shell:Creating environment hook '/home/ksriniv2/Autolab/install/rqt_gcs/share/rqt_gcs/hook/ament_prefix_path.sh'
[0.175s] INFO:colcon.colcon_core.shell:Skip shell extension 'powershell' for command environment: Not usable outside of PowerShell
[0.175s] DEBUG:colcon.colcon_core.shell:Skip shell extension 'dsv' for command environment
[0.176s] INFO:colcon.colcon_ros.task.ament_python.build:Building ROS package in '/home/ksriniv2/Autolab/gcs/ros_ws/src/rqt_py_template' with build type 'ament_python'
[0.176s] Level 1:colcon.colcon_core.shell:create_environment_hook('rqt_py_template', 'ament_prefix_path')
[0.176s] INFO:colcon.colcon_core.shell:Creating environment hook '/home/ksriniv2/Autolab/install/rqt_py_template/share/rqt_py_template/hook/ament_prefix_path.ps1'
[0.176s] INFO:colcon.colcon_core.shell:Creating environment descriptor '/home/ksriniv2/Autolab/install/rqt_py_template/share/rqt_py_template/hook/ament_prefix_path.dsv'
[0.176s] INFO:colcon.colcon_core.shell:Creating environment hook '/home/ksriniv2/Autolab/install/rqt_py_template/share/rqt_py_template/hook/ament_prefix_path.sh'
[0.176s] INFO:colcon.colcon_core.shell:Skip shell extension 'powershell' for command environment: Not usable outside of PowerShell
[0.176s] DEBUG:colcon.colcon_core.shell:Skip shell extension 'dsv' for command environment
[0.177s] INFO:colcon.colcon_ros.task.ament_cmake.build:Building ROS package in '/home/ksriniv2/Autolab/robot/docker/zed/ws/src/zed_wrapper' with build type 'ament_cmake'
[0.178s] INFO:colcon.colcon_cmake.task.cmake.build:Building CMake package in '/home/ksriniv2/Autolab/robot/docker/zed/ws/src/zed_wrapper'
[0.178s] INFO:colcon.colcon_core.shell:Skip shell extension 'powershell' for command environment: Not usable outside of PowerShell
[0.178s] DEBUG:colcon.colcon_core.shell:Skip shell extension 'dsv' for command environment
[0.181s] DEBUG:colcon.colcon_core.event_handler.log_command:Invoking command in '/home/ksriniv2/Autolab/build/behavior_tree_msgs': CMAKE_PREFIX_PATH=${CMAKE_PREFIX_PATH}:/opt/ros/jazzy DEBUGINFOD_URLS=https://debuginfod.ubuntu.com /usr/bin/cmake /home/ksriniv2/Autolab/common/ros_packages/behavior_tree_msgs -DCMAKE_INSTALL_PREFIX=/home/ksriniv2/Autolab/install/behavior_tree_msgs
[0.182s] DEBUG:colcon.colcon_core.event_handler.log_command:Invoking command in '/home/ksriniv2/Autolab/build/autolab_msgs': CMAKE_PREFIX_PATH=${CMAKE_PREFIX_PATH}:/opt/ros/jazzy DEBUGINFOD_URLS=https://debuginfod.ubuntu.com /usr/bin/cmake /home/ksriniv2/Autolab/common/ros_packages/autolab_msgs -DCMAKE_INSTALL_PREFIX=/home/ksriniv2/Autolab/install/autolab_msgs
[0.182s] DEBUG:colcon.colcon_core.event_handler.log_command:Invoking command in '/home/ksriniv2/Autolab/build/base_urdf': CMAKE_PREFIX_PATH=${CMAKE_PREFIX_PATH}:/opt/ros/jazzy DEBUGINFOD_URLS=https://debuginfod.ubuntu.com /usr/bin/cmake /home/ksriniv2/Autolab/robot/ros_ws/src/base_urdf -DCMAKE_INSTALL_PREFIX=/home/ksriniv2/Autolab/install/base_urdf
[0.183s] DEBUG:colcon.colcon_core.event_handler.log_command:Invoking command in '/home/ksriniv2/Autolab/build/autonomy_bringup': CMAKE_PREFIX_PATH=${CMAKE_PREFIX_PATH}:/opt/ros/jazzy DEBUGINFOD_URLS=https://debuginfod.ubuntu.com /usr/bin/cmake /home/ksriniv2/Autolab/robot/ros_ws/src/autonomy/autonomy_bringup -DCMAKE_INSTALL_PREFIX=/home/ksriniv2/Autolab/install/autonomy_bringup
[0.286s] INFO:colcon.colcon_core.task.python.build:Building Python package in '/home/ksriniv2/Autolab/common/ros_packages/bag_recorder_pid'
[0.287s] INFO:colcon.colcon_core.shell:Skip shell extension 'powershell' for command environment: Not usable outside of PowerShell
[0.287s] DEBUG:colcon.colcon_core.shell:Skip shell extension 'dsv' for command environment
[0.289s] DEBUG:colcon.colcon_core.event_handler.log_command:Invoking command in '/home/ksriniv2/Autolab/build/behavior_bringup': CMAKE_PREFIX_PATH=${CMAKE_PREFIX_PATH}:/opt/ros/jazzy DEBUGINFOD_URLS=https://debuginfod.ubuntu.com /usr/bin/cmake /home/ksriniv2/Autolab/robot/ros_ws/src/autonomy/6_behavior/behavior_bringup -DCMAKE_INSTALL_PREFIX=/home/ksriniv2/Autolab/install/behavior_bringup
[0.290s] DEBUG:colcon.colcon_core.event_handler.log_command:Invoking command in '/home/ksriniv2/Autolab/build/gcs_bringup': CMAKE_PREFIX_PATH=${CMAKE_PREFIX_PATH}:/opt/ros/jazzy DEBUGINFOD_URLS=https://debuginfod.ubuntu.com /usr/bin/cmake /home/ksriniv2/Autolab/gcs/ros_ws/src/gcs_bringup -DCMAKE_INSTALL_PREFIX=/home/ksriniv2/Autolab/install/gcs_bringup
[0.291s] DEBUG:colcon.colcon_core.event_handler.log_command:Invoking command in '/home/ksriniv2/Autolab/build/global_planner': CMAKE_PREFIX_PATH=${CMAKE_PREFIX_PATH}:/opt/ros/jazzy DEBUGINFOD_URLS=https://debuginfod.ubuntu.com /usr/bin/cmake /home/ksriniv2/Autolab/robot/ros_ws/src/autonomy/global_planner -DCMAKE_INSTALL_PREFIX=/home/ksriniv2/Autolab/install/global_planner
[0.293s] DEBUG:colcon.colcon_core.event_handler.log_command:Invoking command in '/home/ksriniv2/Autolab/build/interface_bringup': CMAKE_PREFIX_PATH=${CMAKE_PREFIX_PATH}:/opt/ros/jazzy DEBUGINFOD_URLS=https://debuginfod.ubuntu.com /usr/bin/cmake /home/ksriniv2/Autolab/robot/ros_ws/src/autonomy/0_interface/interface_bringup -DCMAKE_INSTALL_PREFIX=/home/ksriniv2/Autolab/install/interface_bringup
[0.293s] DEBUG:colcon.colcon_core.event_handler.log_command:Invoking command in '/home/ksriniv2/Autolab/build/iris_with_sensors_description': CMAKE_PREFIX_PATH=${CMAKE_PREFIX_PATH}:/opt/ros/jazzy DEBUGINFOD_URLS=https://debuginfod.ubuntu.com /usr/bin/cmake /home/ksriniv2/Autolab/common/ros_packages/robot_descriptions/iris_with_sensors_description -DCMAKE_INSTALL_PREFIX=/home/ksriniv2/Autolab/install/iris_with_sensors_description
[0.293s] DEBUG:colcon.colcon_core.event_handler.log_command:Invoking command in '/home/ksriniv2/Autolab/build/local_bringup': CMAKE_PREFIX_PATH=${CMAKE_PREFIX_PATH}:/opt/ros/jazzy DEBUGINFOD_URLS=https://debuginfod.ubuntu.com /usr/bin/cmake /home/ksriniv2/Autolab/robot/ros_ws/src/autonomy/4_local/local_bringup -DCMAKE_INSTALL_PREFIX=/home/ksriniv2/Autolab/install/local_bringup
[0.294s] DEBUG:colcon.colcon_core.event_handler.log_command:Invoking command in '/home/ksriniv2/Autolab/build/logging_bringup': CMAKE_PREFIX_PATH=${CMAKE_PREFIX_PATH}:/opt/ros/jazzy DEBUGINFOD_URLS=https://debuginfod.ubuntu.com /usr/bin/cmake /home/ksriniv2/Autolab/robot/ros_ws/src/logging/logging_bringup -DCMAKE_INSTALL_PREFIX=/home/ksriniv2/Autolab/install/logging_bringup
[0.294s] DEBUG:colcon.colcon_core.event_handler.log_command:Invoking command in '/home/ksriniv2/Autolab/build/mapping_and_localization_bringup': CMAKE_PREFIX_PATH=${CMAKE_PREFIX_PATH}:/opt/ros/jazzy DEBUGINFOD_URLS=https://debuginfod.ubuntu.com /usr/bin/cmake /home/ksriniv2/Autolab/robot/ros_ws/src/autonomy/2_mapping_and_localization/mapping_and_localization_bringup -DCMAKE_INSTALL_PREFIX=/home/ksriniv2/Autolab/install/mapping_and_localization_bringup
[0.296s] DEBUG:colcon.colcon_core.event_handler.log_command:Invoking command in '/home/ksriniv2/Autolab/build/navigation_bringup': CMAKE_PREFIX_PATH=${CMAKE_PREFIX_PATH}:/opt/ros/jazzy DEBUGINFOD_URLS=https://debuginfod.ubuntu.com /usr/bin/cmake /home/ksriniv2/Autolab/robot/ros_ws/src/autonomy/1_navigation/navigation_bringup -DCMAKE_INSTALL_PREFIX=/home/ksriniv2/Autolab/install/navigation_bringup
[0.297s] DEBUG:colcon.colcon_core.event_handler.log_command:Invoking command in '/home/ksriniv2/Autolab/build/navigation_controller': CMAKE_PREFIX_PATH=${CMAKE_PREFIX_PATH}:/opt/ros/jazzy DEBUGINFOD_URLS=https://debuginfod.ubuntu.com /usr/bin/cmake /home/ksriniv2/Autolab/robot/ros_ws/src/autonomy/1_navigation/navigation_controller -DCMAKE_INSTALL_PREFIX=/home/ksriniv2/Autolab/install/navigation_controller
[0.297s] DEBUG:colcon.colcon_core.event_handler.log_command:Invoking command in '/home/ksriniv2/Autolab/build/perception_bringup': CMAKE_PREFIX_PATH=${CMAKE_PREFIX_PATH}:/opt/ros/jazzy DEBUGINFOD_URLS=https://debuginfod.ubuntu.com /usr/bin/cmake /home/ksriniv2/Autolab/robot/ros_ws/src/autonomy/3_perception/perception_bringup -DCMAKE_INSTALL_PREFIX=/home/ksriniv2/Autolab/install/perception_bringup
[0.409s] INFO:colcon.colcon_core.task.python.build:Building Python package in '/home/ksriniv2/Autolab/gcs/ros_ws/src/rqt_autolab_control_panel'
[0.410s] INFO:colcon.colcon_core.shell:Skip shell extension 'powershell' for command environment: Not usable outside of PowerShell
[0.410s] DEBUG:colcon.colcon_core.shell:Skip shell extension 'dsv' for command environment
[0.518s] INFO:colcon.colcon_core.task.python.build:Building Python package in '/home/ksriniv2/Autolab/robot/ros_ws/src/autonomy/6_behavior/rqt_behavior_tree_command'
[0.518s] INFO:colcon.colcon_core.shell:Skip shell extension 'powershell' for command environment: Not usable outside of PowerShell
[0.518s] DEBUG:colcon.colcon_core.shell:Skip shell extension 'dsv' for command environment
[0.633s] INFO:colcon.colcon_core.task.python.build:Building Python package in '/home/ksriniv2/Autolab/robot/ros_ws/src/autonomy/6_behavior/rqt_fixed_trajectory_generator'
[0.634s] INFO:colcon.colcon_core.shell:Skip shell extension 'powershell' for command environment: Not usable outside of PowerShell
[0.634s] DEBUG:colcon.colcon_core.shell:Skip shell extension 'dsv' for command environment
[0.739s] INFO:colcon.colcon_core.task.python.build:Building Python package in '/home/ksriniv2/Autolab/gcs/ros_ws/src/rqt_gcs'
[0.740s] INFO:colcon.colcon_core.shell:Skip shell extension 'powershell' for command environment: Not usable outside of PowerShell
[0.740s] DEBUG:colcon.colcon_core.shell:Skip shell extension 'dsv' for command environment
[0.842s] INFO:colcon.colcon_core.task.python.build:Building Python package in '/home/ksriniv2/Autolab/gcs/ros_ws/src/rqt_py_template'
[0.843s] INFO:colcon.colcon_core.shell:Skip shell extension 'powershell' for command environment: Not usable outside of PowerShell
[0.843s] DEBUG:colcon.colcon_core.shell:Skip shell extension 'dsv' for command environment
[0.845s] DEBUG:colcon.colcon_core.event_handler.log_command:Invoking command in '/home/ksriniv2/Autolab/build/zed_wrapper': CMAKE_PREFIX_PATH=${CMAKE_PREFIX_PATH}:/opt/ros/jazzy DEBUGINFOD_URLS=https://debuginfod.ubuntu.com /usr/bin/cmake /home/ksriniv2/Autolab/robot/docker/zed/ws/src/zed_wrapper -DCMAKE_INSTALL_PREFIX=/home/ksriniv2/Autolab/install/zed_wrapper
[0.859s] DEBUG:colcon.colcon_core.event_handler.log_command:Invoked command in '/home/ksriniv2/Autolab/build/base_urdf' returned '0': CMAKE_PREFIX_PATH=${CMAKE_PREFIX_PATH}:/opt/ros/jazzy DEBUGINFOD_URLS=https://debuginfod.ubuntu.com /usr/bin/cmake /home/ksriniv2/Autolab/robot/ros_ws/src/base_urdf -DCMAKE_INSTALL_PREFIX=/home/ksriniv2/Autolab/install/base_urdf
[0.859s] DEBUG:colcon.colcon_core.event_handler.log_command:Invoking command in '/home/ksriniv2/Autolab/build/base_urdf': CMAKE_PREFIX_PATH=${CMAKE_PREFIX_PATH}:/opt/ros/jazzy DEBUGINFOD_URLS=https://debuginfod.ubuntu.com /usr/bin/cmake --build /home/ksriniv2/Autolab/build/base_urdf -- -j32 -l32
[0.860s] DEBUG:colcon.colcon_core.event_handler.log_command:Invoked command in '/home/ksriniv2/Autolab/build/autonomy_bringup' returned '0': CMAKE_PREFIX_PATH=${CMAKE_PREFIX_PATH}:/opt/ros/jazzy DEBUGINFOD_URLS=https://debuginfod.ubuntu.com /usr/bin/cmake /home/ksriniv2/Autolab/robot/ros_ws/src/autonomy/autonomy_bringup -DCMAKE_INSTALL_PREFIX=/home/ksriniv2/Autolab/install/autonomy_bringup
[0.860s] DEBUG:colcon.colcon_core.event_handler.log_command:Invoking command in '/home/ksriniv2/Autolab/build/autonomy_bringup': CMAKE_PREFIX_PATH=${CMAKE_PREFIX_PATH}:/opt/ros/jazzy DEBUGINFOD_URLS=https://debuginfod.ubuntu.com /usr/bin/cmake --build /home/ksriniv2/Autolab/build/autonomy_bringup -- -j32 -l32
[0.860s] DEBUG:colcon.colcon_core.event_handler.log_command:Invoked command in '/home/ksriniv2/Autolab/build/behavior_bringup' returned '0': CMAKE_PREFIX_PATH=${CMAKE_PREFIX_PATH}:/opt/ros/jazzy DEBUGINFOD_URLS=https://debuginfod.ubuntu.com /usr/bin/cmake /home/ksriniv2/Autolab/robot/ros_ws/src/autonomy/6_behavior/behavior_bringup -DCMAKE_INSTALL_PREFIX=/home/ksriniv2/Autolab/install/behavior_bringup
[0.860s] DEBUG:colcon.colcon_core.event_handler.log_command:Invoking command in '/home/ksriniv2/Autolab/build/behavior_bringup': CMAKE_PREFIX_PATH=${CMAKE_PREFIX_PATH}:/opt/ros/jazzy DEBUGINFOD_URLS=https://debuginfod.ubuntu.com /usr/bin/cmake --build /home/ksriniv2/Autolab/build/behavior_bringup -- -j32 -l32
[0.860s] DEBUG:colcon.colcon_core.event_handler.log_command:Invoked command in '/home/ksriniv2/Autolab/build/gcs_bringup' returned '0': CMAKE_PREFIX_PATH=${CMAKE_PREFIX_PATH}:/opt/ros/jazzy DEBUGINFOD_URLS=https://debuginfod.ubuntu.com /usr/bin/cmake /home/ksriniv2/Autolab/gcs/ros_ws/src/gcs_bringup -DCMAKE_INSTALL_PREFIX=/home/ksriniv2/Autolab/install/gcs_bringup
[0.861s] DEBUG:colcon.colcon_core.event_handler.log_command:Invoking command in '/home/ksriniv2/Autolab/build/gcs_bringup': CMAKE_PREFIX_PATH=${CMAKE_PREFIX_PATH}:/opt/ros/jazzy DEBUGINFOD_URLS=https://debuginfod.ubuntu.com /usr/bin/cmake --build /home/ksriniv2/Autolab/build/gcs_bringup -- -j32 -l32
[0.861s] DEBUG:colcon.colcon_core.event_handler.log_command:Invoked command in '/home/ksriniv2/Autolab/build/global_planner' returned '1': CMAKE_PREFIX_PATH=${CMAKE_PREFIX_PATH}:/opt/ros/jazzy DEBUGINFOD_URLS=https://debuginfod.ubuntu.com /usr/bin/cmake /home/ksriniv2/Autolab/robot/ros_ws/src/autonomy/global_planner -DCMAKE_INSTALL_PREFIX=/home/ksriniv2/Autolab/install/global_planner
[0.861s] DEBUG:colcon.colcon_core.event_handler.log_command:Invoked command in '/home/ksriniv2/Autolab/build/iris_with_sensors_description' returned '0': CMAKE_PREFIX_PATH=${CMAKE_PREFIX_PATH}:/opt/ros/jazzy DEBUGINFOD_URLS=https://debuginfod.ubuntu.com /usr/bin/cmake /home/ksriniv2/Autolab/common/ros_packages/robot_descriptions/iris_with_sensors_description -DCMAKE_INSTALL_PREFIX=/home/ksriniv2/Autolab/install/iris_with_sensors_description
[0.862s] DEBUG:colcon.colcon_core.event_handler.log_command:Invoking command in '/home/ksriniv2/Autolab/build/iris_with_sensors_description': CMAKE_PREFIX_PATH=${CMAKE_PREFIX_PATH}:/opt/ros/jazzy DEBUGINFOD_URLS=https://debuginfod.ubuntu.com /usr/bin/cmake --build /home/ksriniv2/Autolab/build/iris_with_sensors_description -- -j32 -l32
[0.862s] DEBUG:colcon.colcon_core.event_handler.log_command:Invoked command in '/home/ksriniv2/Autolab/build/interface_bringup' returned '0': CMAKE_PREFIX_PATH=${CMAKE_PREFIX_PATH}:/opt/ros/jazzy DEBUGINFOD_URLS=https://debuginfod.ubuntu.com /usr/bin/cmake /home/ksriniv2/Autolab/robot/ros_ws/src/autonomy/0_interface/interface_bringup -DCMAKE_INSTALL_PREFIX=/home/ksriniv2/Autolab/install/interface_bringup
[0.862s] DEBUG:colcon.colcon_core.event_handler.log_command:Invoking command in '/home/ksriniv2/Autolab/build/interface_bringup': CMAKE_PREFIX_PATH=${CMAKE_PREFIX_PATH}:/opt/ros/jazzy DEBUGINFOD_URLS=https://debuginfod.ubuntu.com /usr/bin/cmake --build /home/ksriniv2/Autolab/build/interface_bringup -- -j32 -l32
[0.863s] DEBUG:colcon.colcon_core.event_handler.log_command:Invoked command in '/home/ksriniv2/Autolab/build/local_bringup' returned '0': CMAKE_PREFIX_PATH=${CMAKE_PREFIX_PATH}:/opt/ros/jazzy DEBUGINFOD_URLS=https://debuginfod.ubuntu.com /usr/bin/cmake /home/ksriniv2/Autolab/robot/ros_ws/src/autonomy/4_local/local_bringup -DCMAKE_INSTALL_PREFIX=/home/ksriniv2/Autolab/install/local_bringup
[0.863s] DEBUG:colcon.colcon_core.event_handler.log_command:Invoking command in '/home/ksriniv2/Autolab/build/local_bringup': CMAKE_PREFIX_PATH=${CMAKE_PREFIX_PATH}:/opt/ros/jazzy DEBUGINFOD_URLS=https://debuginfod.ubuntu.com /usr/bin/cmake --build /home/ksriniv2/Autolab/build/local_bringup -- -j32 -l32
[0.863s] DEBUG:colcon.colcon_core.event_handler.log_command:Invoked command in '/home/ksriniv2/Autolab/build/logging_bringup' returned '0': CMAKE_PREFIX_PATH=${CMAKE_PREFIX_PATH}:/opt/ros/jazzy DEBUGINFOD_URLS=https://debuginfod.ubuntu.com /usr/bin/cmake /home/ksriniv2/Autolab/robot/ros_ws/src/logging/logging_bringup -DCMAKE_INSTALL_PREFIX=/home/ksriniv2/Autolab/install/logging_bringup
[0.863s] DEBUG:colcon.colcon_core.event_handler.log_command:Invoking command in '/home/ksriniv2/Autolab/build/logging_bringup': CMAKE_PREFIX_PATH=${CMAKE_PREFIX_PATH}:/opt/ros/jazzy DEBUGINFOD_URLS=https://debuginfod.ubuntu.com /usr/bin/cmake --build /home/ksriniv2/Autolab/build/logging_bringup -- -j32 -l32
[0.863s] DEBUG:colcon.colcon_core.event_handler.log_command:Invoked command in '/home/ksriniv2/Autolab/build/navigation_bringup' returned '0': CMAKE_PREFIX_PATH=${CMAKE_PREFIX_PATH}:/opt/ros/jazzy DEBUGINFOD_URLS=https://debuginfod.ubuntu.com /usr/bin/cmake /home/ksriniv2/Autolab/robot/ros_ws/src/autonomy/1_navigation/navigation_bringup -DCMAKE_INSTALL_PREFIX=/home/ksriniv2/Autolab/install/navigation_bringup
[0.863s] DEBUG:colcon.colcon_core.event_handler.log_command:Invoking command in '/home/ksriniv2/Autolab/build/navigation_bringup': CMAKE_PREFIX_PATH=${CMAKE_PREFIX_PATH}:/opt/ros/jazzy DEBUGINFOD_URLS=https://debuginfod.ubuntu.com /usr/bin/cmake --build /home/ksriniv2/Autolab/build/navigation_bringup -- -j32 -l32
[0.864s] DEBUG:colcon.colcon_core.event_handler.log_command:Invoked command in '/home/ksriniv2/Autolab/build/mapping_and_localization_bringup' returned '0': CMAKE_PREFIX_PATH=${CMAKE_PREFIX_PATH}:/opt/ros/jazzy DEBUGINFOD_URLS=https://debuginfod.ubuntu.com /usr/bin/cmake /home/ksriniv2/Autolab/robot/ros_ws/src/autonomy/2_mapping_and_localization/mapping_and_localization_bringup -DCMAKE_INSTALL_PREFIX=/home/ksriniv2/Autolab/install/mapping_and_localization_bringup
[0.864s] DEBUG:colcon.colcon_core.event_handler.log_command:Invoking command in '/home/ksriniv2/Autolab/build/mapping_and_localization_bringup': CMAKE_PREFIX_PATH=${CMAKE_PREFIX_PATH}:/opt/ros/jazzy DEBUGINFOD_URLS=https://debuginfod.ubuntu.com /usr/bin/cmake --build /home/ksriniv2/Autolab/build/mapping_and_localization_bringup -- -j32 -l32
[0.864s] DEBUG:colcon.colcon_core.event_handler.log_command:Invoked command in '/home/ksriniv2/Autolab/build/perception_bringup' returned '0': CMAKE_PREFIX_PATH=${CMAKE_PREFIX_PATH}:/opt/ros/jazzy DEBUGINFOD_URLS=https://debuginfod.ubuntu.com /usr/bin/cmake /home/ksriniv2/Autolab/robot/ros_ws/src/autonomy/3_perception/perception_bringup -DCMAKE_INSTALL_PREFIX=/home/ksriniv2/Autolab/install/perception_bringup
[0.865s] DEBUG:colcon.colcon_core.event_handler.log_command:Invoking command in '/home/ksriniv2/Autolab/build/perception_bringup': CMAKE_PREFIX_PATH=${CMAKE_PREFIX_PATH}:/opt/ros/jazzy DEBUGINFOD_URLS=https://debuginfod.ubuntu.com /usr/bin/cmake --build /home/ksriniv2/Autolab/build/perception_bringup -- -j32 -l32
[0.875s] Level 1:colcon.colcon_core.environment:create_environment_scripts_only(global_planner)
[0.877s] Level 1:colcon.colcon_core.environment:checking '/home/ksriniv2/Autolab/install/global_planner' for CMake module files
[0.877s] Level 1:colcon.colcon_core.environment:checking '/home/ksriniv2/Autolab/install/global_planner' for CMake config files
[0.877s] Level 1:colcon.colcon_core.environment:checking '/home/ksriniv2/Autolab/install/global_planner/bin'
[0.877s] Level 1:colcon.colcon_core.environment:checking '/home/ksriniv2/Autolab/install/global_planner/lib/pkgconfig/global_planner.pc'
[0.878s] Level 1:colcon.colcon_core.environment:checking '/home/ksriniv2/Autolab/install/global_planner/lib/python3.12/site-packages'
[0.878s] Level 1:colcon.colcon_core.environment:checking '/home/ksriniv2/Autolab/install/global_planner/bin'
[0.878s] INFO:colcon.colcon_core.shell:Creating package script '/home/ksriniv2/Autolab/install/global_planner/share/global_planner/package.ps1'
[0.879s] INFO:colcon.colcon_core.shell:Creating package descriptor '/home/ksriniv2/Autolab/install/global_planner/share/global_planner/package.dsv'
[0.879s] INFO:colcon.colcon_core.shell:Creating package script '/home/ksriniv2/Autolab/install/global_planner/share/global_planner/package.sh'
[0.879s] INFO:colcon.colcon_core.shell:Creating package script '/home/ksriniv2/Autolab/install/global_planner/share/global_planner/package.bash'
[0.879s] INFO:colcon.colcon_core.shell:Creating package script '/home/ksriniv2/Autolab/install/global_planner/share/global_planner/package.zsh'
[0.880s] Level 1:colcon.colcon_core.environment:create_file_with_runtime_dependencies(/home/ksriniv2/Autolab/install/global_planner/share/colcon-core/packages/global_planner)
[1.907s] DEBUG:colcon.colcon_parallel_executor.executor.parallel:closing loop
[1.907s] DEBUG:colcon.colcon_parallel_executor.executor.parallel:loop closed
[1.907s] DEBUG:colcon.colcon_parallel_executor.executor.parallel:run_until_complete finished with '1'
[1.907s] DEBUG:colcon.colcon_core.event_reactor:joining thread
[1.911s] INFO:colcon.colcon_core.plugin_system:Skipping extension 'colcon_notification.desktop_notification.terminal_notifier': Not used on non-Darwin systems
[1.911s] INFO:colcon.colcon_core.plugin_system:Skipping extension 'colcon_notification.desktop_notification.win32': Not used on non-Windows systems
[1.911s] INFO:colcon.colcon_notification.desktop_notification:Sending desktop notification using 'notify2'
[1.918s] DEBUG:colcon.colcon_core.event_reactor:joined thread
[1.918s] INFO:colcon.colcon_core.shell:Creating prefix script '/home/ksriniv2/Autolab/install/local_setup.ps1'
[1.919s] INFO:colcon.colcon_core.shell:Creating prefix util module '/home/ksriniv2/Autolab/install/_local_setup_util_ps1.py'
[1.919s] INFO:colcon.colcon_core.shell:Creating prefix chain script '/home/ksriniv2/Autolab/install/setup.ps1'
[1.919s] INFO:colcon.colcon_core.shell:Creating prefix script '/home/ksriniv2/Autolab/install/local_setup.sh'
[1.919s] INFO:colcon.colcon_core.shell:Creating prefix util module '/home/ksriniv2/Autolab/install/_local_setup_util_sh.py'
[1.920s] INFO:colcon.colcon_core.shell:Creating prefix chain script '/home/ksriniv2/Autolab/install/setup.sh'
[1.920s] INFO:colcon.colcon_core.shell:Creating prefix script '/home/ksriniv2/Autolab/install/local_setup.bash'
[1.920s] INFO:colcon.colcon_core.shell:Creating prefix chain script '/home/ksriniv2/Autolab/install/setup.bash'
[1.920s] INFO:colcon.colcon_core.shell:Creating prefix script '/home/ksriniv2/Autolab/install/local_setup.zsh'
[1.920s] INFO:colcon.colcon_core.shell:Creating prefix chain script '/home/ksriniv2/Autolab/install/setup.zsh'
