[0.066s] DEBUG:colcon:Command line arguments: ['/usr/bin/colcon', 'build', '--symlink-install', '--packages-ignore', 'robot_bringup']
[0.066s] DEBUG:colcon:Parsed command line arguments: Namespace(log_base=None, log_level=None, verb_name='build', build_base='build', install_base='install', merge_install=False, symlink_install=True, test_result_base=None, continue_on_error=False, executor='parallel', parallel_workers=32, event_handlers=None, ignore_user_meta=False, metas=['./colcon.meta'], base_paths=['.'], packages_ignore=['robot_bringup'], packages_ignore_regex=None, paths=None, packages_up_to=None, packages_up_to_regex=None, packages_above=None, packages_above_and_dependencies=None, packages_above_depth=None, packages_select_by_dep=None, packages_skip_by_dep=None, packages_skip_up_to=None, packages_select_build_failed=False, packages_skip_build_finished=False, packages_select_test_failures=False, packages_skip_test_passed=False, packages_select=None, packages_skip=None, packages_select_regex=None, packages_skip_regex=None, packages_start=None, packages_end=None, allow_overriding=[], cmake_args=None, cmake_target=None, cmake_target_skip_unavailable=False, cmake_clean_cache=False, cmake_clean_first=False, cmake_force_configure=False, ament_cmake_args=None, catkin_cmake_args=None, catkin_skip_building_tests=False, mixin_files=None, mixin=None, verb_parser=<colcon_mixin.mixin.mixin_argument.MixinArgumentDecorator object at 0x73549d6ca7b0>, verb_extension=<colcon_core.verb.build.BuildVerb object at 0x73549d66c7d0>, main=<bound method BuildVerb.main of <colcon_core.verb.build.BuildVerb object at 0x73549d66c7d0>>, mixin_verb=('build',))
[0.092s] Level 1:colcon.colcon_core.package_discovery:discover_packages(colcon_meta) check parameters
[0.092s] Level 1:colcon.colcon_core.package_discovery:discover_packages(recursive) check parameters
[0.092s] Level 1:colcon.colcon_core.package_discovery:discover_packages(ignore) check parameters
[0.092s] Level 1:colcon.colcon_core.package_discovery:discover_packages(path) check parameters
[0.092s] Level 1:colcon.colcon_core.package_discovery:discover_packages(colcon_meta) discover
[0.092s] Level 1:colcon.colcon_core.package_discovery:discover_packages(recursive) discover
[0.092s] INFO:colcon.colcon_core.package_discovery:Crawling recursively for packages in '/home/ksriniv2/Autolab'
[0.092s] Level 1:colcon.colcon_core.package_identification:_identify(.) by extensions ['ignore', 'ignore_ament_install']
[0.092s] Level 1:colcon.colcon_core.package_identification:_identify(.) by extension 'ignore'
[0.092s] Level 1:colcon.colcon_core.package_identification:_identify(.) by extension 'ignore_ament_install'
[0.093s] Level 1:colcon.colcon_core.package_identification:_identify(.) by extensions ['colcon_pkg']
[0.093s] Level 1:colcon.colcon_core.package_identification:_identify(.) by extension 'colcon_pkg'
[0.093s] Level 1:colcon.colcon_core.package_identification:_identify(.) by extensions ['colcon_meta']
[0.093s] Level 1:colcon.colcon_core.package_identification:_identify(.) by extension 'colcon_meta'
[0.093s] Level 1:colcon.colcon_core.package_identification:_identify(.) by extensions ['ros']
[0.093s] Level 1:colcon.colcon_core.package_identification:_identify(.) by extension 'ros'
[0.107s] Level 1:colcon.colcon_core.package_identification:_identify(.) by extensions ['cmake', 'python']
[0.107s] Level 1:colcon.colcon_core.package_identification:_identify(.) by extension 'cmake'
[0.107s] Level 1:colcon.colcon_core.package_identification:_identify(.) by extension 'python'
[0.107s] Level 1:colcon.colcon_core.package_identification:_identify(.) by extensions ['python_setup_py']
[0.107s] Level 1:colcon.colcon_core.package_identification:_identify(.) by extension 'python_setup_py'
[0.107s] Level 1:colcon.colcon_core.package_identification:_identify(build) by extensions ['ignore', 'ignore_ament_install']
[0.107s] Level 1:colcon.colcon_core.package_identification:_identify(build) by extension 'ignore'
[0.107s] Level 1:colcon.colcon_core.package_identification:_identify(build) ignored
[0.107s] Level 1:colcon.colcon_core.package_identification:_identify(common) by extensions ['ignore', 'ignore_ament_install']
[0.107s] Level 1:colcon.colcon_core.package_identification:_identify(common) by extension 'ignore'
[0.107s] Level 1:colcon.colcon_core.package_identification:_identify(common) by extension 'ignore_ament_install'
[0.107s] Level 1:colcon.colcon_core.package_identification:_identify(common) by extensions ['colcon_pkg']
[0.107s] Level 1:colcon.colcon_core.package_identification:_identify(common) by extension 'colcon_pkg'
[0.107s] Level 1:colcon.colcon_core.package_identification:_identify(common) by extensions ['colcon_meta']
[0.107s] Level 1:colcon.colcon_core.package_identification:_identify(common) by extension 'colcon_meta'
[0.107s] Level 1:colcon.colcon_core.package_identification:_identify(common) by extensions ['ros']
[0.107s] Level 1:colcon.colcon_core.package_identification:_identify(common) by extension 'ros'
[0.107s] Level 1:colcon.colcon_core.package_identification:_identify(common) by extensions ['cmake', 'python']
[0.107s] Level 1:colcon.colcon_core.package_identification:_identify(common) by extension 'cmake'
[0.107s] Level 1:colcon.colcon_core.package_identification:_identify(common) by extension 'python'
[0.107s] Level 1:colcon.colcon_core.package_identification:_identify(common) by extensions ['python_setup_py']
[0.107s] Level 1:colcon.colcon_core.package_identification:_identify(common) by extension 'python_setup_py'
[0.107s] Level 1:colcon.colcon_core.package_identification:_identify(common/ros_packages) by extensions ['ignore', 'ignore_ament_install']
[0.107s] Level 1:colcon.colcon_core.package_identification:_identify(common/ros_packages) by extension 'ignore'
[0.107s] Level 1:colcon.colcon_core.package_identification:_identify(common/ros_packages) by extension 'ignore_ament_install'
[0.108s] Level 1:colcon.colcon_core.package_identification:_identify(common/ros_packages) by extensions ['colcon_pkg']
[0.108s] Level 1:colcon.colcon_core.package_identification:_identify(common/ros_packages) by extension 'colcon_pkg'
[0.108s] Level 1:colcon.colcon_core.package_identification:_identify(common/ros_packages) by extensions ['colcon_meta']
[0.108s] Level 1:colcon.colcon_core.package_identification:_identify(common/ros_packages) by extension 'colcon_meta'
[0.108s] Level 1:colcon.colcon_core.package_identification:_identify(common/ros_packages) by extensions ['ros']
[0.108s] Level 1:colcon.colcon_core.package_identification:_identify(common/ros_packages) by extension 'ros'
[0.108s] Level 1:colcon.colcon_core.package_identification:_identify(common/ros_packages) by extensions ['cmake', 'python']
[0.108s] Level 1:colcon.colcon_core.package_identification:_identify(common/ros_packages) by extension 'cmake'
[0.108s] Level 1:colcon.colcon_core.package_identification:_identify(common/ros_packages) by extension 'python'
[0.108s] Level 1:colcon.colcon_core.package_identification:_identify(common/ros_packages) by extensions ['python_setup_py']
[0.108s] Level 1:colcon.colcon_core.package_identification:_identify(common/ros_packages) by extension 'python_setup_py'
[0.108s] Level 1:colcon.colcon_core.package_identification:_identify(common/ros_packages/autolab_common) by extensions ['ignore', 'ignore_ament_install']
[0.108s] Level 1:colcon.colcon_core.package_identification:_identify(common/ros_packages/autolab_common) by extension 'ignore'
[0.108s] Level 1:colcon.colcon_core.package_identification:_identify(common/ros_packages/autolab_common) by extension 'ignore_ament_install'
[0.108s] Level 1:colcon.colcon_core.package_identification:_identify(common/ros_packages/autolab_common) by extensions ['colcon_pkg']
[0.108s] Level 1:colcon.colcon_core.package_identification:_identify(common/ros_packages/autolab_common) by extension 'colcon_pkg'
[0.108s] Level 1:colcon.colcon_core.package_identification:_identify(common/ros_packages/autolab_common) by extensions ['colcon_meta']
[0.108s] Level 1:colcon.colcon_core.package_identification:_identify(common/ros_packages/autolab_common) by extension 'colcon_meta'
[0.108s] Level 1:colcon.colcon_core.package_identification:_identify(common/ros_packages/autolab_common) by extensions ['ros']
[0.108s] Level 1:colcon.colcon_core.package_identification:_identify(common/ros_packages/autolab_common) by extension 'ros'
[0.109s] DEBUG:colcon.colcon_core.package_identification:Package 'common/ros_packages/autolab_common' with type 'ros.ament_cmake' and name 'autolab_common'
[0.109s] Level 1:colcon.colcon_core.package_identification:_identify(common/ros_packages/autolab_msgs) by extensions ['ignore', 'ignore_ament_install']
[0.109s] Level 1:colcon.colcon_core.package_identification:_identify(common/ros_packages/autolab_msgs) by extension 'ignore'
[0.109s] Level 1:colcon.colcon_core.package_identification:_identify(common/ros_packages/autolab_msgs) by extension 'ignore_ament_install'
[0.109s] Level 1:colcon.colcon_core.package_identification:_identify(common/ros_packages/autolab_msgs) by extensions ['colcon_pkg']
[0.109s] Level 1:colcon.colcon_core.package_identification:_identify(common/ros_packages/autolab_msgs) by extension 'colcon_pkg'
[0.109s] Level 1:colcon.colcon_core.package_identification:_identify(common/ros_packages/autolab_msgs) by extensions ['colcon_meta']
[0.109s] Level 1:colcon.colcon_core.package_identification:_identify(common/ros_packages/autolab_msgs) by extension 'colcon_meta'
[0.109s] Level 1:colcon.colcon_core.package_identification:_identify(common/ros_packages/autolab_msgs) by extensions ['ros']
[0.109s] Level 1:colcon.colcon_core.package_identification:_identify(common/ros_packages/autolab_msgs) by extension 'ros'
[0.110s] DEBUG:colcon.colcon_core.package_identification:Package 'common/ros_packages/autolab_msgs' with type 'ros.ament_cmake' and name 'autolab_msgs'
[0.110s] Level 1:colcon.colcon_core.package_identification:_identify(common/ros_packages/bag_recorder_pid) by extensions ['ignore', 'ignore_ament_install']
[0.110s] Level 1:colcon.colcon_core.package_identification:_identify(common/ros_packages/bag_recorder_pid) by extension 'ignore'
[0.110s] Level 1:colcon.colcon_core.package_identification:_identify(common/ros_packages/bag_recorder_pid) by extension 'ignore_ament_install'
[0.110s] Level 1:colcon.colcon_core.package_identification:_identify(common/ros_packages/bag_recorder_pid) by extensions ['colcon_pkg']
[0.110s] Level 1:colcon.colcon_core.package_identification:_identify(common/ros_packages/bag_recorder_pid) by extension 'colcon_pkg'
[0.110s] Level 1:colcon.colcon_core.package_identification:_identify(common/ros_packages/bag_recorder_pid) by extensions ['colcon_meta']
[0.110s] Level 1:colcon.colcon_core.package_identification:_identify(common/ros_packages/bag_recorder_pid) by extension 'colcon_meta'
[0.110s] Level 1:colcon.colcon_core.package_identification:_identify(common/ros_packages/bag_recorder_pid) by extensions ['ros']
[0.110s] Level 1:colcon.colcon_core.package_identification:_identify(common/ros_packages/bag_recorder_pid) by extension 'ros'
[0.110s] DEBUG:colcon.colcon_core.package_identification:Package 'common/ros_packages/bag_recorder_pid' with type 'ros.ament_python' and name 'bag_record_pid'
[0.110s] Level 1:colcon.colcon_core.package_identification:_identify(common/ros_packages/behavior_tree_msgs) by extensions ['ignore', 'ignore_ament_install']
[0.110s] Level 1:colcon.colcon_core.package_identification:_identify(common/ros_packages/behavior_tree_msgs) by extension 'ignore'
[0.110s] Level 1:colcon.colcon_core.package_identification:_identify(common/ros_packages/behavior_tree_msgs) by extension 'ignore_ament_install'
[0.110s] Level 1:colcon.colcon_core.package_identification:_identify(common/ros_packages/behavior_tree_msgs) by extensions ['colcon_pkg']
[0.110s] Level 1:colcon.colcon_core.package_identification:_identify(common/ros_packages/behavior_tree_msgs) by extension 'colcon_pkg'
[0.110s] Level 1:colcon.colcon_core.package_identification:_identify(common/ros_packages/behavior_tree_msgs) by extensions ['colcon_meta']
[0.110s] Level 1:colcon.colcon_core.package_identification:_identify(common/ros_packages/behavior_tree_msgs) by extension 'colcon_meta'
[0.110s] Level 1:colcon.colcon_core.package_identification:_identify(common/ros_packages/behavior_tree_msgs) by extensions ['ros']
[0.110s] Level 1:colcon.colcon_core.package_identification:_identify(common/ros_packages/behavior_tree_msgs) by extension 'ros'
[0.110s] DEBUG:colcon.colcon_core.package_identification:Package 'common/ros_packages/behavior_tree_msgs' with type 'ros.ament_cmake' and name 'behavior_tree_msgs'
[0.110s] Level 1:colcon.colcon_core.package_identification:_identify(common/ros_packages/robot_descriptions) by extensions ['ignore', 'ignore_ament_install']
[0.110s] Level 1:colcon.colcon_core.package_identification:_identify(common/ros_packages/robot_descriptions) by extension 'ignore'
[0.110s] Level 1:colcon.colcon_core.package_identification:_identify(common/ros_packages/robot_descriptions) by extension 'ignore_ament_install'
[0.111s] Level 1:colcon.colcon_core.package_identification:_identify(common/ros_packages/robot_descriptions) by extensions ['colcon_pkg']
[0.111s] Level 1:colcon.colcon_core.package_identification:_identify(common/ros_packages/robot_descriptions) by extension 'colcon_pkg'
[0.111s] Level 1:colcon.colcon_core.package_identification:_identify(common/ros_packages/robot_descriptions) by extensions ['colcon_meta']
[0.111s] Level 1:colcon.colcon_core.package_identification:_identify(common/ros_packages/robot_descriptions) by extension 'colcon_meta'
[0.111s] Level 1:colcon.colcon_core.package_identification:_identify(common/ros_packages/robot_descriptions) by extensions ['ros']
[0.111s] Level 1:colcon.colcon_core.package_identification:_identify(common/ros_packages/robot_descriptions) by extension 'ros'
[0.111s] Level 1:colcon.colcon_core.package_identification:_identify(common/ros_packages/robot_descriptions) by extensions ['cmake', 'python']
[0.111s] Level 1:colcon.colcon_core.package_identification:_identify(common/ros_packages/robot_descriptions) by extension 'cmake'
[0.111s] Level 1:colcon.colcon_core.package_identification:_identify(common/ros_packages/robot_descriptions) by extension 'python'
[0.111s] Level 1:colcon.colcon_core.package_identification:_identify(common/ros_packages/robot_descriptions) by extensions ['python_setup_py']
[0.111s] Level 1:colcon.colcon_core.package_identification:_identify(common/ros_packages/robot_descriptions) by extension 'python_setup_py'
[0.111s] Level 1:colcon.colcon_core.package_identification:_identify(common/ros_packages/robot_descriptions/iris_with_sensors_description) by extensions ['ignore', 'ignore_ament_install']
[0.111s] Level 1:colcon.colcon_core.package_identification:_identify(common/ros_packages/robot_descriptions/iris_with_sensors_description) by extension 'ignore'
[0.111s] Level 1:colcon.colcon_core.package_identification:_identify(common/ros_packages/robot_descriptions/iris_with_sensors_description) by extension 'ignore_ament_install'
[0.111s] Level 1:colcon.colcon_core.package_identification:_identify(common/ros_packages/robot_descriptions/iris_with_sensors_description) by extensions ['colcon_pkg']
[0.111s] Level 1:colcon.colcon_core.package_identification:_identify(common/ros_packages/robot_descriptions/iris_with_sensors_description) by extension 'colcon_pkg'
[0.111s] Level 1:colcon.colcon_core.package_identification:_identify(common/ros_packages/robot_descriptions/iris_with_sensors_description) by extensions ['colcon_meta']
[0.111s] Level 1:colcon.colcon_core.package_identification:_identify(common/ros_packages/robot_descriptions/iris_with_sensors_description) by extension 'colcon_meta'
[0.111s] Level 1:colcon.colcon_core.package_identification:_identify(common/ros_packages/robot_descriptions/iris_with_sensors_description) by extensions ['ros']
[0.111s] Level 1:colcon.colcon_core.package_identification:_identify(common/ros_packages/robot_descriptions/iris_with_sensors_description) by extension 'ros'
[0.111s] DEBUG:colcon.colcon_core.package_identification:Package 'common/ros_packages/robot_descriptions/iris_with_sensors_description' with type 'ros.ament_cmake' and name 'iris_with_sensors_description'
[0.111s] Level 1:colcon.colcon_core.package_identification:_identify(common/ros_packages/rqt_behavior_tree) by extensions ['ignore', 'ignore_ament_install']
[0.111s] Level 1:colcon.colcon_core.package_identification:_identify(common/ros_packages/rqt_behavior_tree) by extension 'ignore'
[0.111s] Level 1:colcon.colcon_core.package_identification:_identify(common/ros_packages/rqt_behavior_tree) by extension 'ignore_ament_install'
[0.111s] Level 1:colcon.colcon_core.package_identification:_identify(common/ros_packages/rqt_behavior_tree) by extensions ['colcon_pkg']
[0.111s] Level 1:colcon.colcon_core.package_identification:_identify(common/ros_packages/rqt_behavior_tree) by extension 'colcon_pkg'
[0.111s] Level 1:colcon.colcon_core.package_identification:_identify(common/ros_packages/rqt_behavior_tree) by extensions ['colcon_meta']
[0.111s] Level 1:colcon.colcon_core.package_identification:_identify(common/ros_packages/rqt_behavior_tree) by extension 'colcon_meta'
[0.111s] Level 1:colcon.colcon_core.package_identification:_identify(common/ros_packages/rqt_behavior_tree) by extensions ['ros']
[0.111s] Level 1:colcon.colcon_core.package_identification:_identify(common/ros_packages/rqt_behavior_tree) by extension 'ros'
[0.111s] DEBUG:colcon.colcon_core.package_identification:Package 'common/ros_packages/rqt_behavior_tree' with type 'ros.ament_python' and name 'rqt_behavior_tree'
[0.111s] Level 1:colcon.colcon_core.package_identification:_identify(common/ros_packages/rviz_behavior_tree_panel) by extensions ['ignore', 'ignore_ament_install']
[0.111s] Level 1:colcon.colcon_core.package_identification:_identify(common/ros_packages/rviz_behavior_tree_panel) by extension 'ignore'
[0.111s] Level 1:colcon.colcon_core.package_identification:_identify(common/ros_packages/rviz_behavior_tree_panel) by extension 'ignore_ament_install'
[0.111s] Level 1:colcon.colcon_core.package_identification:_identify(common/ros_packages/rviz_behavior_tree_panel) by extensions ['colcon_pkg']
[0.111s] Level 1:colcon.colcon_core.package_identification:_identify(common/ros_packages/rviz_behavior_tree_panel) by extension 'colcon_pkg'
[0.111s] Level 1:colcon.colcon_core.package_identification:_identify(common/ros_packages/rviz_behavior_tree_panel) by extensions ['colcon_meta']
[0.111s] Level 1:colcon.colcon_core.package_identification:_identify(common/ros_packages/rviz_behavior_tree_panel) by extension 'colcon_meta'
[0.111s] Level 1:colcon.colcon_core.package_identification:_identify(common/ros_packages/rviz_behavior_tree_panel) by extensions ['ros']
[0.111s] Level 1:colcon.colcon_core.package_identification:_identify(common/ros_packages/rviz_behavior_tree_panel) by extension 'ros'
[0.112s] DEBUG:colcon.colcon_core.package_identification:Package 'common/ros_packages/rviz_behavior_tree_panel' with type 'ros.ament_cmake' and name 'rviz_behavior_tree_panel'
[0.112s] Level 1:colcon.colcon_core.package_identification:_identify(docs) by extensions ['ignore', 'ignore_ament_install']
[0.112s] Level 1:colcon.colcon_core.package_identification:_identify(docs) by extension 'ignore'
[0.112s] Level 1:colcon.colcon_core.package_identification:_identify(docs) by extension 'ignore_ament_install'
[0.112s] Level 1:colcon.colcon_core.package_identification:_identify(docs) by extensions ['colcon_pkg']
[0.112s] Level 1:colcon.colcon_core.package_identification:_identify(docs) by extension 'colcon_pkg'
[0.112s] Level 1:colcon.colcon_core.package_identification:_identify(docs) by extensions ['colcon_meta']
[0.112s] Level 1:colcon.colcon_core.package_identification:_identify(docs) by extension 'colcon_meta'
[0.112s] Level 1:colcon.colcon_core.package_identification:_identify(docs) by extensions ['ros']
[0.112s] Level 1:colcon.colcon_core.package_identification:_identify(docs) by extension 'ros'
[0.112s] Level 1:colcon.colcon_core.package_identification:_identify(docs) by extensions ['cmake', 'python']
[0.112s] Level 1:colcon.colcon_core.package_identification:_identify(docs) by extension 'cmake'
[0.112s] Level 1:colcon.colcon_core.package_identification:_identify(docs) by extension 'python'
[0.112s] Level 1:colcon.colcon_core.package_identification:_identify(docs) by extensions ['python_setup_py']
[0.112s] Level 1:colcon.colcon_core.package_identification:_identify(docs) by extension 'python_setup_py'
[0.112s] Level 1:colcon.colcon_core.package_identification:_identify(docs/docker) by extensions ['ignore', 'ignore_ament_install']
[0.112s] Level 1:colcon.colcon_core.package_identification:_identify(docs/docker) by extension 'ignore'
[0.112s] Level 1:colcon.colcon_core.package_identification:_identify(docs/docker) by extension 'ignore_ament_install'
[0.112s] Level 1:colcon.colcon_core.package_identification:_identify(docs/docker) by extensions ['colcon_pkg']
[0.112s] Level 1:colcon.colcon_core.package_identification:_identify(docs/docker) by extension 'colcon_pkg'
[0.112s] Level 1:colcon.colcon_core.package_identification:_identify(docs/docker) by extensions ['colcon_meta']
[0.112s] Level 1:colcon.colcon_core.package_identification:_identify(docs/docker) by extension 'colcon_meta'
[0.112s] Level 1:colcon.colcon_core.package_identification:_identify(docs/docker) by extensions ['ros']
[0.112s] Level 1:colcon.colcon_core.package_identification:_identify(docs/docker) by extension 'ros'
[0.112s] Level 1:colcon.colcon_core.package_identification:_identify(docs/docker) by extensions ['cmake', 'python']
[0.112s] Level 1:colcon.colcon_core.package_identification:_identify(docs/docker) by extension 'cmake'
[0.112s] Level 1:colcon.colcon_core.package_identification:_identify(docs/docker) by extension 'python'
[0.112s] Level 1:colcon.colcon_core.package_identification:_identify(docs/docker) by extensions ['python_setup_py']
[0.112s] Level 1:colcon.colcon_core.package_identification:_identify(docs/docker) by extension 'python_setup_py'
[0.112s] Level 1:colcon.colcon_core.package_identification:_identify(gcs) by extensions ['ignore', 'ignore_ament_install']
[0.112s] Level 1:colcon.colcon_core.package_identification:_identify(gcs) by extension 'ignore'
[0.112s] Level 1:colcon.colcon_core.package_identification:_identify(gcs) by extension 'ignore_ament_install'
[0.112s] Level 1:colcon.colcon_core.package_identification:_identify(gcs) by extensions ['colcon_pkg']
[0.112s] Level 1:colcon.colcon_core.package_identification:_identify(gcs) by extension 'colcon_pkg'
[0.112s] Level 1:colcon.colcon_core.package_identification:_identify(gcs) by extensions ['colcon_meta']
[0.112s] Level 1:colcon.colcon_core.package_identification:_identify(gcs) by extension 'colcon_meta'
[0.112s] Level 1:colcon.colcon_core.package_identification:_identify(gcs) by extensions ['ros']
[0.112s] Level 1:colcon.colcon_core.package_identification:_identify(gcs) by extension 'ros'
[0.112s] Level 1:colcon.colcon_core.package_identification:_identify(gcs) by extensions ['cmake', 'python']
[0.112s] Level 1:colcon.colcon_core.package_identification:_identify(gcs) by extension 'cmake'
[0.112s] Level 1:colcon.colcon_core.package_identification:_identify(gcs) by extension 'python'
[0.112s] Level 1:colcon.colcon_core.package_identification:_identify(gcs) by extensions ['python_setup_py']
[0.112s] Level 1:colcon.colcon_core.package_identification:_identify(gcs) by extension 'python_setup_py'
[0.112s] Level 1:colcon.colcon_core.package_identification:_identify(gcs/docker) by extensions ['ignore', 'ignore_ament_install']
[0.112s] Level 1:colcon.colcon_core.package_identification:_identify(gcs/docker) by extension 'ignore'
[0.112s] Level 1:colcon.colcon_core.package_identification:_identify(gcs/docker) by extension 'ignore_ament_install'
[0.112s] Level 1:colcon.colcon_core.package_identification:_identify(gcs/docker) by extensions ['colcon_pkg']
[0.112s] Level 1:colcon.colcon_core.package_identification:_identify(gcs/docker) by extension 'colcon_pkg'
[0.112s] Level 1:colcon.colcon_core.package_identification:_identify(gcs/docker) by extensions ['colcon_meta']
[0.112s] Level 1:colcon.colcon_core.package_identification:_identify(gcs/docker) by extension 'colcon_meta'
[0.112s] Level 1:colcon.colcon_core.package_identification:_identify(gcs/docker) by extensions ['ros']
[0.112s] Level 1:colcon.colcon_core.package_identification:_identify(gcs/docker) by extension 'ros'
[0.112s] Level 1:colcon.colcon_core.package_identification:_identify(gcs/docker) by extensions ['cmake', 'python']
[0.112s] Level 1:colcon.colcon_core.package_identification:_identify(gcs/docker) by extension 'cmake'
[0.112s] Level 1:colcon.colcon_core.package_identification:_identify(gcs/docker) by extension 'python'
[0.112s] Level 1:colcon.colcon_core.package_identification:_identify(gcs/docker) by extensions ['python_setup_py']
[0.112s] Level 1:colcon.colcon_core.package_identification:_identify(gcs/docker) by extension 'python_setup_py'
[0.112s] Level 1:colcon.colcon_core.package_identification:_identify(gcs/docker/resources) by extensions ['ignore', 'ignore_ament_install']
[0.112s] Level 1:colcon.colcon_core.package_identification:_identify(gcs/docker/resources) by extension 'ignore'
[0.112s] Level 1:colcon.colcon_core.package_identification:_identify(gcs/docker/resources) by extension 'ignore_ament_install'
[0.112s] Level 1:colcon.colcon_core.package_identification:_identify(gcs/docker/resources) by extensions ['colcon_pkg']
[0.112s] Level 1:colcon.colcon_core.package_identification:_identify(gcs/docker/resources) by extension 'colcon_pkg'
[0.112s] Level 1:colcon.colcon_core.package_identification:_identify(gcs/docker/resources) by extensions ['colcon_meta']
[0.112s] Level 1:colcon.colcon_core.package_identification:_identify(gcs/docker/resources) by extension 'colcon_meta'
[0.112s] Level 1:colcon.colcon_core.package_identification:_identify(gcs/docker/resources) by extensions ['ros']
[0.112s] Level 1:colcon.colcon_core.package_identification:_identify(gcs/docker/resources) by extension 'ros'
[0.113s] Level 1:colcon.colcon_core.package_identification:_identify(gcs/docker/resources) by extensions ['cmake', 'python']
[0.113s] Level 1:colcon.colcon_core.package_identification:_identify(gcs/docker/resources) by extension 'cmake'
[0.113s] Level 1:colcon.colcon_core.package_identification:_identify(gcs/docker/resources) by extension 'python'
[0.113s] Level 1:colcon.colcon_core.package_identification:_identify(gcs/docker/resources) by extensions ['python_setup_py']
[0.113s] Level 1:colcon.colcon_core.package_identification:_identify(gcs/docker/resources) by extension 'python_setup_py'
[0.113s] Level 1:colcon.colcon_core.package_identification:_identify(gcs/ros_ws) by extensions ['ignore', 'ignore_ament_install']
[0.113s] Level 1:colcon.colcon_core.package_identification:_identify(gcs/ros_ws) by extension 'ignore'
[0.113s] Level 1:colcon.colcon_core.package_identification:_identify(gcs/ros_ws) by extension 'ignore_ament_install'
[0.113s] Level 1:colcon.colcon_core.package_identification:_identify(gcs/ros_ws) by extensions ['colcon_pkg']
[0.113s] Level 1:colcon.colcon_core.package_identification:_identify(gcs/ros_ws) by extension 'colcon_pkg'
[0.113s] Level 1:colcon.colcon_core.package_identification:_identify(gcs/ros_ws) by extensions ['colcon_meta']
[0.113s] Level 1:colcon.colcon_core.package_identification:_identify(gcs/ros_ws) by extension 'colcon_meta'
[0.113s] Level 1:colcon.colcon_core.package_identification:_identify(gcs/ros_ws) by extensions ['ros']
[0.113s] Level 1:colcon.colcon_core.package_identification:_identify(gcs/ros_ws) by extension 'ros'
[0.113s] Level 1:colcon.colcon_core.package_identification:_identify(gcs/ros_ws) by extensions ['cmake', 'python']
[0.113s] Level 1:colcon.colcon_core.package_identification:_identify(gcs/ros_ws) by extension 'cmake'
[0.113s] Level 1:colcon.colcon_core.package_identification:_identify(gcs/ros_ws) by extension 'python'
[0.113s] Level 1:colcon.colcon_core.package_identification:_identify(gcs/ros_ws) by extensions ['python_setup_py']
[0.113s] Level 1:colcon.colcon_core.package_identification:_identify(gcs/ros_ws) by extension 'python_setup_py'
[0.113s] Level 1:colcon.colcon_core.package_identification:_identify(gcs/ros_ws/src) by extensions ['ignore', 'ignore_ament_install']
[0.113s] Level 1:colcon.colcon_core.package_identification:_identify(gcs/ros_ws/src) by extension 'ignore'
[0.113s] Level 1:colcon.colcon_core.package_identification:_identify(gcs/ros_ws/src) by extension 'ignore_ament_install'
[0.113s] Level 1:colcon.colcon_core.package_identification:_identify(gcs/ros_ws/src) by extensions ['colcon_pkg']
[0.113s] Level 1:colcon.colcon_core.package_identification:_identify(gcs/ros_ws/src) by extension 'colcon_pkg'
[0.113s] Level 1:colcon.colcon_core.package_identification:_identify(gcs/ros_ws/src) by extensions ['colcon_meta']
[0.113s] Level 1:colcon.colcon_core.package_identification:_identify(gcs/ros_ws/src) by extension 'colcon_meta'
[0.113s] Level 1:colcon.colcon_core.package_identification:_identify(gcs/ros_ws/src) by extensions ['ros']
[0.113s] Level 1:colcon.colcon_core.package_identification:_identify(gcs/ros_ws/src) by extension 'ros'
[0.113s] Level 1:colcon.colcon_core.package_identification:_identify(gcs/ros_ws/src) by extensions ['cmake', 'python']
[0.113s] Level 1:colcon.colcon_core.package_identification:_identify(gcs/ros_ws/src) by extension 'cmake'
[0.113s] Level 1:colcon.colcon_core.package_identification:_identify(gcs/ros_ws/src) by extension 'python'
[0.113s] Level 1:colcon.colcon_core.package_identification:_identify(gcs/ros_ws/src) by extensions ['python_setup_py']
[0.113s] Level 1:colcon.colcon_core.package_identification:_identify(gcs/ros_ws/src) by extension 'python_setup_py'
[0.113s] Level 1:colcon.colcon_core.package_identification:_identify(gcs/ros_ws/src/common) by extensions ['ignore', 'ignore_ament_install']
[0.113s] Level 1:colcon.colcon_core.package_identification:_identify(gcs/ros_ws/src/common) by extension 'ignore'
[0.113s] Level 1:colcon.colcon_core.package_identification:_identify(gcs/ros_ws/src/common) by extension 'ignore_ament_install'
[0.113s] Level 1:colcon.colcon_core.package_identification:_identify(gcs/ros_ws/src/common) by extensions ['colcon_pkg']
[0.113s] Level 1:colcon.colcon_core.package_identification:_identify(gcs/ros_ws/src/common) by extension 'colcon_pkg'
[0.113s] Level 1:colcon.colcon_core.package_identification:_identify(gcs/ros_ws/src/common) by extensions ['colcon_meta']
[0.113s] Level 1:colcon.colcon_core.package_identification:_identify(gcs/ros_ws/src/common) by extension 'colcon_meta'
[0.113s] Level 1:colcon.colcon_core.package_identification:_identify(gcs/ros_ws/src/common) by extensions ['ros']
[0.113s] Level 1:colcon.colcon_core.package_identification:_identify(gcs/ros_ws/src/common) by extension 'ros'
[0.113s] Level 1:colcon.colcon_core.package_identification:_identify(gcs/ros_ws/src/common) by extensions ['cmake', 'python']
[0.113s] Level 1:colcon.colcon_core.package_identification:_identify(gcs/ros_ws/src/common) by extension 'cmake'
[0.113s] Level 1:colcon.colcon_core.package_identification:_identify(gcs/ros_ws/src/common) by extension 'python'
[0.113s] Level 1:colcon.colcon_core.package_identification:_identify(gcs/ros_ws/src/common) by extensions ['python_setup_py']
[0.113s] Level 1:colcon.colcon_core.package_identification:_identify(gcs/ros_ws/src/common) by extension 'python_setup_py'
[0.113s] Level 1:colcon.colcon_core.package_identification:_identify(gcs/ros_ws/src/gcs_bringup) by extensions ['ignore', 'ignore_ament_install']
[0.113s] Level 1:colcon.colcon_core.package_identification:_identify(gcs/ros_ws/src/gcs_bringup) by extension 'ignore'
[0.113s] Level 1:colcon.colcon_core.package_identification:_identify(gcs/ros_ws/src/gcs_bringup) by extension 'ignore_ament_install'
[0.113s] Level 1:colcon.colcon_core.package_identification:_identify(gcs/ros_ws/src/gcs_bringup) by extensions ['colcon_pkg']
[0.113s] Level 1:colcon.colcon_core.package_identification:_identify(gcs/ros_ws/src/gcs_bringup) by extension 'colcon_pkg'
[0.113s] Level 1:colcon.colcon_core.package_identification:_identify(gcs/ros_ws/src/gcs_bringup) by extensions ['colcon_meta']
[0.113s] Level 1:colcon.colcon_core.package_identification:_identify(gcs/ros_ws/src/gcs_bringup) by extension 'colcon_meta'
[0.113s] Level 1:colcon.colcon_core.package_identification:_identify(gcs/ros_ws/src/gcs_bringup) by extensions ['ros']
[0.113s] Level 1:colcon.colcon_core.package_identification:_identify(gcs/ros_ws/src/gcs_bringup) by extension 'ros'
[0.113s] DEBUG:colcon.colcon_core.package_identification:Package 'gcs/ros_ws/src/gcs_bringup' with type 'ros.ament_cmake' and name 'gcs_bringup'
[0.114s] Level 1:colcon.colcon_core.package_identification:_identify(gcs/ros_ws/src/rqt_autolab_control_panel) by extensions ['ignore', 'ignore_ament_install']
[0.114s] Level 1:colcon.colcon_core.package_identification:_identify(gcs/ros_ws/src/rqt_autolab_control_panel) by extension 'ignore'
[0.114s] Level 1:colcon.colcon_core.package_identification:_identify(gcs/ros_ws/src/rqt_autolab_control_panel) by extension 'ignore_ament_install'
[0.114s] Level 1:colcon.colcon_core.package_identification:_identify(gcs/ros_ws/src/rqt_autolab_control_panel) by extensions ['colcon_pkg']
[0.114s] Level 1:colcon.colcon_core.package_identification:_identify(gcs/ros_ws/src/rqt_autolab_control_panel) by extension 'colcon_pkg'
[0.114s] Level 1:colcon.colcon_core.package_identification:_identify(gcs/ros_ws/src/rqt_autolab_control_panel) by extensions ['colcon_meta']
[0.114s] Level 1:colcon.colcon_core.package_identification:_identify(gcs/ros_ws/src/rqt_autolab_control_panel) by extension 'colcon_meta'
[0.114s] Level 1:colcon.colcon_core.package_identification:_identify(gcs/ros_ws/src/rqt_autolab_control_panel) by extensions ['ros']
[0.114s] Level 1:colcon.colcon_core.package_identification:_identify(gcs/ros_ws/src/rqt_autolab_control_panel) by extension 'ros'
[0.114s] DEBUG:colcon.colcon_core.package_identification:Package 'gcs/ros_ws/src/rqt_autolab_control_panel' with type 'ros.ament_python' and name 'rqt_autolab_control_panel'
[0.114s] Level 1:colcon.colcon_core.package_identification:_identify(gcs/ros_ws/src/rqt_gcs) by extensions ['ignore', 'ignore_ament_install']
[0.114s] Level 1:colcon.colcon_core.package_identification:_identify(gcs/ros_ws/src/rqt_gcs) by extension 'ignore'
[0.114s] Level 1:colcon.colcon_core.package_identification:_identify(gcs/ros_ws/src/rqt_gcs) by extension 'ignore_ament_install'
[0.114s] Level 1:colcon.colcon_core.package_identification:_identify(gcs/ros_ws/src/rqt_gcs) by extensions ['colcon_pkg']
[0.114s] Level 1:colcon.colcon_core.package_identification:_identify(gcs/ros_ws/src/rqt_gcs) by extension 'colcon_pkg'
[0.114s] Level 1:colcon.colcon_core.package_identification:_identify(gcs/ros_ws/src/rqt_gcs) by extensions ['colcon_meta']
[0.114s] Level 1:colcon.colcon_core.package_identification:_identify(gcs/ros_ws/src/rqt_gcs) by extension 'colcon_meta'
[0.114s] Level 1:colcon.colcon_core.package_identification:_identify(gcs/ros_ws/src/rqt_gcs) by extensions ['ros']
[0.114s] Level 1:colcon.colcon_core.package_identification:_identify(gcs/ros_ws/src/rqt_gcs) by extension 'ros'
[0.114s] DEBUG:colcon.colcon_core.package_identification:Package 'gcs/ros_ws/src/rqt_gcs' with type 'ros.ament_python' and name 'rqt_gcs'
[0.114s] Level 1:colcon.colcon_core.package_identification:_identify(gcs/ros_ws/src/rqt_py_template) by extensions ['ignore', 'ignore_ament_install']
[0.114s] Level 1:colcon.colcon_core.package_identification:_identify(gcs/ros_ws/src/rqt_py_template) by extension 'ignore'
[0.114s] Level 1:colcon.colcon_core.package_identification:_identify(gcs/ros_ws/src/rqt_py_template) by extension 'ignore_ament_install'
[0.114s] Level 1:colcon.colcon_core.package_identification:_identify(gcs/ros_ws/src/rqt_py_template) by extensions ['colcon_pkg']
[0.114s] Level 1:colcon.colcon_core.package_identification:_identify(gcs/ros_ws/src/rqt_py_template) by extension 'colcon_pkg'
[0.114s] Level 1:colcon.colcon_core.package_identification:_identify(gcs/ros_ws/src/rqt_py_template) by extensions ['colcon_meta']
[0.114s] Level 1:colcon.colcon_core.package_identification:_identify(gcs/ros_ws/src/rqt_py_template) by extension 'colcon_meta'
[0.114s] Level 1:colcon.colcon_core.package_identification:_identify(gcs/ros_ws/src/rqt_py_template) by extensions ['ros']
[0.114s] Level 1:colcon.colcon_core.package_identification:_identify(gcs/ros_ws/src/rqt_py_template) by extension 'ros'
[0.115s] DEBUG:colcon.colcon_core.package_identification:Package 'gcs/ros_ws/src/rqt_py_template' with type 'ros.ament_python' and name 'rqt_py_template'
[0.115s] Level 1:colcon.colcon_core.package_identification:_identify(install) by extensions ['ignore', 'ignore_ament_install']
[0.115s] Level 1:colcon.colcon_core.package_identification:_identify(install) by extension 'ignore'
[0.115s] Level 1:colcon.colcon_core.package_identification:_identify(install) ignored
[0.115s] Level 1:colcon.colcon_core.package_identification:_identify(log) by extensions ['ignore', 'ignore_ament_install']
[0.115s] Level 1:colcon.colcon_core.package_identification:_identify(log) by extension 'ignore'
[0.115s] Level 1:colcon.colcon_core.package_identification:_identify(log) ignored
[0.115s] Level 1:colcon.colcon_core.package_identification:_identify(robot) by extensions ['ignore', 'ignore_ament_install']
[0.115s] Level 1:colcon.colcon_core.package_identification:_identify(robot) by extension 'ignore'
[0.115s] Level 1:colcon.colcon_core.package_identification:_identify(robot) by extension 'ignore_ament_install'
[0.115s] Level 1:colcon.colcon_core.package_identification:_identify(robot) by extensions ['colcon_pkg']
[0.115s] Level 1:colcon.colcon_core.package_identification:_identify(robot) by extension 'colcon_pkg'
[0.115s] Level 1:colcon.colcon_core.package_identification:_identify(robot) by extensions ['colcon_meta']
[0.115s] Level 1:colcon.colcon_core.package_identification:_identify(robot) by extension 'colcon_meta'
[0.115s] Level 1:colcon.colcon_core.package_identification:_identify(robot) by extensions ['ros']
[0.115s] Level 1:colcon.colcon_core.package_identification:_identify(robot) by extension 'ros'
[0.115s] Level 1:colcon.colcon_core.package_identification:_identify(robot) by extensions ['cmake', 'python']
[0.115s] Level 1:colcon.colcon_core.package_identification:_identify(robot) by extension 'cmake'
[0.115s] Level 1:colcon.colcon_core.package_identification:_identify(robot) by extension 'python'
[0.115s] Level 1:colcon.colcon_core.package_identification:_identify(robot) by extensions ['python_setup_py']
[0.115s] Level 1:colcon.colcon_core.package_identification:_identify(robot) by extension 'python_setup_py'
[0.115s] Level 1:colcon.colcon_core.package_identification:_identify(robot/backup_src) by extensions ['ignore', 'ignore_ament_install']
[0.115s] Level 1:colcon.colcon_core.package_identification:_identify(robot/backup_src) by extension 'ignore'
[0.115s] Level 1:colcon.colcon_core.package_identification:_identify(robot/backup_src) by extension 'ignore_ament_install'
[0.115s] Level 1:colcon.colcon_core.package_identification:_identify(robot/backup_src) by extensions ['colcon_pkg']
[0.115s] Level 1:colcon.colcon_core.package_identification:_identify(robot/backup_src) by extension 'colcon_pkg'
[0.115s] Level 1:colcon.colcon_core.package_identification:_identify(robot/backup_src) by extensions ['colcon_meta']
[0.115s] Level 1:colcon.colcon_core.package_identification:_identify(robot/backup_src) by extension 'colcon_meta'
[0.115s] Level 1:colcon.colcon_core.package_identification:_identify(robot/backup_src) by extensions ['ros']
[0.115s] Level 1:colcon.colcon_core.package_identification:_identify(robot/backup_src) by extension 'ros'
[0.115s] Level 1:colcon.colcon_core.package_identification:_identify(robot/backup_src) by extensions ['cmake', 'python']
[0.115s] Level 1:colcon.colcon_core.package_identification:_identify(robot/backup_src) by extension 'cmake'
[0.115s] Level 1:colcon.colcon_core.package_identification:_identify(robot/backup_src) by extension 'python'
[0.115s] Level 1:colcon.colcon_core.package_identification:_identify(robot/backup_src) by extensions ['python_setup_py']
[0.115s] Level 1:colcon.colcon_core.package_identification:_identify(robot/backup_src) by extension 'python_setup_py'
[0.115s] Level 1:colcon.colcon_core.package_identification:_identify(robot/backup_src/autonomy) by extensions ['ignore', 'ignore_ament_install']
[0.115s] Level 1:colcon.colcon_core.package_identification:_identify(robot/backup_src/autonomy) by extension 'ignore'
[0.115s] Level 1:colcon.colcon_core.package_identification:_identify(robot/backup_src/autonomy) by extension 'ignore_ament_install'
[0.115s] Level 1:colcon.colcon_core.package_identification:_identify(robot/backup_src/autonomy) by extensions ['colcon_pkg']
[0.115s] Level 1:colcon.colcon_core.package_identification:_identify(robot/backup_src/autonomy) by extension 'colcon_pkg'
[0.115s] Level 1:colcon.colcon_core.package_identification:_identify(robot/backup_src/autonomy) by extensions ['colcon_meta']
[0.115s] Level 1:colcon.colcon_core.package_identification:_identify(robot/backup_src/autonomy) by extension 'colcon_meta'
[0.115s] Level 1:colcon.colcon_core.package_identification:_identify(robot/backup_src/autonomy) by extensions ['ros']
[0.115s] Level 1:colcon.colcon_core.package_identification:_identify(robot/backup_src/autonomy) by extension 'ros'
[0.115s] Level 1:colcon.colcon_core.package_identification:_identify(robot/backup_src/autonomy) by extensions ['cmake', 'python']
[0.115s] Level 1:colcon.colcon_core.package_identification:_identify(robot/backup_src/autonomy) by extension 'cmake'
[0.115s] Level 1:colcon.colcon_core.package_identification:_identify(robot/backup_src/autonomy) by extension 'python'
[0.115s] Level 1:colcon.colcon_core.package_identification:_identify(robot/backup_src/autonomy) by extensions ['python_setup_py']
[0.115s] Level 1:colcon.colcon_core.package_identification:_identify(robot/backup_src/autonomy) by extension 'python_setup_py'
[0.115s] Level 1:colcon.colcon_core.package_identification:_identify(robot/backup_src/autonomy/0_interface) by extensions ['ignore', 'ignore_ament_install']
[0.115s] Level 1:colcon.colcon_core.package_identification:_identify(robot/backup_src/autonomy/0_interface) by extension 'ignore'
[0.115s] Level 1:colcon.colcon_core.package_identification:_identify(robot/backup_src/autonomy/0_interface) by extension 'ignore_ament_install'
[0.116s] Level 1:colcon.colcon_core.package_identification:_identify(robot/backup_src/autonomy/0_interface) by extensions ['colcon_pkg']
[0.116s] Level 1:colcon.colcon_core.package_identification:_identify(robot/backup_src/autonomy/0_interface) by extension 'colcon_pkg'
[0.116s] Level 1:colcon.colcon_core.package_identification:_identify(robot/backup_src/autonomy/0_interface) by extensions ['colcon_meta']
[0.116s] Level 1:colcon.colcon_core.package_identification:_identify(robot/backup_src/autonomy/0_interface) by extension 'colcon_meta'
[0.116s] Level 1:colcon.colcon_core.package_identification:_identify(robot/backup_src/autonomy/0_interface) by extensions ['ros']
[0.116s] Level 1:colcon.colcon_core.package_identification:_identify(robot/backup_src/autonomy/0_interface) by extension 'ros'
[0.116s] Level 1:colcon.colcon_core.package_identification:_identify(robot/backup_src/autonomy/0_interface) by extensions ['cmake', 'python']
[0.116s] Level 1:colcon.colcon_core.package_identification:_identify(robot/backup_src/autonomy/0_interface) by extension 'cmake'
[0.116s] Level 1:colcon.colcon_core.package_identification:_identify(robot/backup_src/autonomy/0_interface) by extension 'python'
[0.116s] Level 1:colcon.colcon_core.package_identification:_identify(robot/backup_src/autonomy/0_interface) by extensions ['python_setup_py']
[0.116s] Level 1:colcon.colcon_core.package_identification:_identify(robot/backup_src/autonomy/0_interface) by extension 'python_setup_py'
[0.116s] Level 1:colcon.colcon_core.package_identification:_identify(robot/backup_src/autonomy/0_interface/interface_bringup) by extensions ['ignore', 'ignore_ament_install']
[0.116s] Level 1:colcon.colcon_core.package_identification:_identify(robot/backup_src/autonomy/0_interface/interface_bringup) by extension 'ignore'
[0.116s] Level 1:colcon.colcon_core.package_identification:_identify(robot/backup_src/autonomy/0_interface/interface_bringup) by extension 'ignore_ament_install'
[0.116s] Level 1:colcon.colcon_core.package_identification:_identify(robot/backup_src/autonomy/0_interface/interface_bringup) by extensions ['colcon_pkg']
[0.116s] Level 1:colcon.colcon_core.package_identification:_identify(robot/backup_src/autonomy/0_interface/interface_bringup) by extension 'colcon_pkg'
[0.116s] Level 1:colcon.colcon_core.package_identification:_identify(robot/backup_src/autonomy/0_interface/interface_bringup) by extensions ['colcon_meta']
[0.116s] Level 1:colcon.colcon_core.package_identification:_identify(robot/backup_src/autonomy/0_interface/interface_bringup) by extension 'colcon_meta'
[0.116s] Level 1:colcon.colcon_core.package_identification:_identify(robot/backup_src/autonomy/0_interface/interface_bringup) by extensions ['ros']
[0.116s] Level 1:colcon.colcon_core.package_identification:_identify(robot/backup_src/autonomy/0_interface/interface_bringup) by extension 'ros'
[0.116s] DEBUG:colcon.colcon_core.package_identification:Package 'robot/backup_src/autonomy/0_interface/interface_bringup' with type 'ros.ament_cmake' and name 'interface_bringup'
[0.116s] Level 1:colcon.colcon_core.package_identification:_identify(robot/backup_src/autonomy/1_navigation) by extensions ['ignore', 'ignore_ament_install']
[0.116s] Level 1:colcon.colcon_core.package_identification:_identify(robot/backup_src/autonomy/1_navigation) by extension 'ignore'
[0.116s] Level 1:colcon.colcon_core.package_identification:_identify(robot/backup_src/autonomy/1_navigation) by extension 'ignore_ament_install'
[0.116s] Level 1:colcon.colcon_core.package_identification:_identify(robot/backup_src/autonomy/1_navigation) by extensions ['colcon_pkg']
[0.116s] Level 1:colcon.colcon_core.package_identification:_identify(robot/backup_src/autonomy/1_navigation) by extension 'colcon_pkg'
[0.116s] Level 1:colcon.colcon_core.package_identification:_identify(robot/backup_src/autonomy/1_navigation) by extensions ['colcon_meta']
[0.116s] Level 1:colcon.colcon_core.package_identification:_identify(robot/backup_src/autonomy/1_navigation) by extension 'colcon_meta'
[0.116s] Level 1:colcon.colcon_core.package_identification:_identify(robot/backup_src/autonomy/1_navigation) by extensions ['ros']
[0.116s] Level 1:colcon.colcon_core.package_identification:_identify(robot/backup_src/autonomy/1_navigation) by extension 'ros'
[0.116s] Level 1:colcon.colcon_core.package_identification:_identify(robot/backup_src/autonomy/1_navigation) by extensions ['cmake', 'python']
[0.116s] Level 1:colcon.colcon_core.package_identification:_identify(robot/backup_src/autonomy/1_navigation) by extension 'cmake'
[0.116s] Level 1:colcon.colcon_core.package_identification:_identify(robot/backup_src/autonomy/1_navigation) by extension 'python'
[0.116s] Level 1:colcon.colcon_core.package_identification:_identify(robot/backup_src/autonomy/1_navigation) by extensions ['python_setup_py']
[0.116s] Level 1:colcon.colcon_core.package_identification:_identify(robot/backup_src/autonomy/1_navigation) by extension 'python_setup_py'
[0.116s] Level 1:colcon.colcon_core.package_identification:_identify(robot/backup_src/autonomy/1_navigation/navigation_bringup) by extensions ['ignore', 'ignore_ament_install']
[0.116s] Level 1:colcon.colcon_core.package_identification:_identify(robot/backup_src/autonomy/1_navigation/navigation_bringup) by extension 'ignore'
[0.116s] Level 1:colcon.colcon_core.package_identification:_identify(robot/backup_src/autonomy/1_navigation/navigation_bringup) by extension 'ignore_ament_install'
[0.116s] Level 1:colcon.colcon_core.package_identification:_identify(robot/backup_src/autonomy/1_navigation/navigation_bringup) by extensions ['colcon_pkg']
[0.116s] Level 1:colcon.colcon_core.package_identification:_identify(robot/backup_src/autonomy/1_navigation/navigation_bringup) by extension 'colcon_pkg'
[0.116s] Level 1:colcon.colcon_core.package_identification:_identify(robot/backup_src/autonomy/1_navigation/navigation_bringup) by extensions ['colcon_meta']
[0.116s] Level 1:colcon.colcon_core.package_identification:_identify(robot/backup_src/autonomy/1_navigation/navigation_bringup) by extension 'colcon_meta'
[0.116s] Level 1:colcon.colcon_core.package_identification:_identify(robot/backup_src/autonomy/1_navigation/navigation_bringup) by extensions ['ros']
[0.116s] Level 1:colcon.colcon_core.package_identification:_identify(robot/backup_src/autonomy/1_navigation/navigation_bringup) by extension 'ros'
[0.117s] DEBUG:colcon.colcon_core.package_identification:Package 'robot/backup_src/autonomy/1_navigation/navigation_bringup' with type 'ros.ament_cmake' and name 'navigation_bringup'
[0.117s] Level 1:colcon.colcon_core.package_identification:_identify(robot/backup_src/autonomy/1_navigation/navigation_controller) by extensions ['ignore', 'ignore_ament_install']
[0.117s] Level 1:colcon.colcon_core.package_identification:_identify(robot/backup_src/autonomy/1_navigation/navigation_controller) by extension 'ignore'
[0.117s] Level 1:colcon.colcon_core.package_identification:_identify(robot/backup_src/autonomy/1_navigation/navigation_controller) by extension 'ignore_ament_install'
[0.117s] Level 1:colcon.colcon_core.package_identification:_identify(robot/backup_src/autonomy/1_navigation/navigation_controller) by extensions ['colcon_pkg']
[0.117s] Level 1:colcon.colcon_core.package_identification:_identify(robot/backup_src/autonomy/1_navigation/navigation_controller) by extension 'colcon_pkg'
[0.117s] Level 1:colcon.colcon_core.package_identification:_identify(robot/backup_src/autonomy/1_navigation/navigation_controller) by extensions ['colcon_meta']
[0.117s] Level 1:colcon.colcon_core.package_identification:_identify(robot/backup_src/autonomy/1_navigation/navigation_controller) by extension 'colcon_meta'
[0.117s] Level 1:colcon.colcon_core.package_identification:_identify(robot/backup_src/autonomy/1_navigation/navigation_controller) by extensions ['ros']
[0.117s] Level 1:colcon.colcon_core.package_identification:_identify(robot/backup_src/autonomy/1_navigation/navigation_controller) by extension 'ros'
[0.117s] DEBUG:colcon.colcon_core.package_identification:Package 'robot/backup_src/autonomy/1_navigation/navigation_controller' with type 'ros.ament_cmake' and name 'navigation_controller'
[0.117s] Level 1:colcon.colcon_core.package_identification:_identify(robot/backup_src/autonomy/2_mapping_and_localization) by extensions ['ignore', 'ignore_ament_install']
[0.117s] Level 1:colcon.colcon_core.package_identification:_identify(robot/backup_src/autonomy/2_mapping_and_localization) by extension 'ignore'
[0.117s] Level 1:colcon.colcon_core.package_identification:_identify(robot/backup_src/autonomy/2_mapping_and_localization) by extension 'ignore_ament_install'
[0.117s] Level 1:colcon.colcon_core.package_identification:_identify(robot/backup_src/autonomy/2_mapping_and_localization) by extensions ['colcon_pkg']
[0.117s] Level 1:colcon.colcon_core.package_identification:_identify(robot/backup_src/autonomy/2_mapping_and_localization) by extension 'colcon_pkg'
[0.117s] Level 1:colcon.colcon_core.package_identification:_identify(robot/backup_src/autonomy/2_mapping_and_localization) by extensions ['colcon_meta']
[0.117s] Level 1:colcon.colcon_core.package_identification:_identify(robot/backup_src/autonomy/2_mapping_and_localization) by extension 'colcon_meta'
[0.117s] Level 1:colcon.colcon_core.package_identification:_identify(robot/backup_src/autonomy/2_mapping_and_localization) by extensions ['ros']
[0.117s] Level 1:colcon.colcon_core.package_identification:_identify(robot/backup_src/autonomy/2_mapping_and_localization) by extension 'ros'
[0.117s] Level 1:colcon.colcon_core.package_identification:_identify(robot/backup_src/autonomy/2_mapping_and_localization) by extensions ['cmake', 'python']
[0.117s] Level 1:colcon.colcon_core.package_identification:_identify(robot/backup_src/autonomy/2_mapping_and_localization) by extension 'cmake'
[0.117s] Level 1:colcon.colcon_core.package_identification:_identify(robot/backup_src/autonomy/2_mapping_and_localization) by extension 'python'
[0.117s] Level 1:colcon.colcon_core.package_identification:_identify(robot/backup_src/autonomy/2_mapping_and_localization) by extensions ['python_setup_py']
[0.117s] Level 1:colcon.colcon_core.package_identification:_identify(robot/backup_src/autonomy/2_mapping_and_localization) by extension 'python_setup_py'
[0.117s] Level 1:colcon.colcon_core.package_identification:_identify(robot/backup_src/autonomy/2_mapping_and_localization/mapping_and_localization_bringup) by extensions ['ignore', 'ignore_ament_install']
[0.117s] Level 1:colcon.colcon_core.package_identification:_identify(robot/backup_src/autonomy/2_mapping_and_localization/mapping_and_localization_bringup) by extension 'ignore'
[0.117s] Level 1:colcon.colcon_core.package_identification:_identify(robot/backup_src/autonomy/2_mapping_and_localization/mapping_and_localization_bringup) by extension 'ignore_ament_install'
[0.117s] Level 1:colcon.colcon_core.package_identification:_identify(robot/backup_src/autonomy/2_mapping_and_localization/mapping_and_localization_bringup) by extensions ['colcon_pkg']
[0.117s] Level 1:colcon.colcon_core.package_identification:_identify(robot/backup_src/autonomy/2_mapping_and_localization/mapping_and_localization_bringup) by extension 'colcon_pkg'
[0.117s] Level 1:colcon.colcon_core.package_identification:_identify(robot/backup_src/autonomy/2_mapping_and_localization/mapping_and_localization_bringup) by extensions ['colcon_meta']
[0.117s] Level 1:colcon.colcon_core.package_identification:_identify(robot/backup_src/autonomy/2_mapping_and_localization/mapping_and_localization_bringup) by extension 'colcon_meta'
[0.117s] Level 1:colcon.colcon_core.package_identification:_identify(robot/backup_src/autonomy/2_mapping_and_localization/mapping_and_localization_bringup) by extensions ['ros']
[0.117s] Level 1:colcon.colcon_core.package_identification:_identify(robot/backup_src/autonomy/2_mapping_and_localization/mapping_and_localization_bringup) by extension 'ros'
[0.118s] DEBUG:colcon.colcon_core.package_identification:Package 'robot/backup_src/autonomy/2_mapping_and_localization/mapping_and_localization_bringup' with type 'ros.ament_cmake' and name 'mapping_and_localization_bringup'
[0.118s] Level 1:colcon.colcon_core.package_identification:_identify(robot/backup_src/autonomy/2_mapping_and_localization/rtabmap) by extensions ['ignore', 'ignore_ament_install']
[0.118s] Level 1:colcon.colcon_core.package_identification:_identify(robot/backup_src/autonomy/2_mapping_and_localization/rtabmap) by extension 'ignore'
[0.118s] Level 1:colcon.colcon_core.package_identification:_identify(robot/backup_src/autonomy/2_mapping_and_localization/rtabmap) by extension 'ignore_ament_install'
[0.118s] Level 1:colcon.colcon_core.package_identification:_identify(robot/backup_src/autonomy/2_mapping_and_localization/rtabmap) by extensions ['colcon_pkg']
[0.118s] Level 1:colcon.colcon_core.package_identification:_identify(robot/backup_src/autonomy/2_mapping_and_localization/rtabmap) by extension 'colcon_pkg'
[0.118s] Level 1:colcon.colcon_core.package_identification:_identify(robot/backup_src/autonomy/2_mapping_and_localization/rtabmap) by extensions ['colcon_meta']
[0.118s] Level 1:colcon.colcon_core.package_identification:_identify(robot/backup_src/autonomy/2_mapping_and_localization/rtabmap) by extension 'colcon_meta'
[0.118s] Level 1:colcon.colcon_core.package_identification:_identify(robot/backup_src/autonomy/2_mapping_and_localization/rtabmap) by extensions ['ros']
[0.118s] Level 1:colcon.colcon_core.package_identification:_identify(robot/backup_src/autonomy/2_mapping_and_localization/rtabmap) by extension 'ros'
[0.118s] Level 1:colcon.colcon_core.package_identification:_identify(robot/backup_src/autonomy/2_mapping_and_localization/rtabmap) by extensions ['cmake', 'python']
[0.118s] Level 1:colcon.colcon_core.package_identification:_identify(robot/backup_src/autonomy/2_mapping_and_localization/rtabmap) by extension 'cmake'
[0.118s] Level 1:colcon.colcon_core.package_identification:_identify(robot/backup_src/autonomy/2_mapping_and_localization/rtabmap) by extension 'python'
[0.118s] Level 1:colcon.colcon_core.package_identification:_identify(robot/backup_src/autonomy/2_mapping_and_localization/rtabmap) by extensions ['python_setup_py']
[0.118s] Level 1:colcon.colcon_core.package_identification:_identify(robot/backup_src/autonomy/2_mapping_and_localization/rtabmap) by extension 'python_setup_py'
[0.118s] Level 1:colcon.colcon_core.package_identification:_identify(robot/backup_src/autonomy/2_mapping_and_localization/rtabmap_ros) by extensions ['ignore', 'ignore_ament_install']
[0.118s] Level 1:colcon.colcon_core.package_identification:_identify(robot/backup_src/autonomy/2_mapping_and_localization/rtabmap_ros) by extension 'ignore'
[0.118s] Level 1:colcon.colcon_core.package_identification:_identify(robot/backup_src/autonomy/2_mapping_and_localization/rtabmap_ros) by extension 'ignore_ament_install'
[0.118s] Level 1:colcon.colcon_core.package_identification:_identify(robot/backup_src/autonomy/2_mapping_and_localization/rtabmap_ros) by extensions ['colcon_pkg']
[0.118s] Level 1:colcon.colcon_core.package_identification:_identify(robot/backup_src/autonomy/2_mapping_and_localization/rtabmap_ros) by extension 'colcon_pkg'
[0.118s] Level 1:colcon.colcon_core.package_identification:_identify(robot/backup_src/autonomy/2_mapping_and_localization/rtabmap_ros) by extensions ['colcon_meta']
[0.118s] Level 1:colcon.colcon_core.package_identification:_identify(robot/backup_src/autonomy/2_mapping_and_localization/rtabmap_ros) by extension 'colcon_meta'
[0.118s] Level 1:colcon.colcon_core.package_identification:_identify(robot/backup_src/autonomy/2_mapping_and_localization/rtabmap_ros) by extensions ['ros']
[0.118s] Level 1:colcon.colcon_core.package_identification:_identify(robot/backup_src/autonomy/2_mapping_and_localization/rtabmap_ros) by extension 'ros'
[0.118s] Level 1:colcon.colcon_core.package_identification:_identify(robot/backup_src/autonomy/2_mapping_and_localization/rtabmap_ros) by extensions ['cmake', 'python']
[0.118s] Level 1:colcon.colcon_core.package_identification:_identify(robot/backup_src/autonomy/2_mapping_and_localization/rtabmap_ros) by extension 'cmake'
[0.118s] Level 1:colcon.colcon_core.package_identification:_identify(robot/backup_src/autonomy/2_mapping_and_localization/rtabmap_ros) by extension 'python'
[0.118s] Level 1:colcon.colcon_core.package_identification:_identify(robot/backup_src/autonomy/2_mapping_and_localization/rtabmap_ros) by extensions ['python_setup_py']
[0.118s] Level 1:colcon.colcon_core.package_identification:_identify(robot/backup_src/autonomy/2_mapping_and_localization/rtabmap_ros) by extension 'python_setup_py'
[0.118s] Level 1:colcon.colcon_core.package_identification:_identify(robot/backup_src/autonomy/3_perception) by extensions ['ignore', 'ignore_ament_install']
[0.118s] Level 1:colcon.colcon_core.package_identification:_identify(robot/backup_src/autonomy/3_perception) by extension 'ignore'
[0.118s] Level 1:colcon.colcon_core.package_identification:_identify(robot/backup_src/autonomy/3_perception) by extension 'ignore_ament_install'
[0.118s] Level 1:colcon.colcon_core.package_identification:_identify(robot/backup_src/autonomy/3_perception) by extensions ['colcon_pkg']
[0.118s] Level 1:colcon.colcon_core.package_identification:_identify(robot/backup_src/autonomy/3_perception) by extension 'colcon_pkg'
[0.118s] Level 1:colcon.colcon_core.package_identification:_identify(robot/backup_src/autonomy/3_perception) by extensions ['colcon_meta']
[0.118s] Level 1:colcon.colcon_core.package_identification:_identify(robot/backup_src/autonomy/3_perception) by extension 'colcon_meta'
[0.118s] Level 1:colcon.colcon_core.package_identification:_identify(robot/backup_src/autonomy/3_perception) by extensions ['ros']
[0.118s] Level 1:colcon.colcon_core.package_identification:_identify(robot/backup_src/autonomy/3_perception) by extension 'ros'
[0.118s] Level 1:colcon.colcon_core.package_identification:_identify(robot/backup_src/autonomy/3_perception) by extensions ['cmake', 'python']
[0.118s] Level 1:colcon.colcon_core.package_identification:_identify(robot/backup_src/autonomy/3_perception) by extension 'cmake'
[0.118s] Level 1:colcon.colcon_core.package_identification:_identify(robot/backup_src/autonomy/3_perception) by extension 'python'
[0.118s] Level 1:colcon.colcon_core.package_identification:_identify(robot/backup_src/autonomy/3_perception) by extensions ['python_setup_py']
[0.118s] Level 1:colcon.colcon_core.package_identification:_identify(robot/backup_src/autonomy/3_perception) by extension 'python_setup_py'
[0.118s] Level 1:colcon.colcon_core.package_identification:_identify(robot/backup_src/autonomy/3_perception/perception_bringup) by extensions ['ignore', 'ignore_ament_install']
[0.118s] Level 1:colcon.colcon_core.package_identification:_identify(robot/backup_src/autonomy/3_perception/perception_bringup) by extension 'ignore'
[0.118s] Level 1:colcon.colcon_core.package_identification:_identify(robot/backup_src/autonomy/3_perception/perception_bringup) by extension 'ignore_ament_install'
[0.118s] Level 1:colcon.colcon_core.package_identification:_identify(robot/backup_src/autonomy/3_perception/perception_bringup) by extensions ['colcon_pkg']
[0.118s] Level 1:colcon.colcon_core.package_identification:_identify(robot/backup_src/autonomy/3_perception/perception_bringup) by extension 'colcon_pkg'
[0.118s] Level 1:colcon.colcon_core.package_identification:_identify(robot/backup_src/autonomy/3_perception/perception_bringup) by extensions ['colcon_meta']
[0.118s] Level 1:colcon.colcon_core.package_identification:_identify(robot/backup_src/autonomy/3_perception/perception_bringup) by extension 'colcon_meta'
[0.118s] Level 1:colcon.colcon_core.package_identification:_identify(robot/backup_src/autonomy/3_perception/perception_bringup) by extensions ['ros']
[0.118s] Level 1:colcon.colcon_core.package_identification:_identify(robot/backup_src/autonomy/3_perception/perception_bringup) by extension 'ros'
[0.119s] DEBUG:colcon.colcon_core.package_identification:Package 'robot/backup_src/autonomy/3_perception/perception_bringup' with type 'ros.ament_cmake' and name 'perception_bringup'
[0.119s] Level 1:colcon.colcon_core.package_identification:_identify(robot/backup_src/autonomy/4_local) by extensions ['ignore', 'ignore_ament_install']
[0.119s] Level 1:colcon.colcon_core.package_identification:_identify(robot/backup_src/autonomy/4_local) by extension 'ignore'
[0.119s] Level 1:colcon.colcon_core.package_identification:_identify(robot/backup_src/autonomy/4_local) by extension 'ignore_ament_install'
[0.119s] Level 1:colcon.colcon_core.package_identification:_identify(robot/backup_src/autonomy/4_local) by extensions ['colcon_pkg']
[0.119s] Level 1:colcon.colcon_core.package_identification:_identify(robot/backup_src/autonomy/4_local) by extension 'colcon_pkg'
[0.119s] Level 1:colcon.colcon_core.package_identification:_identify(robot/backup_src/autonomy/4_local) by extensions ['colcon_meta']
[0.119s] Level 1:colcon.colcon_core.package_identification:_identify(robot/backup_src/autonomy/4_local) by extension 'colcon_meta'
[0.119s] Level 1:colcon.colcon_core.package_identification:_identify(robot/backup_src/autonomy/4_local) by extensions ['ros']
[0.119s] Level 1:colcon.colcon_core.package_identification:_identify(robot/backup_src/autonomy/4_local) by extension 'ros'
[0.119s] Level 1:colcon.colcon_core.package_identification:_identify(robot/backup_src/autonomy/4_local) by extensions ['cmake', 'python']
[0.119s] Level 1:colcon.colcon_core.package_identification:_identify(robot/backup_src/autonomy/4_local) by extension 'cmake'
[0.119s] Level 1:colcon.colcon_core.package_identification:_identify(robot/backup_src/autonomy/4_local) by extension 'python'
[0.119s] Level 1:colcon.colcon_core.package_identification:_identify(robot/backup_src/autonomy/4_local) by extensions ['python_setup_py']
[0.119s] Level 1:colcon.colcon_core.package_identification:_identify(robot/backup_src/autonomy/4_local) by extension 'python_setup_py'
[0.119s] Level 1:colcon.colcon_core.package_identification:_identify(robot/backup_src/autonomy/4_local/local_bringup) by extensions ['ignore', 'ignore_ament_install']
[0.119s] Level 1:colcon.colcon_core.package_identification:_identify(robot/backup_src/autonomy/4_local/local_bringup) by extension 'ignore'
[0.119s] Level 1:colcon.colcon_core.package_identification:_identify(robot/backup_src/autonomy/4_local/local_bringup) by extension 'ignore_ament_install'
[0.119s] Level 1:colcon.colcon_core.package_identification:_identify(robot/backup_src/autonomy/4_local/local_bringup) by extensions ['colcon_pkg']
[0.119s] Level 1:colcon.colcon_core.package_identification:_identify(robot/backup_src/autonomy/4_local/local_bringup) by extension 'colcon_pkg'
[0.119s] Level 1:colcon.colcon_core.package_identification:_identify(robot/backup_src/autonomy/4_local/local_bringup) by extensions ['colcon_meta']
[0.119s] Level 1:colcon.colcon_core.package_identification:_identify(robot/backup_src/autonomy/4_local/local_bringup) by extension 'colcon_meta'
[0.119s] Level 1:colcon.colcon_core.package_identification:_identify(robot/backup_src/autonomy/4_local/local_bringup) by extensions ['ros']
[0.119s] Level 1:colcon.colcon_core.package_identification:_identify(robot/backup_src/autonomy/4_local/local_bringup) by extension 'ros'
[0.119s] DEBUG:colcon.colcon_core.package_identification:Package 'robot/backup_src/autonomy/4_local/local_bringup' with type 'ros.ament_cmake' and name 'local_bringup'
[0.119s] Level 1:colcon.colcon_core.package_identification:_identify(robot/backup_src/autonomy/5_global) by extensions ['ignore', 'ignore_ament_install']
[0.119s] Level 1:colcon.colcon_core.package_identification:_identify(robot/backup_src/autonomy/5_global) by extension 'ignore'
[0.119s] Level 1:colcon.colcon_core.package_identification:_identify(robot/backup_src/autonomy/5_global) by extension 'ignore_ament_install'
[0.119s] Level 1:colcon.colcon_core.package_identification:_identify(robot/backup_src/autonomy/5_global) by extensions ['colcon_pkg']
[0.119s] Level 1:colcon.colcon_core.package_identification:_identify(robot/backup_src/autonomy/5_global) by extension 'colcon_pkg'
[0.119s] Level 1:colcon.colcon_core.package_identification:_identify(robot/backup_src/autonomy/5_global) by extensions ['colcon_meta']
[0.119s] Level 1:colcon.colcon_core.package_identification:_identify(robot/backup_src/autonomy/5_global) by extension 'colcon_meta'
[0.119s] Level 1:colcon.colcon_core.package_identification:_identify(robot/backup_src/autonomy/5_global) by extensions ['ros']
[0.119s] Level 1:colcon.colcon_core.package_identification:_identify(robot/backup_src/autonomy/5_global) by extension 'ros'
[0.119s] Level 1:colcon.colcon_core.package_identification:_identify(robot/backup_src/autonomy/5_global) by extensions ['cmake', 'python']
[0.119s] Level 1:colcon.colcon_core.package_identification:_identify(robot/backup_src/autonomy/5_global) by extension 'cmake'
[0.119s] Level 1:colcon.colcon_core.package_identification:_identify(robot/backup_src/autonomy/5_global) by extension 'python'
[0.119s] Level 1:colcon.colcon_core.package_identification:_identify(robot/backup_src/autonomy/5_global) by extensions ['python_setup_py']
[0.119s] Level 1:colcon.colcon_core.package_identification:_identify(robot/backup_src/autonomy/5_global) by extension 'python_setup_py'
[0.119s] Level 1:colcon.colcon_core.package_identification:_identify(robot/backup_src/autonomy/5_global/global_bringup) by extensions ['ignore', 'ignore_ament_install']
[0.119s] Level 1:colcon.colcon_core.package_identification:_identify(robot/backup_src/autonomy/5_global/global_bringup) by extension 'ignore'
[0.119s] Level 1:colcon.colcon_core.package_identification:_identify(robot/backup_src/autonomy/5_global/global_bringup) by extension 'ignore_ament_install'
[0.119s] Level 1:colcon.colcon_core.package_identification:_identify(robot/backup_src/autonomy/5_global/global_bringup) by extensions ['colcon_pkg']
[0.119s] Level 1:colcon.colcon_core.package_identification:_identify(robot/backup_src/autonomy/5_global/global_bringup) by extension 'colcon_pkg'
[0.119s] Level 1:colcon.colcon_core.package_identification:_identify(robot/backup_src/autonomy/5_global/global_bringup) by extensions ['colcon_meta']
[0.119s] Level 1:colcon.colcon_core.package_identification:_identify(robot/backup_src/autonomy/5_global/global_bringup) by extension 'colcon_meta'
[0.119s] Level 1:colcon.colcon_core.package_identification:_identify(robot/backup_src/autonomy/5_global/global_bringup) by extensions ['ros']
[0.119s] Level 1:colcon.colcon_core.package_identification:_identify(robot/backup_src/autonomy/5_global/global_bringup) by extension 'ros'
[0.120s] DEBUG:colcon.colcon_core.package_identification:Package 'robot/backup_src/autonomy/5_global/global_bringup' with type 'ros.ament_cmake' and name 'global_bringup'
[0.120s] Level 1:colcon.colcon_core.package_identification:_identify(robot/backup_src/autonomy/6_behavior) by extensions ['ignore', 'ignore_ament_install']
[0.120s] Level 1:colcon.colcon_core.package_identification:_identify(robot/backup_src/autonomy/6_behavior) by extension 'ignore'
[0.120s] Level 1:colcon.colcon_core.package_identification:_identify(robot/backup_src/autonomy/6_behavior) by extension 'ignore_ament_install'
[0.120s] Level 1:colcon.colcon_core.package_identification:_identify(robot/backup_src/autonomy/6_behavior) by extensions ['colcon_pkg']
[0.120s] Level 1:colcon.colcon_core.package_identification:_identify(robot/backup_src/autonomy/6_behavior) by extension 'colcon_pkg'
[0.120s] Level 1:colcon.colcon_core.package_identification:_identify(robot/backup_src/autonomy/6_behavior) by extensions ['colcon_meta']
[0.120s] Level 1:colcon.colcon_core.package_identification:_identify(robot/backup_src/autonomy/6_behavior) by extension 'colcon_meta'
[0.120s] Level 1:colcon.colcon_core.package_identification:_identify(robot/backup_src/autonomy/6_behavior) by extensions ['ros']
[0.120s] Level 1:colcon.colcon_core.package_identification:_identify(robot/backup_src/autonomy/6_behavior) by extension 'ros'
[0.120s] Level 1:colcon.colcon_core.package_identification:_identify(robot/backup_src/autonomy/6_behavior) by extensions ['cmake', 'python']
[0.120s] Level 1:colcon.colcon_core.package_identification:_identify(robot/backup_src/autonomy/6_behavior) by extension 'cmake'
[0.120s] Level 1:colcon.colcon_core.package_identification:_identify(robot/backup_src/autonomy/6_behavior) by extension 'python'
[0.120s] Level 1:colcon.colcon_core.package_identification:_identify(robot/backup_src/autonomy/6_behavior) by extensions ['python_setup_py']
[0.120s] Level 1:colcon.colcon_core.package_identification:_identify(robot/backup_src/autonomy/6_behavior) by extension 'python_setup_py'
[0.120s] Level 1:colcon.colcon_core.package_identification:_identify(robot/backup_src/autonomy/6_behavior/behavior_bringup) by extensions ['ignore', 'ignore_ament_install']
[0.120s] Level 1:colcon.colcon_core.package_identification:_identify(robot/backup_src/autonomy/6_behavior/behavior_bringup) by extension 'ignore'
[0.120s] Level 1:colcon.colcon_core.package_identification:_identify(robot/backup_src/autonomy/6_behavior/behavior_bringup) by extension 'ignore_ament_install'
[0.120s] Level 1:colcon.colcon_core.package_identification:_identify(robot/backup_src/autonomy/6_behavior/behavior_bringup) by extensions ['colcon_pkg']
[0.120s] Level 1:colcon.colcon_core.package_identification:_identify(robot/backup_src/autonomy/6_behavior/behavior_bringup) by extension 'colcon_pkg'
[0.120s] Level 1:colcon.colcon_core.package_identification:_identify(robot/backup_src/autonomy/6_behavior/behavior_bringup) by extensions ['colcon_meta']
[0.120s] Level 1:colcon.colcon_core.package_identification:_identify(robot/backup_src/autonomy/6_behavior/behavior_bringup) by extension 'colcon_meta'
[0.120s] Level 1:colcon.colcon_core.package_identification:_identify(robot/backup_src/autonomy/6_behavior/behavior_bringup) by extensions ['ros']
[0.120s] Level 1:colcon.colcon_core.package_identification:_identify(robot/backup_src/autonomy/6_behavior/behavior_bringup) by extension 'ros'
[0.120s] DEBUG:colcon.colcon_core.package_identification:Package 'robot/backup_src/autonomy/6_behavior/behavior_bringup' with type 'ros.ament_cmake' and name 'behavior_bringup'
[0.120s] Level 1:colcon.colcon_core.package_identification:_identify(robot/backup_src/autonomy/6_behavior/behavior_executive) by extensions ['ignore', 'ignore_ament_install']
[0.120s] Level 1:colcon.colcon_core.package_identification:_identify(robot/backup_src/autonomy/6_behavior/behavior_executive) by extension 'ignore'
[0.120s] Level 1:colcon.colcon_core.package_identification:_identify(robot/backup_src/autonomy/6_behavior/behavior_executive) by extension 'ignore_ament_install'
[0.120s] Level 1:colcon.colcon_core.package_identification:_identify(robot/backup_src/autonomy/6_behavior/behavior_executive) by extensions ['colcon_pkg']
[0.120s] Level 1:colcon.colcon_core.package_identification:_identify(robot/backup_src/autonomy/6_behavior/behavior_executive) by extension 'colcon_pkg'
[0.120s] Level 1:colcon.colcon_core.package_identification:_identify(robot/backup_src/autonomy/6_behavior/behavior_executive) by extensions ['colcon_meta']
[0.120s] Level 1:colcon.colcon_core.package_identification:_identify(robot/backup_src/autonomy/6_behavior/behavior_executive) by extension 'colcon_meta'
[0.120s] Level 1:colcon.colcon_core.package_identification:_identify(robot/backup_src/autonomy/6_behavior/behavior_executive) by extensions ['ros']
[0.120s] Level 1:colcon.colcon_core.package_identification:_identify(robot/backup_src/autonomy/6_behavior/behavior_executive) by extension 'ros'
[0.121s] DEBUG:colcon.colcon_core.package_identification:Package 'robot/backup_src/autonomy/6_behavior/behavior_executive' with type 'ros.ament_cmake' and name 'behavior_executive'
[0.121s] Level 1:colcon.colcon_core.package_identification:_identify(robot/backup_src/autonomy/6_behavior/behavior_tree) by extensions ['ignore', 'ignore_ament_install']
[0.121s] Level 1:colcon.colcon_core.package_identification:_identify(robot/backup_src/autonomy/6_behavior/behavior_tree) by extension 'ignore'
[0.121s] Level 1:colcon.colcon_core.package_identification:_identify(robot/backup_src/autonomy/6_behavior/behavior_tree) by extension 'ignore_ament_install'
[0.121s] Level 1:colcon.colcon_core.package_identification:_identify(robot/backup_src/autonomy/6_behavior/behavior_tree) by extensions ['colcon_pkg']
[0.121s] Level 1:colcon.colcon_core.package_identification:_identify(robot/backup_src/autonomy/6_behavior/behavior_tree) by extension 'colcon_pkg'
[0.121s] Level 1:colcon.colcon_core.package_identification:_identify(robot/backup_src/autonomy/6_behavior/behavior_tree) by extensions ['colcon_meta']
[0.121s] Level 1:colcon.colcon_core.package_identification:_identify(robot/backup_src/autonomy/6_behavior/behavior_tree) by extension 'colcon_meta'
[0.121s] Level 1:colcon.colcon_core.package_identification:_identify(robot/backup_src/autonomy/6_behavior/behavior_tree) by extensions ['ros']
[0.121s] Level 1:colcon.colcon_core.package_identification:_identify(robot/backup_src/autonomy/6_behavior/behavior_tree) by extension 'ros'
[0.121s] DEBUG:colcon.colcon_core.package_identification:Package 'robot/backup_src/autonomy/6_behavior/behavior_tree' with type 'ros.ament_cmake' and name 'behavior_tree'
[0.121s] Level 1:colcon.colcon_core.package_identification:_identify(robot/backup_src/autonomy/6_behavior/rqt_behavior_tree_command) by extensions ['ignore', 'ignore_ament_install']
[0.121s] Level 1:colcon.colcon_core.package_identification:_identify(robot/backup_src/autonomy/6_behavior/rqt_behavior_tree_command) by extension 'ignore'
[0.121s] Level 1:colcon.colcon_core.package_identification:_identify(robot/backup_src/autonomy/6_behavior/rqt_behavior_tree_command) by extension 'ignore_ament_install'
[0.121s] Level 1:colcon.colcon_core.package_identification:_identify(robot/backup_src/autonomy/6_behavior/rqt_behavior_tree_command) by extensions ['colcon_pkg']
[0.121s] Level 1:colcon.colcon_core.package_identification:_identify(robot/backup_src/autonomy/6_behavior/rqt_behavior_tree_command) by extension 'colcon_pkg'
[0.121s] Level 1:colcon.colcon_core.package_identification:_identify(robot/backup_src/autonomy/6_behavior/rqt_behavior_tree_command) by extensions ['colcon_meta']
[0.121s] Level 1:colcon.colcon_core.package_identification:_identify(robot/backup_src/autonomy/6_behavior/rqt_behavior_tree_command) by extension 'colcon_meta'
[0.121s] Level 1:colcon.colcon_core.package_identification:_identify(robot/backup_src/autonomy/6_behavior/rqt_behavior_tree_command) by extensions ['ros']
[0.121s] Level 1:colcon.colcon_core.package_identification:_identify(robot/backup_src/autonomy/6_behavior/rqt_behavior_tree_command) by extension 'ros'
[0.121s] DEBUG:colcon.colcon_core.package_identification:Package 'robot/backup_src/autonomy/6_behavior/rqt_behavior_tree_command' with type 'ros.ament_python' and name 'rqt_behavior_tree_command'
[0.122s] Level 1:colcon.colcon_core.package_identification:_identify(robot/backup_src/autonomy/6_behavior/rqt_fixed_trajectory_generator) by extensions ['ignore', 'ignore_ament_install']
[0.122s] Level 1:colcon.colcon_core.package_identification:_identify(robot/backup_src/autonomy/6_behavior/rqt_fixed_trajectory_generator) by extension 'ignore'
[0.122s] Level 1:colcon.colcon_core.package_identification:_identify(robot/backup_src/autonomy/6_behavior/rqt_fixed_trajectory_generator) by extension 'ignore_ament_install'
[0.122s] Level 1:colcon.colcon_core.package_identification:_identify(robot/backup_src/autonomy/6_behavior/rqt_fixed_trajectory_generator) by extensions ['colcon_pkg']
[0.122s] Level 1:colcon.colcon_core.package_identification:_identify(robot/backup_src/autonomy/6_behavior/rqt_fixed_trajectory_generator) by extension 'colcon_pkg'
[0.122s] Level 1:colcon.colcon_core.package_identification:_identify(robot/backup_src/autonomy/6_behavior/rqt_fixed_trajectory_generator) by extensions ['colcon_meta']
[0.122s] Level 1:colcon.colcon_core.package_identification:_identify(robot/backup_src/autonomy/6_behavior/rqt_fixed_trajectory_generator) by extension 'colcon_meta'
[0.122s] Level 1:colcon.colcon_core.package_identification:_identify(robot/backup_src/autonomy/6_behavior/rqt_fixed_trajectory_generator) by extensions ['ros']
[0.122s] Level 1:colcon.colcon_core.package_identification:_identify(robot/backup_src/autonomy/6_behavior/rqt_fixed_trajectory_generator) by extension 'ros'
[0.122s] DEBUG:colcon.colcon_core.package_identification:Package 'robot/backup_src/autonomy/6_behavior/rqt_fixed_trajectory_generator' with type 'ros.ament_python' and name 'rqt_fixed_trajectory_generator'
[0.122s] Level 1:colcon.colcon_core.package_identification:_identify(robot/backup_src/autonomy/autonomy_bringup) by extensions ['ignore', 'ignore_ament_install']
[0.122s] Level 1:colcon.colcon_core.package_identification:_identify(robot/backup_src/autonomy/autonomy_bringup) by extension 'ignore'
[0.122s] Level 1:colcon.colcon_core.package_identification:_identify(robot/backup_src/autonomy/autonomy_bringup) by extension 'ignore_ament_install'
[0.122s] Level 1:colcon.colcon_core.package_identification:_identify(robot/backup_src/autonomy/autonomy_bringup) by extensions ['colcon_pkg']
[0.122s] Level 1:colcon.colcon_core.package_identification:_identify(robot/backup_src/autonomy/autonomy_bringup) by extension 'colcon_pkg'
[0.122s] Level 1:colcon.colcon_core.package_identification:_identify(robot/backup_src/autonomy/autonomy_bringup) by extensions ['colcon_meta']
[0.122s] Level 1:colcon.colcon_core.package_identification:_identify(robot/backup_src/autonomy/autonomy_bringup) by extension 'colcon_meta'
[0.122s] Level 1:colcon.colcon_core.package_identification:_identify(robot/backup_src/autonomy/autonomy_bringup) by extensions ['ros']
[0.122s] Level 1:colcon.colcon_core.package_identification:_identify(robot/backup_src/autonomy/autonomy_bringup) by extension 'ros'
[0.122s] DEBUG:colcon.colcon_core.package_identification:Package 'robot/backup_src/autonomy/autonomy_bringup' with type 'ros.ament_cmake' and name 'autonomy_bringup'
[0.122s] Level 1:colcon.colcon_core.package_identification:_identify(robot/backup_src/base_urdf) by extensions ['ignore', 'ignore_ament_install']
[0.122s] Level 1:colcon.colcon_core.package_identification:_identify(robot/backup_src/base_urdf) by extension 'ignore'
[0.122s] Level 1:colcon.colcon_core.package_identification:_identify(robot/backup_src/base_urdf) by extension 'ignore_ament_install'
[0.122s] Level 1:colcon.colcon_core.package_identification:_identify(robot/backup_src/base_urdf) by extensions ['colcon_pkg']
[0.122s] Level 1:colcon.colcon_core.package_identification:_identify(robot/backup_src/base_urdf) by extension 'colcon_pkg'
[0.122s] Level 1:colcon.colcon_core.package_identification:_identify(robot/backup_src/base_urdf) by extensions ['colcon_meta']
[0.122s] Level 1:colcon.colcon_core.package_identification:_identify(robot/backup_src/base_urdf) by extension 'colcon_meta'
[0.122s] Level 1:colcon.colcon_core.package_identification:_identify(robot/backup_src/base_urdf) by extensions ['ros']
[0.122s] Level 1:colcon.colcon_core.package_identification:_identify(robot/backup_src/base_urdf) by extension 'ros'
[0.122s] DEBUG:colcon.colcon_core.package_identification:Package 'robot/backup_src/base_urdf' with type 'ros.ament_cmake' and name 'base_urdf'
[0.123s] Level 1:colcon.colcon_core.package_identification:_identify(robot/backup_src/build) by extensions ['ignore', 'ignore_ament_install']
[0.123s] Level 1:colcon.colcon_core.package_identification:_identify(robot/backup_src/build) by extension 'ignore'
[0.123s] Level 1:colcon.colcon_core.package_identification:_identify(robot/backup_src/build) ignored
[0.123s] Level 1:colcon.colcon_core.package_identification:_identify(robot/backup_src/common) by extensions ['ignore', 'ignore_ament_install']
[0.123s] Level 1:colcon.colcon_core.package_identification:_identify(robot/backup_src/common) by extension 'ignore'
[0.123s] Level 1:colcon.colcon_core.package_identification:_identify(robot/backup_src/common) by extension 'ignore_ament_install'
[0.123s] Level 1:colcon.colcon_core.package_identification:_identify(robot/backup_src/common) by extensions ['colcon_pkg']
[0.123s] Level 1:colcon.colcon_core.package_identification:_identify(robot/backup_src/common) by extension 'colcon_pkg'
[0.123s] Level 1:colcon.colcon_core.package_identification:_identify(robot/backup_src/common) by extensions ['colcon_meta']
[0.123s] Level 1:colcon.colcon_core.package_identification:_identify(robot/backup_src/common) by extension 'colcon_meta'
[0.123s] Level 1:colcon.colcon_core.package_identification:_identify(robot/backup_src/common) by extensions ['ros']
[0.123s] Level 1:colcon.colcon_core.package_identification:_identify(robot/backup_src/common) by extension 'ros'
[0.123s] Level 1:colcon.colcon_core.package_identification:_identify(robot/backup_src/common) by extensions ['cmake', 'python']
[0.123s] Level 1:colcon.colcon_core.package_identification:_identify(robot/backup_src/common) by extension 'cmake'
[0.123s] Level 1:colcon.colcon_core.package_identification:_identify(robot/backup_src/common) by extension 'python'
[0.123s] Level 1:colcon.colcon_core.package_identification:_identify(robot/backup_src/common) by extensions ['python_setup_py']
[0.123s] Level 1:colcon.colcon_core.package_identification:_identify(robot/backup_src/common) by extension 'python_setup_py'
[0.123s] Level 1:colcon.colcon_core.package_identification:_identify(robot/backup_src/common/autolab_common) by extensions ['ignore', 'ignore_ament_install']
[0.123s] Level 1:colcon.colcon_core.package_identification:_identify(robot/backup_src/common/autolab_common) by extension 'ignore'
[0.123s] Level 1:colcon.colcon_core.package_identification:_identify(robot/backup_src/common/autolab_common) by extension 'ignore_ament_install'
[0.123s] Level 1:colcon.colcon_core.package_identification:_identify(robot/backup_src/common/autolab_common) by extensions ['colcon_pkg']
[0.123s] Level 1:colcon.colcon_core.package_identification:_identify(robot/backup_src/common/autolab_common) by extension 'colcon_pkg'
[0.123s] Level 1:colcon.colcon_core.package_identification:_identify(robot/backup_src/common/autolab_common) by extensions ['colcon_meta']
[0.123s] Level 1:colcon.colcon_core.package_identification:_identify(robot/backup_src/common/autolab_common) by extension 'colcon_meta'
[0.123s] Level 1:colcon.colcon_core.package_identification:_identify(robot/backup_src/common/autolab_common) by extensions ['ros']
[0.123s] Level 1:colcon.colcon_core.package_identification:_identify(robot/backup_src/common/autolab_common) by extension 'ros'
[0.123s] DEBUG:colcon.colcon_core.package_identification:Package 'robot/backup_src/common/autolab_common' with type 'ros.ament_cmake' and name 'autolab_common'
[0.123s] Level 1:colcon.colcon_core.package_identification:_identify(robot/backup_src/common/autolab_msgs) by extensions ['ignore', 'ignore_ament_install']
[0.123s] Level 1:colcon.colcon_core.package_identification:_identify(robot/backup_src/common/autolab_msgs) by extension 'ignore'
[0.123s] Level 1:colcon.colcon_core.package_identification:_identify(robot/backup_src/common/autolab_msgs) by extension 'ignore_ament_install'
[0.123s] Level 1:colcon.colcon_core.package_identification:_identify(robot/backup_src/common/autolab_msgs) by extensions ['colcon_pkg']
[0.123s] Level 1:colcon.colcon_core.package_identification:_identify(robot/backup_src/common/autolab_msgs) by extension 'colcon_pkg'
[0.123s] Level 1:colcon.colcon_core.package_identification:_identify(robot/backup_src/common/autolab_msgs) by extensions ['colcon_meta']
[0.123s] Level 1:colcon.colcon_core.package_identification:_identify(robot/backup_src/common/autolab_msgs) by extension 'colcon_meta'
[0.123s] Level 1:colcon.colcon_core.package_identification:_identify(robot/backup_src/common/autolab_msgs) by extensions ['ros']
[0.123s] Level 1:colcon.colcon_core.package_identification:_identify(robot/backup_src/common/autolab_msgs) by extension 'ros'
[0.124s] DEBUG:colcon.colcon_core.package_identification:Package 'robot/backup_src/common/autolab_msgs' with type 'ros.ament_cmake' and name 'autolab_msgs'
[0.124s] Level 1:colcon.colcon_core.package_identification:_identify(robot/backup_src/common/bag_recorder_pid) by extensions ['ignore', 'ignore_ament_install']
[0.124s] Level 1:colcon.colcon_core.package_identification:_identify(robot/backup_src/common/bag_recorder_pid) by extension 'ignore'
[0.124s] Level 1:colcon.colcon_core.package_identification:_identify(robot/backup_src/common/bag_recorder_pid) by extension 'ignore_ament_install'
[0.124s] Level 1:colcon.colcon_core.package_identification:_identify(robot/backup_src/common/bag_recorder_pid) by extensions ['colcon_pkg']
[0.124s] Level 1:colcon.colcon_core.package_identification:_identify(robot/backup_src/common/bag_recorder_pid) by extension 'colcon_pkg'
[0.124s] Level 1:colcon.colcon_core.package_identification:_identify(robot/backup_src/common/bag_recorder_pid) by extensions ['colcon_meta']
[0.124s] Level 1:colcon.colcon_core.package_identification:_identify(robot/backup_src/common/bag_recorder_pid) by extension 'colcon_meta'
[0.124s] Level 1:colcon.colcon_core.package_identification:_identify(robot/backup_src/common/bag_recorder_pid) by extensions ['ros']
[0.124s] Level 1:colcon.colcon_core.package_identification:_identify(robot/backup_src/common/bag_recorder_pid) by extension 'ros'
[0.124s] DEBUG:colcon.colcon_core.package_identification:Package 'robot/backup_src/common/bag_recorder_pid' with type 'ros.ament_python' and name 'bag_record_pid'
[0.124s] Level 1:colcon.colcon_core.package_identification:_identify(robot/backup_src/common/behavior_tree_msgs) by extensions ['ignore', 'ignore_ament_install']
[0.124s] Level 1:colcon.colcon_core.package_identification:_identify(robot/backup_src/common/behavior_tree_msgs) by extension 'ignore'
[0.124s] Level 1:colcon.colcon_core.package_identification:_identify(robot/backup_src/common/behavior_tree_msgs) by extension 'ignore_ament_install'
[0.124s] Level 1:colcon.colcon_core.package_identification:_identify(robot/backup_src/common/behavior_tree_msgs) by extensions ['colcon_pkg']
[0.124s] Level 1:colcon.colcon_core.package_identification:_identify(robot/backup_src/common/behavior_tree_msgs) by extension 'colcon_pkg'
[0.124s] Level 1:colcon.colcon_core.package_identification:_identify(robot/backup_src/common/behavior_tree_msgs) by extensions ['colcon_meta']
[0.124s] Level 1:colcon.colcon_core.package_identification:_identify(robot/backup_src/common/behavior_tree_msgs) by extension 'colcon_meta'
[0.124s] Level 1:colcon.colcon_core.package_identification:_identify(robot/backup_src/common/behavior_tree_msgs) by extensions ['ros']
[0.124s] Level 1:colcon.colcon_core.package_identification:_identify(robot/backup_src/common/behavior_tree_msgs) by extension 'ros'
[0.124s] DEBUG:colcon.colcon_core.package_identification:Package 'robot/backup_src/common/behavior_tree_msgs' with type 'ros.ament_cmake' and name 'behavior_tree_msgs'
[0.124s] Level 1:colcon.colcon_core.package_identification:_identify(robot/backup_src/common/robot_descriptions) by extensions ['ignore', 'ignore_ament_install']
[0.124s] Level 1:colcon.colcon_core.package_identification:_identify(robot/backup_src/common/robot_descriptions) by extension 'ignore'
[0.124s] Level 1:colcon.colcon_core.package_identification:_identify(robot/backup_src/common/robot_descriptions) by extension 'ignore_ament_install'
[0.124s] Level 1:colcon.colcon_core.package_identification:_identify(robot/backup_src/common/robot_descriptions) by extensions ['colcon_pkg']
[0.124s] Level 1:colcon.colcon_core.package_identification:_identify(robot/backup_src/common/robot_descriptions) by extension 'colcon_pkg'
[0.124s] Level 1:colcon.colcon_core.package_identification:_identify(robot/backup_src/common/robot_descriptions) by extensions ['colcon_meta']
[0.124s] Level 1:colcon.colcon_core.package_identification:_identify(robot/backup_src/common/robot_descriptions) by extension 'colcon_meta'
[0.124s] Level 1:colcon.colcon_core.package_identification:_identify(robot/backup_src/common/robot_descriptions) by extensions ['ros']
[0.124s] Level 1:colcon.colcon_core.package_identification:_identify(robot/backup_src/common/robot_descriptions) by extension 'ros'
[0.124s] Level 1:colcon.colcon_core.package_identification:_identify(robot/backup_src/common/robot_descriptions) by extensions ['cmake', 'python']
[0.124s] Level 1:colcon.colcon_core.package_identification:_identify(robot/backup_src/common/robot_descriptions) by extension 'cmake'
[0.124s] Level 1:colcon.colcon_core.package_identification:_identify(robot/backup_src/common/robot_descriptions) by extension 'python'
[0.124s] Level 1:colcon.colcon_core.package_identification:_identify(robot/backup_src/common/robot_descriptions) by extensions ['python_setup_py']
[0.124s] Level 1:colcon.colcon_core.package_identification:_identify(robot/backup_src/common/robot_descriptions) by extension 'python_setup_py'
[0.125s] Level 1:colcon.colcon_core.package_identification:_identify(robot/backup_src/common/robot_descriptions/iris_with_sensors_description) by extensions ['ignore', 'ignore_ament_install']
[0.125s] Level 1:colcon.colcon_core.package_identification:_identify(robot/backup_src/common/robot_descriptions/iris_with_sensors_description) by extension 'ignore'
[0.125s] Level 1:colcon.colcon_core.package_identification:_identify(robot/backup_src/common/robot_descriptions/iris_with_sensors_description) by extension 'ignore_ament_install'
[0.125s] Level 1:colcon.colcon_core.package_identification:_identify(robot/backup_src/common/robot_descriptions/iris_with_sensors_description) by extensions ['colcon_pkg']
[0.125s] Level 1:colcon.colcon_core.package_identification:_identify(robot/backup_src/common/robot_descriptions/iris_with_sensors_description) by extension 'colcon_pkg'
[0.125s] Level 1:colcon.colcon_core.package_identification:_identify(robot/backup_src/common/robot_descriptions/iris_with_sensors_description) by extensions ['colcon_meta']
[0.125s] Level 1:colcon.colcon_core.package_identification:_identify(robot/backup_src/common/robot_descriptions/iris_with_sensors_description) by extension 'colcon_meta'
[0.125s] Level 1:colcon.colcon_core.package_identification:_identify(robot/backup_src/common/robot_descriptions/iris_with_sensors_description) by extensions ['ros']
[0.125s] Level 1:colcon.colcon_core.package_identification:_identify(robot/backup_src/common/robot_descriptions/iris_with_sensors_description) by extension 'ros'
[0.125s] DEBUG:colcon.colcon_core.package_identification:Package 'robot/backup_src/common/robot_descriptions/iris_with_sensors_description' with type 'ros.ament_cmake' and name 'iris_with_sensors_description'
[0.125s] Level 1:colcon.colcon_core.package_identification:_identify(robot/backup_src/common/rqt_behavior_tree) by extensions ['ignore', 'ignore_ament_install']
[0.125s] Level 1:colcon.colcon_core.package_identification:_identify(robot/backup_src/common/rqt_behavior_tree) by extension 'ignore'
[0.125s] Level 1:colcon.colcon_core.package_identification:_identify(robot/backup_src/common/rqt_behavior_tree) by extension 'ignore_ament_install'
[0.125s] Level 1:colcon.colcon_core.package_identification:_identify(robot/backup_src/common/rqt_behavior_tree) by extensions ['colcon_pkg']
[0.125s] Level 1:colcon.colcon_core.package_identification:_identify(robot/backup_src/common/rqt_behavior_tree) by extension 'colcon_pkg'
[0.125s] Level 1:colcon.colcon_core.package_identification:_identify(robot/backup_src/common/rqt_behavior_tree) by extensions ['colcon_meta']
[0.125s] Level 1:colcon.colcon_core.package_identification:_identify(robot/backup_src/common/rqt_behavior_tree) by extension 'colcon_meta'
[0.125s] Level 1:colcon.colcon_core.package_identification:_identify(robot/backup_src/common/rqt_behavior_tree) by extensions ['ros']
[0.125s] Level 1:colcon.colcon_core.package_identification:_identify(robot/backup_src/common/rqt_behavior_tree) by extension 'ros'
[0.125s] DEBUG:colcon.colcon_core.package_identification:Package 'robot/backup_src/common/rqt_behavior_tree' with type 'ros.ament_python' and name 'rqt_behavior_tree'
[0.125s] Level 1:colcon.colcon_core.package_identification:_identify(robot/backup_src/common/rviz_behavior_tree_panel) by extensions ['ignore', 'ignore_ament_install']
[0.125s] Level 1:colcon.colcon_core.package_identification:_identify(robot/backup_src/common/rviz_behavior_tree_panel) by extension 'ignore'
[0.125s] Level 1:colcon.colcon_core.package_identification:_identify(robot/backup_src/common/rviz_behavior_tree_panel) by extension 'ignore_ament_install'
[0.125s] Level 1:colcon.colcon_core.package_identification:_identify(robot/backup_src/common/rviz_behavior_tree_panel) by extensions ['colcon_pkg']
[0.125s] Level 1:colcon.colcon_core.package_identification:_identify(robot/backup_src/common/rviz_behavior_tree_panel) by extension 'colcon_pkg'
[0.125s] Level 1:colcon.colcon_core.package_identification:_identify(robot/backup_src/common/rviz_behavior_tree_panel) by extensions ['colcon_meta']
[0.125s] Level 1:colcon.colcon_core.package_identification:_identify(robot/backup_src/common/rviz_behavior_tree_panel) by extension 'colcon_meta'
[0.125s] Level 1:colcon.colcon_core.package_identification:_identify(robot/backup_src/common/rviz_behavior_tree_panel) by extensions ['ros']
[0.125s] Level 1:colcon.colcon_core.package_identification:_identify(robot/backup_src/common/rviz_behavior_tree_panel) by extension 'ros'
[0.126s] DEBUG:colcon.colcon_core.package_identification:Package 'robot/backup_src/common/rviz_behavior_tree_panel' with type 'ros.ament_cmake' and name 'rviz_behavior_tree_panel'
[0.126s] Level 1:colcon.colcon_core.package_identification:_identify(robot/backup_src/demo_bot_moveit_config) by extensions ['ignore', 'ignore_ament_install']
[0.126s] Level 1:colcon.colcon_core.package_identification:_identify(robot/backup_src/demo_bot_moveit_config) by extension 'ignore'
[0.126s] Level 1:colcon.colcon_core.package_identification:_identify(robot/backup_src/demo_bot_moveit_config) by extension 'ignore_ament_install'
[0.126s] Level 1:colcon.colcon_core.package_identification:_identify(robot/backup_src/demo_bot_moveit_config) by extensions ['colcon_pkg']
[0.126s] Level 1:colcon.colcon_core.package_identification:_identify(robot/backup_src/demo_bot_moveit_config) by extension 'colcon_pkg'
[0.126s] Level 1:colcon.colcon_core.package_identification:_identify(robot/backup_src/demo_bot_moveit_config) by extensions ['colcon_meta']
[0.126s] Level 1:colcon.colcon_core.package_identification:_identify(robot/backup_src/demo_bot_moveit_config) by extension 'colcon_meta'
[0.126s] Level 1:colcon.colcon_core.package_identification:_identify(robot/backup_src/demo_bot_moveit_config) by extensions ['ros']
[0.126s] Level 1:colcon.colcon_core.package_identification:_identify(robot/backup_src/demo_bot_moveit_config) by extension 'ros'
[0.126s] DEBUG:colcon.colcon_core.package_identification:Package 'robot/backup_src/demo_bot_moveit_config' with type 'ros.ament_cmake' and name 'demo_bot_moveit_config'
[0.126s] Level 1:colcon.colcon_core.package_identification:_identify(robot/backup_src/install) by extensions ['ignore', 'ignore_ament_install']
[0.126s] Level 1:colcon.colcon_core.package_identification:_identify(robot/backup_src/install) by extension 'ignore'
[0.126s] Level 1:colcon.colcon_core.package_identification:_identify(robot/backup_src/install) ignored
[0.126s] Level 1:colcon.colcon_core.package_identification:_identify(robot/backup_src/log) by extensions ['ignore', 'ignore_ament_install']
[0.126s] Level 1:colcon.colcon_core.package_identification:_identify(robot/backup_src/log) by extension 'ignore'
[0.126s] Level 1:colcon.colcon_core.package_identification:_identify(robot/backup_src/log) ignored
[0.126s] Level 1:colcon.colcon_core.package_identification:_identify(robot/backup_src/logging) by extensions ['ignore', 'ignore_ament_install']
[0.126s] Level 1:colcon.colcon_core.package_identification:_identify(robot/backup_src/logging) by extension 'ignore'
[0.126s] Level 1:colcon.colcon_core.package_identification:_identify(robot/backup_src/logging) by extension 'ignore_ament_install'
[0.126s] Level 1:colcon.colcon_core.package_identification:_identify(robot/backup_src/logging) by extensions ['colcon_pkg']
[0.126s] Level 1:colcon.colcon_core.package_identification:_identify(robot/backup_src/logging) by extension 'colcon_pkg'
[0.126s] Level 1:colcon.colcon_core.package_identification:_identify(robot/backup_src/logging) by extensions ['colcon_meta']
[0.126s] Level 1:colcon.colcon_core.package_identification:_identify(robot/backup_src/logging) by extension 'colcon_meta'
[0.126s] Level 1:colcon.colcon_core.package_identification:_identify(robot/backup_src/logging) by extensions ['ros']
[0.126s] Level 1:colcon.colcon_core.package_identification:_identify(robot/backup_src/logging) by extension 'ros'
[0.126s] Level 1:colcon.colcon_core.package_identification:_identify(robot/backup_src/logging) by extensions ['cmake', 'python']
[0.126s] Level 1:colcon.colcon_core.package_identification:_identify(robot/backup_src/logging) by extension 'cmake'
[0.126s] Level 1:colcon.colcon_core.package_identification:_identify(robot/backup_src/logging) by extension 'python'
[0.126s] Level 1:colcon.colcon_core.package_identification:_identify(robot/backup_src/logging) by extensions ['python_setup_py']
[0.126s] Level 1:colcon.colcon_core.package_identification:_identify(robot/backup_src/logging) by extension 'python_setup_py'
[0.126s] Level 1:colcon.colcon_core.package_identification:_identify(robot/backup_src/logging/logging_bringup) by extensions ['ignore', 'ignore_ament_install']
[0.126s] Level 1:colcon.colcon_core.package_identification:_identify(robot/backup_src/logging/logging_bringup) by extension 'ignore'
[0.126s] Level 1:colcon.colcon_core.package_identification:_identify(robot/backup_src/logging/logging_bringup) by extension 'ignore_ament_install'
[0.126s] Level 1:colcon.colcon_core.package_identification:_identify(robot/backup_src/logging/logging_bringup) by extensions ['colcon_pkg']
[0.126s] Level 1:colcon.colcon_core.package_identification:_identify(robot/backup_src/logging/logging_bringup) by extension 'colcon_pkg'
[0.126s] Level 1:colcon.colcon_core.package_identification:_identify(robot/backup_src/logging/logging_bringup) by extensions ['colcon_meta']
[0.126s] Level 1:colcon.colcon_core.package_identification:_identify(robot/backup_src/logging/logging_bringup) by extension 'colcon_meta'
[0.126s] Level 1:colcon.colcon_core.package_identification:_identify(robot/backup_src/logging/logging_bringup) by extensions ['ros']
[0.126s] Level 1:colcon.colcon_core.package_identification:_identify(robot/backup_src/logging/logging_bringup) by extension 'ros'
[0.127s] DEBUG:colcon.colcon_core.package_identification:Package 'robot/backup_src/logging/logging_bringup' with type 'ros.ament_cmake' and name 'logging_bringup'
[0.127s] Level 1:colcon.colcon_core.package_identification:_identify(robot/backup_src/robot_bringup) by extensions ['ignore', 'ignore_ament_install']
[0.127s] Level 1:colcon.colcon_core.package_identification:_identify(robot/backup_src/robot_bringup) by extension 'ignore'
[0.127s] Level 1:colcon.colcon_core.package_identification:_identify(robot/backup_src/robot_bringup) by extension 'ignore_ament_install'
[0.127s] Level 1:colcon.colcon_core.package_identification:_identify(robot/backup_src/robot_bringup) by extensions ['colcon_pkg']
[0.127s] Level 1:colcon.colcon_core.package_identification:_identify(robot/backup_src/robot_bringup) by extension 'colcon_pkg'
[0.127s] Level 1:colcon.colcon_core.package_identification:_identify(robot/backup_src/robot_bringup) by extensions ['colcon_meta']
[0.127s] Level 1:colcon.colcon_core.package_identification:_identify(robot/backup_src/robot_bringup) by extension 'colcon_meta'
[0.127s] Level 1:colcon.colcon_core.package_identification:_identify(robot/backup_src/robot_bringup) by extensions ['ros']
[0.127s] Level 1:colcon.colcon_core.package_identification:_identify(robot/backup_src/robot_bringup) by extension 'ros'
[0.127s] DEBUG:colcon.colcon_core.package_identification:Package 'robot/backup_src/robot_bringup' with type 'ros.ament_cmake' and name 'robot_bringup'
[0.127s] Level 1:colcon.colcon_core.package_identification:_identify(robot/docker) by extensions ['ignore', 'ignore_ament_install']
[0.127s] Level 1:colcon.colcon_core.package_identification:_identify(robot/docker) by extension 'ignore'
[0.127s] Level 1:colcon.colcon_core.package_identification:_identify(robot/docker) by extension 'ignore_ament_install'
[0.127s] Level 1:colcon.colcon_core.package_identification:_identify(robot/docker) by extensions ['colcon_pkg']
[0.127s] Level 1:colcon.colcon_core.package_identification:_identify(robot/docker) by extension 'colcon_pkg'
[0.127s] Level 1:colcon.colcon_core.package_identification:_identify(robot/docker) by extensions ['colcon_meta']
[0.127s] Level 1:colcon.colcon_core.package_identification:_identify(robot/docker) by extension 'colcon_meta'
[0.127s] Level 1:colcon.colcon_core.package_identification:_identify(robot/docker) by extensions ['ros']
[0.127s] Level 1:colcon.colcon_core.package_identification:_identify(robot/docker) by extension 'ros'
[0.127s] Level 1:colcon.colcon_core.package_identification:_identify(robot/docker) by extensions ['cmake', 'python']
[0.127s] Level 1:colcon.colcon_core.package_identification:_identify(robot/docker) by extension 'cmake'
[0.127s] Level 1:colcon.colcon_core.package_identification:_identify(robot/docker) by extension 'python'
[0.127s] Level 1:colcon.colcon_core.package_identification:_identify(robot/docker) by extensions ['python_setup_py']
[0.127s] Level 1:colcon.colcon_core.package_identification:_identify(robot/docker) by extension 'python_setup_py'
[0.127s] Level 1:colcon.colcon_core.package_identification:_identify(robot/docker/zed) by extensions ['ignore', 'ignore_ament_install']
[0.127s] Level 1:colcon.colcon_core.package_identification:_identify(robot/docker/zed) by extension 'ignore'
[0.127s] Level 1:colcon.colcon_core.package_identification:_identify(robot/docker/zed) by extension 'ignore_ament_install'
[0.127s] Level 1:colcon.colcon_core.package_identification:_identify(robot/docker/zed) by extensions ['colcon_pkg']
[0.127s] Level 1:colcon.colcon_core.package_identification:_identify(robot/docker/zed) by extension 'colcon_pkg'
[0.127s] Level 1:colcon.colcon_core.package_identification:_identify(robot/docker/zed) by extensions ['colcon_meta']
[0.127s] Level 1:colcon.colcon_core.package_identification:_identify(robot/docker/zed) by extension 'colcon_meta'
[0.127s] Level 1:colcon.colcon_core.package_identification:_identify(robot/docker/zed) by extensions ['ros']
[0.127s] Level 1:colcon.colcon_core.package_identification:_identify(robot/docker/zed) by extension 'ros'
[0.127s] Level 1:colcon.colcon_core.package_identification:_identify(robot/docker/zed) by extensions ['cmake', 'python']
[0.127s] Level 1:colcon.colcon_core.package_identification:_identify(robot/docker/zed) by extension 'cmake'
[0.127s] Level 1:colcon.colcon_core.package_identification:_identify(robot/docker/zed) by extension 'python'
[0.127s] Level 1:colcon.colcon_core.package_identification:_identify(robot/docker/zed) by extensions ['python_setup_py']
[0.127s] Level 1:colcon.colcon_core.package_identification:_identify(robot/docker/zed) by extension 'python_setup_py'
[0.127s] Level 1:colcon.colcon_core.package_identification:_identify(robot/docker/zed/ws) by extensions ['ignore', 'ignore_ament_install']
[0.127s] Level 1:colcon.colcon_core.package_identification:_identify(robot/docker/zed/ws) by extension 'ignore'
[0.127s] Level 1:colcon.colcon_core.package_identification:_identify(robot/docker/zed/ws) by extension 'ignore_ament_install'
[0.127s] Level 1:colcon.colcon_core.package_identification:_identify(robot/docker/zed/ws) by extensions ['colcon_pkg']
[0.127s] Level 1:colcon.colcon_core.package_identification:_identify(robot/docker/zed/ws) by extension 'colcon_pkg'
[0.127s] Level 1:colcon.colcon_core.package_identification:_identify(robot/docker/zed/ws) by extensions ['colcon_meta']
[0.127s] Level 1:colcon.colcon_core.package_identification:_identify(robot/docker/zed/ws) by extension 'colcon_meta'
[0.127s] Level 1:colcon.colcon_core.package_identification:_identify(robot/docker/zed/ws) by extensions ['ros']
[0.127s] Level 1:colcon.colcon_core.package_identification:_identify(robot/docker/zed/ws) by extension 'ros'
[0.127s] Level 1:colcon.colcon_core.package_identification:_identify(robot/docker/zed/ws) by extensions ['cmake', 'python']
[0.127s] Level 1:colcon.colcon_core.package_identification:_identify(robot/docker/zed/ws) by extension 'cmake'
[0.127s] Level 1:colcon.colcon_core.package_identification:_identify(robot/docker/zed/ws) by extension 'python'
[0.127s] Level 1:colcon.colcon_core.package_identification:_identify(robot/docker/zed/ws) by extensions ['python_setup_py']
[0.127s] Level 1:colcon.colcon_core.package_identification:_identify(robot/docker/zed/ws) by extension 'python_setup_py'
[0.127s] Level 1:colcon.colcon_core.package_identification:_identify(robot/docker/zed/ws/src) by extensions ['ignore', 'ignore_ament_install']
[0.128s] Level 1:colcon.colcon_core.package_identification:_identify(robot/docker/zed/ws/src) by extension 'ignore'
[0.128s] Level 1:colcon.colcon_core.package_identification:_identify(robot/docker/zed/ws/src) by extension 'ignore_ament_install'
[0.128s] Level 1:colcon.colcon_core.package_identification:_identify(robot/docker/zed/ws/src) by extensions ['colcon_pkg']
[0.128s] Level 1:colcon.colcon_core.package_identification:_identify(robot/docker/zed/ws/src) by extension 'colcon_pkg'
[0.128s] Level 1:colcon.colcon_core.package_identification:_identify(robot/docker/zed/ws/src) by extensions ['colcon_meta']
[0.128s] Level 1:colcon.colcon_core.package_identification:_identify(robot/docker/zed/ws/src) by extension 'colcon_meta'
[0.128s] Level 1:colcon.colcon_core.package_identification:_identify(robot/docker/zed/ws/src) by extensions ['ros']
[0.128s] Level 1:colcon.colcon_core.package_identification:_identify(robot/docker/zed/ws/src) by extension 'ros'
[0.128s] Level 1:colcon.colcon_core.package_identification:_identify(robot/docker/zed/ws/src) by extensions ['cmake', 'python']
[0.128s] Level 1:colcon.colcon_core.package_identification:_identify(robot/docker/zed/ws/src) by extension 'cmake'
[0.128s] Level 1:colcon.colcon_core.package_identification:_identify(robot/docker/zed/ws/src) by extension 'python'
[0.128s] Level 1:colcon.colcon_core.package_identification:_identify(robot/docker/zed/ws/src) by extensions ['python_setup_py']
[0.128s] Level 1:colcon.colcon_core.package_identification:_identify(robot/docker/zed/ws/src) by extension 'python_setup_py'
[0.128s] Level 1:colcon.colcon_core.package_identification:_identify(robot/docker/zed/ws/src/zed_wrapper) by extensions ['ignore', 'ignore_ament_install']
[0.128s] Level 1:colcon.colcon_core.package_identification:_identify(robot/docker/zed/ws/src/zed_wrapper) by extension 'ignore'
[0.128s] Level 1:colcon.colcon_core.package_identification:_identify(robot/docker/zed/ws/src/zed_wrapper) by extension 'ignore_ament_install'
[0.128s] Level 1:colcon.colcon_core.package_identification:_identify(robot/docker/zed/ws/src/zed_wrapper) by extensions ['colcon_pkg']
[0.128s] Level 1:colcon.colcon_core.package_identification:_identify(robot/docker/zed/ws/src/zed_wrapper) by extension 'colcon_pkg'
[0.128s] Level 1:colcon.colcon_core.package_identification:_identify(robot/docker/zed/ws/src/zed_wrapper) by extensions ['colcon_meta']
[0.128s] Level 1:colcon.colcon_core.package_identification:_identify(robot/docker/zed/ws/src/zed_wrapper) by extension 'colcon_meta'
[0.128s] Level 1:colcon.colcon_core.package_identification:_identify(robot/docker/zed/ws/src/zed_wrapper) by extensions ['ros']
[0.128s] Level 1:colcon.colcon_core.package_identification:_identify(robot/docker/zed/ws/src/zed_wrapper) by extension 'ros'
[0.128s] DEBUG:colcon.colcon_core.package_identification:Package 'robot/docker/zed/ws/src/zed_wrapper' with type 'ros.ament_cmake' and name 'zed_wrapper'
[0.128s] Level 1:colcon.colcon_core.package_identification:_identify(robot/ros_ws) by extensions ['ignore', 'ignore_ament_install']
[0.128s] Level 1:colcon.colcon_core.package_identification:_identify(robot/ros_ws) by extension 'ignore'
[0.128s] Level 1:colcon.colcon_core.package_identification:_identify(robot/ros_ws) by extension 'ignore_ament_install'
[0.128s] Level 1:colcon.colcon_core.package_identification:_identify(robot/ros_ws) by extensions ['colcon_pkg']
[0.128s] Level 1:colcon.colcon_core.package_identification:_identify(robot/ros_ws) by extension 'colcon_pkg'
[0.128s] Level 1:colcon.colcon_core.package_identification:_identify(robot/ros_ws) by extensions ['colcon_meta']
[0.128s] Level 1:colcon.colcon_core.package_identification:_identify(robot/ros_ws) by extension 'colcon_meta'
[0.128s] Level 1:colcon.colcon_core.package_identification:_identify(robot/ros_ws) by extensions ['ros']
[0.128s] Level 1:colcon.colcon_core.package_identification:_identify(robot/ros_ws) by extension 'ros'
[0.128s] Level 1:colcon.colcon_core.package_identification:_identify(robot/ros_ws) by extensions ['cmake', 'python']
[0.128s] Level 1:colcon.colcon_core.package_identification:_identify(robot/ros_ws) by extension 'cmake'
[0.128s] Level 1:colcon.colcon_core.package_identification:_identify(robot/ros_ws) by extension 'python'
[0.128s] Level 1:colcon.colcon_core.package_identification:_identify(robot/ros_ws) by extensions ['python_setup_py']
[0.128s] Level 1:colcon.colcon_core.package_identification:_identify(robot/ros_ws) by extension 'python_setup_py'
[0.128s] Level 1:colcon.colcon_core.package_identification:_identify(robot/ros_ws/backup) by extensions ['ignore', 'ignore_ament_install']
[0.128s] Level 1:colcon.colcon_core.package_identification:_identify(robot/ros_ws/backup) by extension 'ignore'
[0.128s] Level 1:colcon.colcon_core.package_identification:_identify(robot/ros_ws/backup) by extension 'ignore_ament_install'
[0.128s] Level 1:colcon.colcon_core.package_identification:_identify(robot/ros_ws/backup) by extensions ['colcon_pkg']
[0.128s] Level 1:colcon.colcon_core.package_identification:_identify(robot/ros_ws/backup) by extension 'colcon_pkg'
[0.128s] Level 1:colcon.colcon_core.package_identification:_identify(robot/ros_ws/backup) by extensions ['colcon_meta']
[0.128s] Level 1:colcon.colcon_core.package_identification:_identify(robot/ros_ws/backup) by extension 'colcon_meta'
[0.128s] Level 1:colcon.colcon_core.package_identification:_identify(robot/ros_ws/backup) by extensions ['ros']
[0.128s] Level 1:colcon.colcon_core.package_identification:_identify(robot/ros_ws/backup) by extension 'ros'
[0.129s] Level 1:colcon.colcon_core.package_identification:_identify(robot/ros_ws/backup) by extensions ['cmake', 'python']
[0.129s] Level 1:colcon.colcon_core.package_identification:_identify(robot/ros_ws/backup) by extension 'cmake'
[0.129s] Level 1:colcon.colcon_core.package_identification:_identify(robot/ros_ws/backup) by extension 'python'
[0.129s] Level 1:colcon.colcon_core.package_identification:_identify(robot/ros_ws/backup) by extensions ['python_setup_py']
[0.129s] Level 1:colcon.colcon_core.package_identification:_identify(robot/ros_ws/backup) by extension 'python_setup_py'
[0.129s] Level 1:colcon.colcon_core.package_identification:_identify(robot/ros_ws/build) by extensions ['ignore', 'ignore_ament_install']
[0.129s] Level 1:colcon.colcon_core.package_identification:_identify(robot/ros_ws/build) by extension 'ignore'
[0.129s] Level 1:colcon.colcon_core.package_identification:_identify(robot/ros_ws/build) ignored
[0.129s] Level 1:colcon.colcon_core.package_identification:_identify(robot/ros_ws/install) by extensions ['ignore', 'ignore_ament_install']
[0.129s] Level 1:colcon.colcon_core.package_identification:_identify(robot/ros_ws/install) by extension 'ignore'
[0.129s] Level 1:colcon.colcon_core.package_identification:_identify(robot/ros_ws/install) ignored
[0.129s] Level 1:colcon.colcon_core.package_identification:_identify(robot/ros_ws/log) by extensions ['ignore', 'ignore_ament_install']
[0.129s] Level 1:colcon.colcon_core.package_identification:_identify(robot/ros_ws/log) by extension 'ignore'
[0.129s] Level 1:colcon.colcon_core.package_identification:_identify(robot/ros_ws/log) ignored
[0.129s] Level 1:colcon.colcon_core.package_identification:_identify(robot/ros_ws/src) by extensions ['ignore', 'ignore_ament_install']
[0.129s] Level 1:colcon.colcon_core.package_identification:_identify(robot/ros_ws/src) by extension 'ignore'
[0.129s] Level 1:colcon.colcon_core.package_identification:_identify(robot/ros_ws/src) by extension 'ignore_ament_install'
[0.129s] Level 1:colcon.colcon_core.package_identification:_identify(robot/ros_ws/src) by extensions ['colcon_pkg']
[0.129s] Level 1:colcon.colcon_core.package_identification:_identify(robot/ros_ws/src) by extension 'colcon_pkg'
[0.129s] Level 1:colcon.colcon_core.package_identification:_identify(robot/ros_ws/src) by extensions ['colcon_meta']
[0.129s] Level 1:colcon.colcon_core.package_identification:_identify(robot/ros_ws/src) by extension 'colcon_meta'
[0.129s] Level 1:colcon.colcon_core.package_identification:_identify(robot/ros_ws/src) by extensions ['ros']
[0.129s] Level 1:colcon.colcon_core.package_identification:_identify(robot/ros_ws/src) by extension 'ros'
[0.129s] Level 1:colcon.colcon_core.package_identification:_identify(robot/ros_ws/src) by extensions ['cmake', 'python']
[0.129s] Level 1:colcon.colcon_core.package_identification:_identify(robot/ros_ws/src) by extension 'cmake'
[0.129s] Level 1:colcon.colcon_core.package_identification:_identify(robot/ros_ws/src) by extension 'python'
[0.129s] Level 1:colcon.colcon_core.package_identification:_identify(robot/ros_ws/src) by extensions ['python_setup_py']
[0.129s] Level 1:colcon.colcon_core.package_identification:_identify(robot/ros_ws/src) by extension 'python_setup_py'
[0.129s] Level 1:colcon.colcon_core.package_identification:_identify(robot/ros_ws/src/autonomy) by extensions ['ignore', 'ignore_ament_install']
[0.129s] Level 1:colcon.colcon_core.package_identification:_identify(robot/ros_ws/src/autonomy) by extension 'ignore'
[0.129s] Level 1:colcon.colcon_core.package_identification:_identify(robot/ros_ws/src/autonomy) by extension 'ignore_ament_install'
[0.129s] Level 1:colcon.colcon_core.package_identification:_identify(robot/ros_ws/src/autonomy) by extensions ['colcon_pkg']
[0.129s] Level 1:colcon.colcon_core.package_identification:_identify(robot/ros_ws/src/autonomy) by extension 'colcon_pkg'
[0.129s] Level 1:colcon.colcon_core.package_identification:_identify(robot/ros_ws/src/autonomy) by extensions ['colcon_meta']
[0.129s] Level 1:colcon.colcon_core.package_identification:_identify(robot/ros_ws/src/autonomy) by extension 'colcon_meta'
[0.129s] Level 1:colcon.colcon_core.package_identification:_identify(robot/ros_ws/src/autonomy) by extensions ['ros']
[0.129s] Level 1:colcon.colcon_core.package_identification:_identify(robot/ros_ws/src/autonomy) by extension 'ros'
[0.129s] Level 1:colcon.colcon_core.package_identification:_identify(robot/ros_ws/src/autonomy) by extensions ['cmake', 'python']
[0.129s] Level 1:colcon.colcon_core.package_identification:_identify(robot/ros_ws/src/autonomy) by extension 'cmake'
[0.129s] Level 1:colcon.colcon_core.package_identification:_identify(robot/ros_ws/src/autonomy) by extension 'python'
[0.129s] Level 1:colcon.colcon_core.package_identification:_identify(robot/ros_ws/src/autonomy) by extensions ['python_setup_py']
[0.129s] Level 1:colcon.colcon_core.package_identification:_identify(robot/ros_ws/src/autonomy) by extension 'python_setup_py'
[0.129s] Level 1:colcon.colcon_core.package_identification:_identify(robot/ros_ws/src/autonomy/0_interface) by extensions ['ignore', 'ignore_ament_install']
[0.129s] Level 1:colcon.colcon_core.package_identification:_identify(robot/ros_ws/src/autonomy/0_interface) by extension 'ignore'
[0.129s] Level 1:colcon.colcon_core.package_identification:_identify(robot/ros_ws/src/autonomy/0_interface) by extension 'ignore_ament_install'
[0.129s] Level 1:colcon.colcon_core.package_identification:_identify(robot/ros_ws/src/autonomy/0_interface) by extensions ['colcon_pkg']
[0.129s] Level 1:colcon.colcon_core.package_identification:_identify(robot/ros_ws/src/autonomy/0_interface) by extension 'colcon_pkg'
[0.129s] Level 1:colcon.colcon_core.package_identification:_identify(robot/ros_ws/src/autonomy/0_interface) by extensions ['colcon_meta']
[0.129s] Level 1:colcon.colcon_core.package_identification:_identify(robot/ros_ws/src/autonomy/0_interface) by extension 'colcon_meta'
[0.129s] Level 1:colcon.colcon_core.package_identification:_identify(robot/ros_ws/src/autonomy/0_interface) by extensions ['ros']
[0.129s] Level 1:colcon.colcon_core.package_identification:_identify(robot/ros_ws/src/autonomy/0_interface) by extension 'ros'
[0.129s] Level 1:colcon.colcon_core.package_identification:_identify(robot/ros_ws/src/autonomy/0_interface) by extensions ['cmake', 'python']
[0.129s] Level 1:colcon.colcon_core.package_identification:_identify(robot/ros_ws/src/autonomy/0_interface) by extension 'cmake'
[0.129s] Level 1:colcon.colcon_core.package_identification:_identify(robot/ros_ws/src/autonomy/0_interface) by extension 'python'
[0.129s] Level 1:colcon.colcon_core.package_identification:_identify(robot/ros_ws/src/autonomy/0_interface) by extensions ['python_setup_py']
[0.129s] Level 1:colcon.colcon_core.package_identification:_identify(robot/ros_ws/src/autonomy/0_interface) by extension 'python_setup_py'
[0.129s] Level 1:colcon.colcon_core.package_identification:_identify(robot/ros_ws/src/autonomy/0_interface/interface_bringup) by extensions ['ignore', 'ignore_ament_install']
[0.129s] Level 1:colcon.colcon_core.package_identification:_identify(robot/ros_ws/src/autonomy/0_interface/interface_bringup) by extension 'ignore'
[0.129s] Level 1:colcon.colcon_core.package_identification:_identify(robot/ros_ws/src/autonomy/0_interface/interface_bringup) by extension 'ignore_ament_install'
[0.129s] Level 1:colcon.colcon_core.package_identification:_identify(robot/ros_ws/src/autonomy/0_interface/interface_bringup) by extensions ['colcon_pkg']
[0.129s] Level 1:colcon.colcon_core.package_identification:_identify(robot/ros_ws/src/autonomy/0_interface/interface_bringup) by extension 'colcon_pkg'
[0.129s] Level 1:colcon.colcon_core.package_identification:_identify(robot/ros_ws/src/autonomy/0_interface/interface_bringup) by extensions ['colcon_meta']
[0.129s] Level 1:colcon.colcon_core.package_identification:_identify(robot/ros_ws/src/autonomy/0_interface/interface_bringup) by extension 'colcon_meta'
[0.129s] Level 1:colcon.colcon_core.package_identification:_identify(robot/ros_ws/src/autonomy/0_interface/interface_bringup) by extensions ['ros']
[0.129s] Level 1:colcon.colcon_core.package_identification:_identify(robot/ros_ws/src/autonomy/0_interface/interface_bringup) by extension 'ros'
[0.130s] DEBUG:colcon.colcon_core.package_identification:Package 'robot/ros_ws/src/autonomy/0_interface/interface_bringup' with type 'ros.ament_cmake' and name 'interface_bringup'
[0.130s] Level 1:colcon.colcon_core.package_identification:_identify(robot/ros_ws/src/autonomy/1_navigation) by extensions ['ignore', 'ignore_ament_install']
[0.130s] Level 1:colcon.colcon_core.package_identification:_identify(robot/ros_ws/src/autonomy/1_navigation) by extension 'ignore'
[0.130s] Level 1:colcon.colcon_core.package_identification:_identify(robot/ros_ws/src/autonomy/1_navigation) by extension 'ignore_ament_install'
[0.130s] Level 1:colcon.colcon_core.package_identification:_identify(robot/ros_ws/src/autonomy/1_navigation) by extensions ['colcon_pkg']
[0.130s] Level 1:colcon.colcon_core.package_identification:_identify(robot/ros_ws/src/autonomy/1_navigation) by extension 'colcon_pkg'
[0.130s] Level 1:colcon.colcon_core.package_identification:_identify(robot/ros_ws/src/autonomy/1_navigation) by extensions ['colcon_meta']
[0.130s] Level 1:colcon.colcon_core.package_identification:_identify(robot/ros_ws/src/autonomy/1_navigation) by extension 'colcon_meta'
[0.130s] Level 1:colcon.colcon_core.package_identification:_identify(robot/ros_ws/src/autonomy/1_navigation) by extensions ['ros']
[0.130s] Level 1:colcon.colcon_core.package_identification:_identify(robot/ros_ws/src/autonomy/1_navigation) by extension 'ros'
[0.130s] Level 1:colcon.colcon_core.package_identification:_identify(robot/ros_ws/src/autonomy/1_navigation) by extensions ['cmake', 'python']
[0.130s] Level 1:colcon.colcon_core.package_identification:_identify(robot/ros_ws/src/autonomy/1_navigation) by extension 'cmake'
[0.130s] Level 1:colcon.colcon_core.package_identification:_identify(robot/ros_ws/src/autonomy/1_navigation) by extension 'python'
[0.130s] Level 1:colcon.colcon_core.package_identification:_identify(robot/ros_ws/src/autonomy/1_navigation) by extensions ['python_setup_py']
[0.130s] Level 1:colcon.colcon_core.package_identification:_identify(robot/ros_ws/src/autonomy/1_navigation) by extension 'python_setup_py'
[0.130s] Level 1:colcon.colcon_core.package_identification:_identify(robot/ros_ws/src/autonomy/1_navigation/navigation_bringup) by extensions ['ignore', 'ignore_ament_install']
[0.130s] Level 1:colcon.colcon_core.package_identification:_identify(robot/ros_ws/src/autonomy/1_navigation/navigation_bringup) by extension 'ignore'
[0.130s] Level 1:colcon.colcon_core.package_identification:_identify(robot/ros_ws/src/autonomy/1_navigation/navigation_bringup) by extension 'ignore_ament_install'
[0.130s] Level 1:colcon.colcon_core.package_identification:_identify(robot/ros_ws/src/autonomy/1_navigation/navigation_bringup) by extensions ['colcon_pkg']
[0.130s] Level 1:colcon.colcon_core.package_identification:_identify(robot/ros_ws/src/autonomy/1_navigation/navigation_bringup) by extension 'colcon_pkg'
[0.130s] Level 1:colcon.colcon_core.package_identification:_identify(robot/ros_ws/src/autonomy/1_navigation/navigation_bringup) by extensions ['colcon_meta']
[0.130s] Level 1:colcon.colcon_core.package_identification:_identify(robot/ros_ws/src/autonomy/1_navigation/navigation_bringup) by extension 'colcon_meta'
[0.130s] Level 1:colcon.colcon_core.package_identification:_identify(robot/ros_ws/src/autonomy/1_navigation/navigation_bringup) by extensions ['ros']
[0.130s] Level 1:colcon.colcon_core.package_identification:_identify(robot/ros_ws/src/autonomy/1_navigation/navigation_bringup) by extension 'ros'
[0.130s] DEBUG:colcon.colcon_core.package_identification:Package 'robot/ros_ws/src/autonomy/1_navigation/navigation_bringup' with type 'ros.ament_cmake' and name 'navigation_bringup'
[0.130s] Level 1:colcon.colcon_core.package_identification:_identify(robot/ros_ws/src/autonomy/1_navigation/navigation_controller) by extensions ['ignore', 'ignore_ament_install']
[0.130s] Level 1:colcon.colcon_core.package_identification:_identify(robot/ros_ws/src/autonomy/1_navigation/navigation_controller) by extension 'ignore'
[0.130s] Level 1:colcon.colcon_core.package_identification:_identify(robot/ros_ws/src/autonomy/1_navigation/navigation_controller) by extension 'ignore_ament_install'
[0.130s] Level 1:colcon.colcon_core.package_identification:_identify(robot/ros_ws/src/autonomy/1_navigation/navigation_controller) by extensions ['colcon_pkg']
[0.130s] Level 1:colcon.colcon_core.package_identification:_identify(robot/ros_ws/src/autonomy/1_navigation/navigation_controller) by extension 'colcon_pkg'
[0.130s] Level 1:colcon.colcon_core.package_identification:_identify(robot/ros_ws/src/autonomy/1_navigation/navigation_controller) by extensions ['colcon_meta']
[0.130s] Level 1:colcon.colcon_core.package_identification:_identify(robot/ros_ws/src/autonomy/1_navigation/navigation_controller) by extension 'colcon_meta'
[0.130s] Level 1:colcon.colcon_core.package_identification:_identify(robot/ros_ws/src/autonomy/1_navigation/navigation_controller) by extensions ['ros']
[0.130s] Level 1:colcon.colcon_core.package_identification:_identify(robot/ros_ws/src/autonomy/1_navigation/navigation_controller) by extension 'ros'
[0.130s] DEBUG:colcon.colcon_core.package_identification:Package 'robot/ros_ws/src/autonomy/1_navigation/navigation_controller' with type 'ros.ament_cmake' and name 'navigation_controller'
[0.131s] Level 1:colcon.colcon_core.package_identification:_identify(robot/ros_ws/src/autonomy/2_mapping_and_localization) by extensions ['ignore', 'ignore_ament_install']
[0.131s] Level 1:colcon.colcon_core.package_identification:_identify(robot/ros_ws/src/autonomy/2_mapping_and_localization) by extension 'ignore'
[0.131s] Level 1:colcon.colcon_core.package_identification:_identify(robot/ros_ws/src/autonomy/2_mapping_and_localization) by extension 'ignore_ament_install'
[0.131s] Level 1:colcon.colcon_core.package_identification:_identify(robot/ros_ws/src/autonomy/2_mapping_and_localization) by extensions ['colcon_pkg']
[0.131s] Level 1:colcon.colcon_core.package_identification:_identify(robot/ros_ws/src/autonomy/2_mapping_and_localization) by extension 'colcon_pkg'
[0.131s] Level 1:colcon.colcon_core.package_identification:_identify(robot/ros_ws/src/autonomy/2_mapping_and_localization) by extensions ['colcon_meta']
[0.131s] Level 1:colcon.colcon_core.package_identification:_identify(robot/ros_ws/src/autonomy/2_mapping_and_localization) by extension 'colcon_meta'
[0.131s] Level 1:colcon.colcon_core.package_identification:_identify(robot/ros_ws/src/autonomy/2_mapping_and_localization) by extensions ['ros']
[0.131s] Level 1:colcon.colcon_core.package_identification:_identify(robot/ros_ws/src/autonomy/2_mapping_and_localization) by extension 'ros'
[0.131s] Level 1:colcon.colcon_core.package_identification:_identify(robot/ros_ws/src/autonomy/2_mapping_and_localization) by extensions ['cmake', 'python']
[0.131s] Level 1:colcon.colcon_core.package_identification:_identify(robot/ros_ws/src/autonomy/2_mapping_and_localization) by extension 'cmake'
[0.131s] Level 1:colcon.colcon_core.package_identification:_identify(robot/ros_ws/src/autonomy/2_mapping_and_localization) by extension 'python'
[0.131s] Level 1:colcon.colcon_core.package_identification:_identify(robot/ros_ws/src/autonomy/2_mapping_and_localization) by extensions ['python_setup_py']
[0.131s] Level 1:colcon.colcon_core.package_identification:_identify(robot/ros_ws/src/autonomy/2_mapping_and_localization) by extension 'python_setup_py'
[0.131s] Level 1:colcon.colcon_core.package_identification:_identify(robot/ros_ws/src/autonomy/2_mapping_and_localization/mapping_and_localization_bringup) by extensions ['ignore', 'ignore_ament_install']
[0.131s] Level 1:colcon.colcon_core.package_identification:_identify(robot/ros_ws/src/autonomy/2_mapping_and_localization/mapping_and_localization_bringup) by extension 'ignore'
[0.131s] Level 1:colcon.colcon_core.package_identification:_identify(robot/ros_ws/src/autonomy/2_mapping_and_localization/mapping_and_localization_bringup) by extension 'ignore_ament_install'
[0.131s] Level 1:colcon.colcon_core.package_identification:_identify(robot/ros_ws/src/autonomy/2_mapping_and_localization/mapping_and_localization_bringup) by extensions ['colcon_pkg']
[0.131s] Level 1:colcon.colcon_core.package_identification:_identify(robot/ros_ws/src/autonomy/2_mapping_and_localization/mapping_and_localization_bringup) by extension 'colcon_pkg'
[0.131s] Level 1:colcon.colcon_core.package_identification:_identify(robot/ros_ws/src/autonomy/2_mapping_and_localization/mapping_and_localization_bringup) by extensions ['colcon_meta']
[0.131s] Level 1:colcon.colcon_core.package_identification:_identify(robot/ros_ws/src/autonomy/2_mapping_and_localization/mapping_and_localization_bringup) by extension 'colcon_meta'
[0.131s] Level 1:colcon.colcon_core.package_identification:_identify(robot/ros_ws/src/autonomy/2_mapping_and_localization/mapping_and_localization_bringup) by extensions ['ros']
[0.131s] Level 1:colcon.colcon_core.package_identification:_identify(robot/ros_ws/src/autonomy/2_mapping_and_localization/mapping_and_localization_bringup) by extension 'ros'
[0.131s] DEBUG:colcon.colcon_core.package_identification:Package 'robot/ros_ws/src/autonomy/2_mapping_and_localization/mapping_and_localization_bringup' with type 'ros.ament_cmake' and name 'mapping_and_localization_bringup'
[0.131s] Level 1:colcon.colcon_core.package_identification:_identify(robot/ros_ws/src/autonomy/2_mapping_and_localization/rtabmap) by extensions ['ignore', 'ignore_ament_install']
[0.131s] Level 1:colcon.colcon_core.package_identification:_identify(robot/ros_ws/src/autonomy/2_mapping_and_localization/rtabmap) by extension 'ignore'
[0.131s] Level 1:colcon.colcon_core.package_identification:_identify(robot/ros_ws/src/autonomy/2_mapping_and_localization/rtabmap) by extension 'ignore_ament_install'
[0.131s] Level 1:colcon.colcon_core.package_identification:_identify(robot/ros_ws/src/autonomy/2_mapping_and_localization/rtabmap) by extensions ['colcon_pkg']
[0.131s] Level 1:colcon.colcon_core.package_identification:_identify(robot/ros_ws/src/autonomy/2_mapping_and_localization/rtabmap) by extension 'colcon_pkg'
[0.131s] Level 1:colcon.colcon_core.package_identification:_identify(robot/ros_ws/src/autonomy/2_mapping_and_localization/rtabmap) by extensions ['colcon_meta']
[0.131s] Level 1:colcon.colcon_core.package_identification:_identify(robot/ros_ws/src/autonomy/2_mapping_and_localization/rtabmap) by extension 'colcon_meta'
[0.131s] Level 1:colcon.colcon_core.package_identification:_identify(robot/ros_ws/src/autonomy/2_mapping_and_localization/rtabmap) by extensions ['ros']
[0.131s] Level 1:colcon.colcon_core.package_identification:_identify(robot/ros_ws/src/autonomy/2_mapping_and_localization/rtabmap) by extension 'ros'
[0.131s] Level 1:colcon.colcon_core.package_identification:_identify(robot/ros_ws/src/autonomy/2_mapping_and_localization/rtabmap) by extensions ['cmake', 'python']
[0.131s] Level 1:colcon.colcon_core.package_identification:_identify(robot/ros_ws/src/autonomy/2_mapping_and_localization/rtabmap) by extension 'cmake'
[0.131s] Level 1:colcon.colcon_core.package_identification:_identify(robot/ros_ws/src/autonomy/2_mapping_and_localization/rtabmap) by extension 'python'
[0.131s] Level 1:colcon.colcon_core.package_identification:_identify(robot/ros_ws/src/autonomy/2_mapping_and_localization/rtabmap) by extensions ['python_setup_py']
[0.131s] Level 1:colcon.colcon_core.package_identification:_identify(robot/ros_ws/src/autonomy/2_mapping_and_localization/rtabmap) by extension 'python_setup_py'
[0.131s] Level 1:colcon.colcon_core.package_identification:_identify(robot/ros_ws/src/autonomy/2_mapping_and_localization/rtabmap_ros) by extensions ['ignore', 'ignore_ament_install']
[0.131s] Level 1:colcon.colcon_core.package_identification:_identify(robot/ros_ws/src/autonomy/2_mapping_and_localization/rtabmap_ros) by extension 'ignore'
[0.131s] Level 1:colcon.colcon_core.package_identification:_identify(robot/ros_ws/src/autonomy/2_mapping_and_localization/rtabmap_ros) by extension 'ignore_ament_install'
[0.131s] Level 1:colcon.colcon_core.package_identification:_identify(robot/ros_ws/src/autonomy/2_mapping_and_localization/rtabmap_ros) by extensions ['colcon_pkg']
[0.131s] Level 1:colcon.colcon_core.package_identification:_identify(robot/ros_ws/src/autonomy/2_mapping_and_localization/rtabmap_ros) by extension 'colcon_pkg'
[0.131s] Level 1:colcon.colcon_core.package_identification:_identify(robot/ros_ws/src/autonomy/2_mapping_and_localization/rtabmap_ros) by extensions ['colcon_meta']
[0.131s] Level 1:colcon.colcon_core.package_identification:_identify(robot/ros_ws/src/autonomy/2_mapping_and_localization/rtabmap_ros) by extension 'colcon_meta'
[0.131s] Level 1:colcon.colcon_core.package_identification:_identify(robot/ros_ws/src/autonomy/2_mapping_and_localization/rtabmap_ros) by extensions ['ros']
[0.131s] Level 1:colcon.colcon_core.package_identification:_identify(robot/ros_ws/src/autonomy/2_mapping_and_localization/rtabmap_ros) by extension 'ros'
[0.131s] Level 1:colcon.colcon_core.package_identification:_identify(robot/ros_ws/src/autonomy/2_mapping_and_localization/rtabmap_ros) by extensions ['cmake', 'python']
[0.131s] Level 1:colcon.colcon_core.package_identification:_identify(robot/ros_ws/src/autonomy/2_mapping_and_localization/rtabmap_ros) by extension 'cmake'
[0.131s] Level 1:colcon.colcon_core.package_identification:_identify(robot/ros_ws/src/autonomy/2_mapping_and_localization/rtabmap_ros) by extension 'python'
[0.131s] Level 1:colcon.colcon_core.package_identification:_identify(robot/ros_ws/src/autonomy/2_mapping_and_localization/rtabmap_ros) by extensions ['python_setup_py']
[0.131s] Level 1:colcon.colcon_core.package_identification:_identify(robot/ros_ws/src/autonomy/2_mapping_and_localization/rtabmap_ros) by extension 'python_setup_py'
[0.131s] Level 1:colcon.colcon_core.package_identification:_identify(robot/ros_ws/src/autonomy/3_perception) by extensions ['ignore', 'ignore_ament_install']
[0.131s] Level 1:colcon.colcon_core.package_identification:_identify(robot/ros_ws/src/autonomy/3_perception) by extension 'ignore'
[0.131s] Level 1:colcon.colcon_core.package_identification:_identify(robot/ros_ws/src/autonomy/3_perception) by extension 'ignore_ament_install'
[0.131s] Level 1:colcon.colcon_core.package_identification:_identify(robot/ros_ws/src/autonomy/3_perception) by extensions ['colcon_pkg']
[0.131s] Level 1:colcon.colcon_core.package_identification:_identify(robot/ros_ws/src/autonomy/3_perception) by extension 'colcon_pkg'
[0.131s] Level 1:colcon.colcon_core.package_identification:_identify(robot/ros_ws/src/autonomy/3_perception) by extensions ['colcon_meta']
[0.132s] Level 1:colcon.colcon_core.package_identification:_identify(robot/ros_ws/src/autonomy/3_perception) by extension 'colcon_meta'
[0.132s] Level 1:colcon.colcon_core.package_identification:_identify(robot/ros_ws/src/autonomy/3_perception) by extensions ['ros']
[0.132s] Level 1:colcon.colcon_core.package_identification:_identify(robot/ros_ws/src/autonomy/3_perception) by extension 'ros'
[0.132s] Level 1:colcon.colcon_core.package_identification:_identify(robot/ros_ws/src/autonomy/3_perception) by extensions ['cmake', 'python']
[0.132s] Level 1:colcon.colcon_core.package_identification:_identify(robot/ros_ws/src/autonomy/3_perception) by extension 'cmake'
[0.132s] Level 1:colcon.colcon_core.package_identification:_identify(robot/ros_ws/src/autonomy/3_perception) by extension 'python'
[0.132s] Level 1:colcon.colcon_core.package_identification:_identify(robot/ros_ws/src/autonomy/3_perception) by extensions ['python_setup_py']
[0.132s] Level 1:colcon.colcon_core.package_identification:_identify(robot/ros_ws/src/autonomy/3_perception) by extension 'python_setup_py'
[0.132s] Level 1:colcon.colcon_core.package_identification:_identify(robot/ros_ws/src/autonomy/3_perception/perception_bringup) by extensions ['ignore', 'ignore_ament_install']
[0.132s] Level 1:colcon.colcon_core.package_identification:_identify(robot/ros_ws/src/autonomy/3_perception/perception_bringup) by extension 'ignore'
[0.132s] Level 1:colcon.colcon_core.package_identification:_identify(robot/ros_ws/src/autonomy/3_perception/perception_bringup) by extension 'ignore_ament_install'
[0.132s] Level 1:colcon.colcon_core.package_identification:_identify(robot/ros_ws/src/autonomy/3_perception/perception_bringup) by extensions ['colcon_pkg']
[0.132s] Level 1:colcon.colcon_core.package_identification:_identify(robot/ros_ws/src/autonomy/3_perception/perception_bringup) by extension 'colcon_pkg'
[0.132s] Level 1:colcon.colcon_core.package_identification:_identify(robot/ros_ws/src/autonomy/3_perception/perception_bringup) by extensions ['colcon_meta']
[0.132s] Level 1:colcon.colcon_core.package_identification:_identify(robot/ros_ws/src/autonomy/3_perception/perception_bringup) by extension 'colcon_meta'
[0.132s] Level 1:colcon.colcon_core.package_identification:_identify(robot/ros_ws/src/autonomy/3_perception/perception_bringup) by extensions ['ros']
[0.132s] Level 1:colcon.colcon_core.package_identification:_identify(robot/ros_ws/src/autonomy/3_perception/perception_bringup) by extension 'ros'
[0.132s] DEBUG:colcon.colcon_core.package_identification:Package 'robot/ros_ws/src/autonomy/3_perception/perception_bringup' with type 'ros.ament_cmake' and name 'perception_bringup'
[0.132s] Level 1:colcon.colcon_core.package_identification:_identify(robot/ros_ws/src/autonomy/4_local) by extensions ['ignore', 'ignore_ament_install']
[0.132s] Level 1:colcon.colcon_core.package_identification:_identify(robot/ros_ws/src/autonomy/4_local) by extension 'ignore'
[0.132s] Level 1:colcon.colcon_core.package_identification:_identify(robot/ros_ws/src/autonomy/4_local) by extension 'ignore_ament_install'
[0.132s] Level 1:colcon.colcon_core.package_identification:_identify(robot/ros_ws/src/autonomy/4_local) by extensions ['colcon_pkg']
[0.132s] Level 1:colcon.colcon_core.package_identification:_identify(robot/ros_ws/src/autonomy/4_local) by extension 'colcon_pkg'
[0.132s] Level 1:colcon.colcon_core.package_identification:_identify(robot/ros_ws/src/autonomy/4_local) by extensions ['colcon_meta']
[0.132s] Level 1:colcon.colcon_core.package_identification:_identify(robot/ros_ws/src/autonomy/4_local) by extension 'colcon_meta'
[0.132s] Level 1:colcon.colcon_core.package_identification:_identify(robot/ros_ws/src/autonomy/4_local) by extensions ['ros']
[0.132s] Level 1:colcon.colcon_core.package_identification:_identify(robot/ros_ws/src/autonomy/4_local) by extension 'ros'
[0.132s] Level 1:colcon.colcon_core.package_identification:_identify(robot/ros_ws/src/autonomy/4_local) by extensions ['cmake', 'python']
[0.132s] Level 1:colcon.colcon_core.package_identification:_identify(robot/ros_ws/src/autonomy/4_local) by extension 'cmake'
[0.132s] Level 1:colcon.colcon_core.package_identification:_identify(robot/ros_ws/src/autonomy/4_local) by extension 'python'
[0.132s] Level 1:colcon.colcon_core.package_identification:_identify(robot/ros_ws/src/autonomy/4_local) by extensions ['python_setup_py']
[0.132s] Level 1:colcon.colcon_core.package_identification:_identify(robot/ros_ws/src/autonomy/4_local) by extension 'python_setup_py'
[0.132s] Level 1:colcon.colcon_core.package_identification:_identify(robot/ros_ws/src/autonomy/4_local/local_bringup) by extensions ['ignore', 'ignore_ament_install']
[0.132s] Level 1:colcon.colcon_core.package_identification:_identify(robot/ros_ws/src/autonomy/4_local/local_bringup) by extension 'ignore'
[0.132s] Level 1:colcon.colcon_core.package_identification:_identify(robot/ros_ws/src/autonomy/4_local/local_bringup) by extension 'ignore_ament_install'
[0.132s] Level 1:colcon.colcon_core.package_identification:_identify(robot/ros_ws/src/autonomy/4_local/local_bringup) by extensions ['colcon_pkg']
[0.132s] Level 1:colcon.colcon_core.package_identification:_identify(robot/ros_ws/src/autonomy/4_local/local_bringup) by extension 'colcon_pkg'
[0.132s] Level 1:colcon.colcon_core.package_identification:_identify(robot/ros_ws/src/autonomy/4_local/local_bringup) by extensions ['colcon_meta']
[0.132s] Level 1:colcon.colcon_core.package_identification:_identify(robot/ros_ws/src/autonomy/4_local/local_bringup) by extension 'colcon_meta'
[0.132s] Level 1:colcon.colcon_core.package_identification:_identify(robot/ros_ws/src/autonomy/4_local/local_bringup) by extensions ['ros']
[0.132s] Level 1:colcon.colcon_core.package_identification:_identify(robot/ros_ws/src/autonomy/4_local/local_bringup) by extension 'ros'
[0.132s] DEBUG:colcon.colcon_core.package_identification:Package 'robot/ros_ws/src/autonomy/4_local/local_bringup' with type 'ros.ament_cmake' and name 'local_bringup'
[0.132s] Level 1:colcon.colcon_core.package_identification:_identify(robot/ros_ws/src/autonomy/5_global) by extensions ['ignore', 'ignore_ament_install']
[0.132s] Level 1:colcon.colcon_core.package_identification:_identify(robot/ros_ws/src/autonomy/5_global) by extension 'ignore'
[0.132s] Level 1:colcon.colcon_core.package_identification:_identify(robot/ros_ws/src/autonomy/5_global) by extension 'ignore_ament_install'
[0.133s] Level 1:colcon.colcon_core.package_identification:_identify(robot/ros_ws/src/autonomy/5_global) by extensions ['colcon_pkg']
[0.133s] Level 1:colcon.colcon_core.package_identification:_identify(robot/ros_ws/src/autonomy/5_global) by extension 'colcon_pkg'
[0.133s] Level 1:colcon.colcon_core.package_identification:_identify(robot/ros_ws/src/autonomy/5_global) by extensions ['colcon_meta']
[0.133s] Level 1:colcon.colcon_core.package_identification:_identify(robot/ros_ws/src/autonomy/5_global) by extension 'colcon_meta'
[0.133s] Level 1:colcon.colcon_core.package_identification:_identify(robot/ros_ws/src/autonomy/5_global) by extensions ['ros']
[0.133s] Level 1:colcon.colcon_core.package_identification:_identify(robot/ros_ws/src/autonomy/5_global) by extension 'ros'
[0.133s] Level 1:colcon.colcon_core.package_identification:_identify(robot/ros_ws/src/autonomy/5_global) by extensions ['cmake', 'python']
[0.133s] Level 1:colcon.colcon_core.package_identification:_identify(robot/ros_ws/src/autonomy/5_global) by extension 'cmake'
[0.133s] Level 1:colcon.colcon_core.package_identification:_identify(robot/ros_ws/src/autonomy/5_global) by extension 'python'
[0.133s] Level 1:colcon.colcon_core.package_identification:_identify(robot/ros_ws/src/autonomy/5_global) by extensions ['python_setup_py']
[0.133s] Level 1:colcon.colcon_core.package_identification:_identify(robot/ros_ws/src/autonomy/5_global) by extension 'python_setup_py'
[0.133s] Level 1:colcon.colcon_core.package_identification:_identify(robot/ros_ws/src/autonomy/5_global/global_bringup) by extensions ['ignore', 'ignore_ament_install']
[0.133s] Level 1:colcon.colcon_core.package_identification:_identify(robot/ros_ws/src/autonomy/5_global/global_bringup) by extension 'ignore'
[0.133s] Level 1:colcon.colcon_core.package_identification:_identify(robot/ros_ws/src/autonomy/5_global/global_bringup) by extension 'ignore_ament_install'
[0.133s] Level 1:colcon.colcon_core.package_identification:_identify(robot/ros_ws/src/autonomy/5_global/global_bringup) by extensions ['colcon_pkg']
[0.133s] Level 1:colcon.colcon_core.package_identification:_identify(robot/ros_ws/src/autonomy/5_global/global_bringup) by extension 'colcon_pkg'
[0.133s] Level 1:colcon.colcon_core.package_identification:_identify(robot/ros_ws/src/autonomy/5_global/global_bringup) by extensions ['colcon_meta']
[0.133s] Level 1:colcon.colcon_core.package_identification:_identify(robot/ros_ws/src/autonomy/5_global/global_bringup) by extension 'colcon_meta'
[0.133s] Level 1:colcon.colcon_core.package_identification:_identify(robot/ros_ws/src/autonomy/5_global/global_bringup) by extensions ['ros']
[0.133s] Level 1:colcon.colcon_core.package_identification:_identify(robot/ros_ws/src/autonomy/5_global/global_bringup) by extension 'ros'
[0.133s] DEBUG:colcon.colcon_core.package_identification:Package 'robot/ros_ws/src/autonomy/5_global/global_bringup' with type 'ros.ament_cmake' and name 'global_bringup'
[0.133s] Level 1:colcon.colcon_core.package_identification:_identify(robot/ros_ws/src/autonomy/6_behavior) by extensions ['ignore', 'ignore_ament_install']
[0.133s] Level 1:colcon.colcon_core.package_identification:_identify(robot/ros_ws/src/autonomy/6_behavior) by extension 'ignore'
[0.133s] Level 1:colcon.colcon_core.package_identification:_identify(robot/ros_ws/src/autonomy/6_behavior) by extension 'ignore_ament_install'
[0.133s] Level 1:colcon.colcon_core.package_identification:_identify(robot/ros_ws/src/autonomy/6_behavior) by extensions ['colcon_pkg']
[0.133s] Level 1:colcon.colcon_core.package_identification:_identify(robot/ros_ws/src/autonomy/6_behavior) by extension 'colcon_pkg'
[0.133s] Level 1:colcon.colcon_core.package_identification:_identify(robot/ros_ws/src/autonomy/6_behavior) by extensions ['colcon_meta']
[0.133s] Level 1:colcon.colcon_core.package_identification:_identify(robot/ros_ws/src/autonomy/6_behavior) by extension 'colcon_meta'
[0.133s] Level 1:colcon.colcon_core.package_identification:_identify(robot/ros_ws/src/autonomy/6_behavior) by extensions ['ros']
[0.133s] Level 1:colcon.colcon_core.package_identification:_identify(robot/ros_ws/src/autonomy/6_behavior) by extension 'ros'
[0.133s] Level 1:colcon.colcon_core.package_identification:_identify(robot/ros_ws/src/autonomy/6_behavior) by extensions ['cmake', 'python']
[0.133s] Level 1:colcon.colcon_core.package_identification:_identify(robot/ros_ws/src/autonomy/6_behavior) by extension 'cmake'
[0.133s] Level 1:colcon.colcon_core.package_identification:_identify(robot/ros_ws/src/autonomy/6_behavior) by extension 'python'
[0.133s] Level 1:colcon.colcon_core.package_identification:_identify(robot/ros_ws/src/autonomy/6_behavior) by extensions ['python_setup_py']
[0.133s] Level 1:colcon.colcon_core.package_identification:_identify(robot/ros_ws/src/autonomy/6_behavior) by extension 'python_setup_py'
[0.133s] Level 1:colcon.colcon_core.package_identification:_identify(robot/ros_ws/src/autonomy/6_behavior/behavior_bringup) by extensions ['ignore', 'ignore_ament_install']
[0.133s] Level 1:colcon.colcon_core.package_identification:_identify(robot/ros_ws/src/autonomy/6_behavior/behavior_bringup) by extension 'ignore'
[0.133s] Level 1:colcon.colcon_core.package_identification:_identify(robot/ros_ws/src/autonomy/6_behavior/behavior_bringup) by extension 'ignore_ament_install'
[0.133s] Level 1:colcon.colcon_core.package_identification:_identify(robot/ros_ws/src/autonomy/6_behavior/behavior_bringup) by extensions ['colcon_pkg']
[0.133s] Level 1:colcon.colcon_core.package_identification:_identify(robot/ros_ws/src/autonomy/6_behavior/behavior_bringup) by extension 'colcon_pkg'
[0.133s] Level 1:colcon.colcon_core.package_identification:_identify(robot/ros_ws/src/autonomy/6_behavior/behavior_bringup) by extensions ['colcon_meta']
[0.133s] Level 1:colcon.colcon_core.package_identification:_identify(robot/ros_ws/src/autonomy/6_behavior/behavior_bringup) by extension 'colcon_meta'
[0.133s] Level 1:colcon.colcon_core.package_identification:_identify(robot/ros_ws/src/autonomy/6_behavior/behavior_bringup) by extensions ['ros']
[0.133s] Level 1:colcon.colcon_core.package_identification:_identify(robot/ros_ws/src/autonomy/6_behavior/behavior_bringup) by extension 'ros'
[0.133s] DEBUG:colcon.colcon_core.package_identification:Package 'robot/ros_ws/src/autonomy/6_behavior/behavior_bringup' with type 'ros.ament_cmake' and name 'behavior_bringup'
[0.133s] Level 1:colcon.colcon_core.package_identification:_identify(robot/ros_ws/src/autonomy/6_behavior/behavior_executive) by extensions ['ignore', 'ignore_ament_install']
[0.133s] Level 1:colcon.colcon_core.package_identification:_identify(robot/ros_ws/src/autonomy/6_behavior/behavior_executive) by extension 'ignore'
[0.133s] Level 1:colcon.colcon_core.package_identification:_identify(robot/ros_ws/src/autonomy/6_behavior/behavior_executive) by extension 'ignore_ament_install'
[0.133s] Level 1:colcon.colcon_core.package_identification:_identify(robot/ros_ws/src/autonomy/6_behavior/behavior_executive) by extensions ['colcon_pkg']
[0.133s] Level 1:colcon.colcon_core.package_identification:_identify(robot/ros_ws/src/autonomy/6_behavior/behavior_executive) by extension 'colcon_pkg'
[0.134s] Level 1:colcon.colcon_core.package_identification:_identify(robot/ros_ws/src/autonomy/6_behavior/behavior_executive) by extensions ['colcon_meta']
[0.134s] Level 1:colcon.colcon_core.package_identification:_identify(robot/ros_ws/src/autonomy/6_behavior/behavior_executive) by extension 'colcon_meta'
[0.134s] Level 1:colcon.colcon_core.package_identification:_identify(robot/ros_ws/src/autonomy/6_behavior/behavior_executive) by extensions ['ros']
[0.134s] Level 1:colcon.colcon_core.package_identification:_identify(robot/ros_ws/src/autonomy/6_behavior/behavior_executive) by extension 'ros'
[0.134s] DEBUG:colcon.colcon_core.package_identification:Package 'robot/ros_ws/src/autonomy/6_behavior/behavior_executive' with type 'ros.ament_cmake' and name 'behavior_executive'
[0.134s] Level 1:colcon.colcon_core.package_identification:_identify(robot/ros_ws/src/autonomy/6_behavior/behavior_tree) by extensions ['ignore', 'ignore_ament_install']
[0.134s] Level 1:colcon.colcon_core.package_identification:_identify(robot/ros_ws/src/autonomy/6_behavior/behavior_tree) by extension 'ignore'
[0.134s] Level 1:colcon.colcon_core.package_identification:_identify(robot/ros_ws/src/autonomy/6_behavior/behavior_tree) by extension 'ignore_ament_install'
[0.134s] Level 1:colcon.colcon_core.package_identification:_identify(robot/ros_ws/src/autonomy/6_behavior/behavior_tree) by extensions ['colcon_pkg']
[0.134s] Level 1:colcon.colcon_core.package_identification:_identify(robot/ros_ws/src/autonomy/6_behavior/behavior_tree) by extension 'colcon_pkg'
[0.134s] Level 1:colcon.colcon_core.package_identification:_identify(robot/ros_ws/src/autonomy/6_behavior/behavior_tree) by extensions ['colcon_meta']
[0.134s] Level 1:colcon.colcon_core.package_identification:_identify(robot/ros_ws/src/autonomy/6_behavior/behavior_tree) by extension 'colcon_meta'
[0.134s] Level 1:colcon.colcon_core.package_identification:_identify(robot/ros_ws/src/autonomy/6_behavior/behavior_tree) by extensions ['ros']
[0.134s] Level 1:colcon.colcon_core.package_identification:_identify(robot/ros_ws/src/autonomy/6_behavior/behavior_tree) by extension 'ros'
[0.134s] DEBUG:colcon.colcon_core.package_identification:Package 'robot/ros_ws/src/autonomy/6_behavior/behavior_tree' with type 'ros.ament_cmake' and name 'behavior_tree'
[0.134s] Level 1:colcon.colcon_core.package_identification:_identify(robot/ros_ws/src/autonomy/6_behavior/rqt_behavior_tree_command) by extensions ['ignore', 'ignore_ament_install']
[0.134s] Level 1:colcon.colcon_core.package_identification:_identify(robot/ros_ws/src/autonomy/6_behavior/rqt_behavior_tree_command) by extension 'ignore'
[0.134s] Level 1:colcon.colcon_core.package_identification:_identify(robot/ros_ws/src/autonomy/6_behavior/rqt_behavior_tree_command) by extension 'ignore_ament_install'
[0.134s] Level 1:colcon.colcon_core.package_identification:_identify(robot/ros_ws/src/autonomy/6_behavior/rqt_behavior_tree_command) by extensions ['colcon_pkg']
[0.134s] Level 1:colcon.colcon_core.package_identification:_identify(robot/ros_ws/src/autonomy/6_behavior/rqt_behavior_tree_command) by extension 'colcon_pkg'
[0.134s] Level 1:colcon.colcon_core.package_identification:_identify(robot/ros_ws/src/autonomy/6_behavior/rqt_behavior_tree_command) by extensions ['colcon_meta']
[0.134s] Level 1:colcon.colcon_core.package_identification:_identify(robot/ros_ws/src/autonomy/6_behavior/rqt_behavior_tree_command) by extension 'colcon_meta'
[0.134s] Level 1:colcon.colcon_core.package_identification:_identify(robot/ros_ws/src/autonomy/6_behavior/rqt_behavior_tree_command) by extensions ['ros']
[0.134s] Level 1:colcon.colcon_core.package_identification:_identify(robot/ros_ws/src/autonomy/6_behavior/rqt_behavior_tree_command) by extension 'ros'
[0.135s] DEBUG:colcon.colcon_core.package_identification:Package 'robot/ros_ws/src/autonomy/6_behavior/rqt_behavior_tree_command' with type 'ros.ament_python' and name 'rqt_behavior_tree_command'
[0.135s] Level 1:colcon.colcon_core.package_identification:_identify(robot/ros_ws/src/autonomy/6_behavior/rqt_fixed_trajectory_generator) by extensions ['ignore', 'ignore_ament_install']
[0.135s] Level 1:colcon.colcon_core.package_identification:_identify(robot/ros_ws/src/autonomy/6_behavior/rqt_fixed_trajectory_generator) by extension 'ignore'
[0.135s] Level 1:colcon.colcon_core.package_identification:_identify(robot/ros_ws/src/autonomy/6_behavior/rqt_fixed_trajectory_generator) by extension 'ignore_ament_install'
[0.135s] Level 1:colcon.colcon_core.package_identification:_identify(robot/ros_ws/src/autonomy/6_behavior/rqt_fixed_trajectory_generator) by extensions ['colcon_pkg']
[0.135s] Level 1:colcon.colcon_core.package_identification:_identify(robot/ros_ws/src/autonomy/6_behavior/rqt_fixed_trajectory_generator) by extension 'colcon_pkg'
[0.135s] Level 1:colcon.colcon_core.package_identification:_identify(robot/ros_ws/src/autonomy/6_behavior/rqt_fixed_trajectory_generator) by extensions ['colcon_meta']
[0.135s] Level 1:colcon.colcon_core.package_identification:_identify(robot/ros_ws/src/autonomy/6_behavior/rqt_fixed_trajectory_generator) by extension 'colcon_meta'
[0.135s] Level 1:colcon.colcon_core.package_identification:_identify(robot/ros_ws/src/autonomy/6_behavior/rqt_fixed_trajectory_generator) by extensions ['ros']
[0.135s] Level 1:colcon.colcon_core.package_identification:_identify(robot/ros_ws/src/autonomy/6_behavior/rqt_fixed_trajectory_generator) by extension 'ros'
[0.135s] DEBUG:colcon.colcon_core.package_identification:Package 'robot/ros_ws/src/autonomy/6_behavior/rqt_fixed_trajectory_generator' with type 'ros.ament_python' and name 'rqt_fixed_trajectory_generator'
[0.135s] Level 1:colcon.colcon_core.package_identification:_identify(robot/ros_ws/src/autonomy/autonomy_bringup) by extensions ['ignore', 'ignore_ament_install']
[0.135s] Level 1:colcon.colcon_core.package_identification:_identify(robot/ros_ws/src/autonomy/autonomy_bringup) by extension 'ignore'
[0.135s] Level 1:colcon.colcon_core.package_identification:_identify(robot/ros_ws/src/autonomy/autonomy_bringup) by extension 'ignore_ament_install'
[0.135s] Level 1:colcon.colcon_core.package_identification:_identify(robot/ros_ws/src/autonomy/autonomy_bringup) by extensions ['colcon_pkg']
[0.135s] Level 1:colcon.colcon_core.package_identification:_identify(robot/ros_ws/src/autonomy/autonomy_bringup) by extension 'colcon_pkg'
[0.135s] Level 1:colcon.colcon_core.package_identification:_identify(robot/ros_ws/src/autonomy/autonomy_bringup) by extensions ['colcon_meta']
[0.135s] Level 1:colcon.colcon_core.package_identification:_identify(robot/ros_ws/src/autonomy/autonomy_bringup) by extension 'colcon_meta'
[0.135s] Level 1:colcon.colcon_core.package_identification:_identify(robot/ros_ws/src/autonomy/autonomy_bringup) by extensions ['ros']
[0.135s] Level 1:colcon.colcon_core.package_identification:_identify(robot/ros_ws/src/autonomy/autonomy_bringup) by extension 'ros'
[0.135s] DEBUG:colcon.colcon_core.package_identification:Package 'robot/ros_ws/src/autonomy/autonomy_bringup' with type 'ros.ament_cmake' and name 'autonomy_bringup'
[0.136s] Level 1:colcon.colcon_core.package_identification:_identify(robot/ros_ws/src/base_urdf) by extensions ['ignore', 'ignore_ament_install']
[0.136s] Level 1:colcon.colcon_core.package_identification:_identify(robot/ros_ws/src/base_urdf) by extension 'ignore'
[0.136s] Level 1:colcon.colcon_core.package_identification:_identify(robot/ros_ws/src/base_urdf) by extension 'ignore_ament_install'
[0.136s] Level 1:colcon.colcon_core.package_identification:_identify(robot/ros_ws/src/base_urdf) by extensions ['colcon_pkg']
[0.136s] Level 1:colcon.colcon_core.package_identification:_identify(robot/ros_ws/src/base_urdf) by extension 'colcon_pkg'
[0.136s] Level 1:colcon.colcon_core.package_identification:_identify(robot/ros_ws/src/base_urdf) by extensions ['colcon_meta']
[0.136s] Level 1:colcon.colcon_core.package_identification:_identify(robot/ros_ws/src/base_urdf) by extension 'colcon_meta'
[0.136s] Level 1:colcon.colcon_core.package_identification:_identify(robot/ros_ws/src/base_urdf) by extensions ['ros']
[0.136s] Level 1:colcon.colcon_core.package_identification:_identify(robot/ros_ws/src/base_urdf) by extension 'ros'
[0.136s] Level 1:colcon.colcon_core.package_identification:_identify(robot/ros_ws/src/base_urdf) by extensions ['cmake', 'python']
[0.136s] Level 1:colcon.colcon_core.package_identification:_identify(robot/ros_ws/src/base_urdf) by extension 'cmake'
[0.136s] Level 1:colcon.colcon_core.package_identification:_identify(robot/ros_ws/src/base_urdf) by extension 'python'
[0.136s] Level 1:colcon.colcon_core.package_identification:_identify(robot/ros_ws/src/base_urdf) by extensions ['python_setup_py']
[0.136s] Level 1:colcon.colcon_core.package_identification:_identify(robot/ros_ws/src/base_urdf) by extension 'python_setup_py'
[0.136s] Level 1:colcon.colcon_core.package_identification:_identify(robot/ros_ws/src/base_urdf/meshes) by extensions ['ignore', 'ignore_ament_install']
[0.136s] Level 1:colcon.colcon_core.package_identification:_identify(robot/ros_ws/src/base_urdf/meshes) by extension 'ignore'
[0.136s] Level 1:colcon.colcon_core.package_identification:_identify(robot/ros_ws/src/base_urdf/meshes) by extension 'ignore_ament_install'
[0.136s] Level 1:colcon.colcon_core.package_identification:_identify(robot/ros_ws/src/base_urdf/meshes) by extensions ['colcon_pkg']
[0.136s] Level 1:colcon.colcon_core.package_identification:_identify(robot/ros_ws/src/base_urdf/meshes) by extension 'colcon_pkg'
[0.136s] Level 1:colcon.colcon_core.package_identification:_identify(robot/ros_ws/src/base_urdf/meshes) by extensions ['colcon_meta']
[0.136s] Level 1:colcon.colcon_core.package_identification:_identify(robot/ros_ws/src/base_urdf/meshes) by extension 'colcon_meta'
[0.136s] Level 1:colcon.colcon_core.package_identification:_identify(robot/ros_ws/src/base_urdf/meshes) by extensions ['ros']
[0.136s] Level 1:colcon.colcon_core.package_identification:_identify(robot/ros_ws/src/base_urdf/meshes) by extension 'ros'
[0.136s] Level 1:colcon.colcon_core.package_identification:_identify(robot/ros_ws/src/base_urdf/meshes) by extensions ['cmake', 'python']
[0.136s] Level 1:colcon.colcon_core.package_identification:_identify(robot/ros_ws/src/base_urdf/meshes) by extension 'cmake'
[0.136s] Level 1:colcon.colcon_core.package_identification:_identify(robot/ros_ws/src/base_urdf/meshes) by extension 'python'
[0.136s] Level 1:colcon.colcon_core.package_identification:_identify(robot/ros_ws/src/base_urdf/meshes) by extensions ['python_setup_py']
[0.136s] Level 1:colcon.colcon_core.package_identification:_identify(robot/ros_ws/src/base_urdf/meshes) by extension 'python_setup_py'
[0.136s] Level 1:colcon.colcon_core.package_identification:_identify(robot/ros_ws/src/build) by extensions ['ignore', 'ignore_ament_install']
[0.136s] Level 1:colcon.colcon_core.package_identification:_identify(robot/ros_ws/src/build) by extension 'ignore'
[0.136s] Level 1:colcon.colcon_core.package_identification:_identify(robot/ros_ws/src/build) ignored
[0.136s] Level 1:colcon.colcon_core.package_identification:_identify(robot/ros_ws/src/common) by extensions ['ignore', 'ignore_ament_install']
[0.136s] Level 1:colcon.colcon_core.package_identification:_identify(robot/ros_ws/src/common) by extension 'ignore'
[0.136s] Level 1:colcon.colcon_core.package_identification:_identify(robot/ros_ws/src/common) by extension 'ignore_ament_install'
[0.136s] Level 1:colcon.colcon_core.package_identification:_identify(robot/ros_ws/src/common) by extensions ['colcon_pkg']
[0.136s] Level 1:colcon.colcon_core.package_identification:_identify(robot/ros_ws/src/common) by extension 'colcon_pkg'
[0.136s] Level 1:colcon.colcon_core.package_identification:_identify(robot/ros_ws/src/common) by extensions ['colcon_meta']
[0.136s] Level 1:colcon.colcon_core.package_identification:_identify(robot/ros_ws/src/common) by extension 'colcon_meta'
[0.136s] Level 1:colcon.colcon_core.package_identification:_identify(robot/ros_ws/src/common) by extensions ['ros']
[0.136s] Level 1:colcon.colcon_core.package_identification:_identify(robot/ros_ws/src/common) by extension 'ros'
[0.136s] Level 1:colcon.colcon_core.package_identification:_identify(robot/ros_ws/src/common) by extensions ['cmake', 'python']
[0.136s] Level 1:colcon.colcon_core.package_identification:_identify(robot/ros_ws/src/common) by extension 'cmake'
[0.136s] Level 1:colcon.colcon_core.package_identification:_identify(robot/ros_ws/src/common) by extension 'python'
[0.136s] Level 1:colcon.colcon_core.package_identification:_identify(robot/ros_ws/src/common) by extensions ['python_setup_py']
[0.136s] Level 1:colcon.colcon_core.package_identification:_identify(robot/ros_ws/src/common) by extension 'python_setup_py'
[0.136s] Level 1:colcon.colcon_core.package_identification:_identify(robot/ros_ws/src/demo_bot_config) by extensions ['ignore', 'ignore_ament_install']
[0.136s] Level 1:colcon.colcon_core.package_identification:_identify(robot/ros_ws/src/demo_bot_config) by extension 'ignore'
[0.136s] Level 1:colcon.colcon_core.package_identification:_identify(robot/ros_ws/src/demo_bot_config) by extension 'ignore_ament_install'
[0.136s] Level 1:colcon.colcon_core.package_identification:_identify(robot/ros_ws/src/demo_bot_config) by extensions ['colcon_pkg']
[0.136s] Level 1:colcon.colcon_core.package_identification:_identify(robot/ros_ws/src/demo_bot_config) by extension 'colcon_pkg'
[0.136s] Level 1:colcon.colcon_core.package_identification:_identify(robot/ros_ws/src/demo_bot_config) by extensions ['colcon_meta']
[0.136s] Level 1:colcon.colcon_core.package_identification:_identify(robot/ros_ws/src/demo_bot_config) by extension 'colcon_meta'
[0.136s] Level 1:colcon.colcon_core.package_identification:_identify(robot/ros_ws/src/demo_bot_config) by extensions ['ros']
[0.136s] Level 1:colcon.colcon_core.package_identification:_identify(robot/ros_ws/src/demo_bot_config) by extension 'ros'
[0.136s] DEBUG:colcon.colcon_core.package_identification:Package 'robot/ros_ws/src/demo_bot_config' with type 'ros.ament_cmake' and name 'demo_bot_config'
[0.137s] Level 1:colcon.colcon_core.package_identification:_identify(robot/ros_ws/src/install) by extensions ['ignore', 'ignore_ament_install']
[0.137s] Level 1:colcon.colcon_core.package_identification:_identify(robot/ros_ws/src/install) by extension 'ignore'
[0.137s] Level 1:colcon.colcon_core.package_identification:_identify(robot/ros_ws/src/install) ignored
[0.137s] Level 1:colcon.colcon_core.package_identification:_identify(robot/ros_ws/src/log) by extensions ['ignore', 'ignore_ament_install']
[0.137s] Level 1:colcon.colcon_core.package_identification:_identify(robot/ros_ws/src/log) by extension 'ignore'
[0.137s] Level 1:colcon.colcon_core.package_identification:_identify(robot/ros_ws/src/log) ignored
[0.137s] Level 1:colcon.colcon_core.package_identification:_identify(robot/ros_ws/src/logging) by extensions ['ignore', 'ignore_ament_install']
[0.137s] Level 1:colcon.colcon_core.package_identification:_identify(robot/ros_ws/src/logging) by extension 'ignore'
[0.137s] Level 1:colcon.colcon_core.package_identification:_identify(robot/ros_ws/src/logging) by extension 'ignore_ament_install'
[0.137s] Level 1:colcon.colcon_core.package_identification:_identify(robot/ros_ws/src/logging) by extensions ['colcon_pkg']
[0.137s] Level 1:colcon.colcon_core.package_identification:_identify(robot/ros_ws/src/logging) by extension 'colcon_pkg'
[0.137s] Level 1:colcon.colcon_core.package_identification:_identify(robot/ros_ws/src/logging) by extensions ['colcon_meta']
[0.137s] Level 1:colcon.colcon_core.package_identification:_identify(robot/ros_ws/src/logging) by extension 'colcon_meta'
[0.137s] Level 1:colcon.colcon_core.package_identification:_identify(robot/ros_ws/src/logging) by extensions ['ros']
[0.137s] Level 1:colcon.colcon_core.package_identification:_identify(robot/ros_ws/src/logging) by extension 'ros'
[0.137s] Level 1:colcon.colcon_core.package_identification:_identify(robot/ros_ws/src/logging) by extensions ['cmake', 'python']
[0.137s] Level 1:colcon.colcon_core.package_identification:_identify(robot/ros_ws/src/logging) by extension 'cmake'
[0.137s] Level 1:colcon.colcon_core.package_identification:_identify(robot/ros_ws/src/logging) by extension 'python'
[0.137s] Level 1:colcon.colcon_core.package_identification:_identify(robot/ros_ws/src/logging) by extensions ['python_setup_py']
[0.137s] Level 1:colcon.colcon_core.package_identification:_identify(robot/ros_ws/src/logging) by extension 'python_setup_py'
[0.137s] Level 1:colcon.colcon_core.package_identification:_identify(robot/ros_ws/src/logging/logging_bringup) by extensions ['ignore', 'ignore_ament_install']
[0.137s] Level 1:colcon.colcon_core.package_identification:_identify(robot/ros_ws/src/logging/logging_bringup) by extension 'ignore'
[0.137s] Level 1:colcon.colcon_core.package_identification:_identify(robot/ros_ws/src/logging/logging_bringup) by extension 'ignore_ament_install'
[0.137s] Level 1:colcon.colcon_core.package_identification:_identify(robot/ros_ws/src/logging/logging_bringup) by extensions ['colcon_pkg']
[0.137s] Level 1:colcon.colcon_core.package_identification:_identify(robot/ros_ws/src/logging/logging_bringup) by extension 'colcon_pkg'
[0.137s] Level 1:colcon.colcon_core.package_identification:_identify(robot/ros_ws/src/logging/logging_bringup) by extensions ['colcon_meta']
[0.137s] Level 1:colcon.colcon_core.package_identification:_identify(robot/ros_ws/src/logging/logging_bringup) by extension 'colcon_meta'
[0.137s] Level 1:colcon.colcon_core.package_identification:_identify(robot/ros_ws/src/logging/logging_bringup) by extensions ['ros']
[0.137s] Level 1:colcon.colcon_core.package_identification:_identify(robot/ros_ws/src/logging/logging_bringup) by extension 'ros'
[0.137s] DEBUG:colcon.colcon_core.package_identification:Package 'robot/ros_ws/src/logging/logging_bringup' with type 'ros.ament_cmake' and name 'logging_bringup'
[0.137s] Level 1:colcon.colcon_core.package_identification:_identify(robot/ros_ws/src/robot_bringup) by extensions ['ignore', 'ignore_ament_install']
[0.137s] Level 1:colcon.colcon_core.package_identification:_identify(robot/ros_ws/src/robot_bringup) by extension 'ignore'
[0.137s] Level 1:colcon.colcon_core.package_identification:_identify(robot/ros_ws/src/robot_bringup) by extension 'ignore_ament_install'
[0.137s] Level 1:colcon.colcon_core.package_identification:_identify(robot/ros_ws/src/robot_bringup) by extensions ['colcon_pkg']
[0.137s] Level 1:colcon.colcon_core.package_identification:_identify(robot/ros_ws/src/robot_bringup) by extension 'colcon_pkg'
[0.137s] Level 1:colcon.colcon_core.package_identification:_identify(robot/ros_ws/src/robot_bringup) by extensions ['colcon_meta']
[0.137s] Level 1:colcon.colcon_core.package_identification:_identify(robot/ros_ws/src/robot_bringup) by extension 'colcon_meta'
[0.137s] Level 1:colcon.colcon_core.package_identification:_identify(robot/ros_ws/src/robot_bringup) by extensions ['ros']
[0.137s] Level 1:colcon.colcon_core.package_identification:_identify(robot/ros_ws/src/robot_bringup) by extension 'ros'
[0.137s] DEBUG:colcon.colcon_core.package_identification:Package 'robot/ros_ws/src/robot_bringup' with type 'ros.ament_cmake' and name 'robot_bringup'
[0.137s] Level 1:colcon.colcon_core.package_identification:_identify(simulation) by extensions ['ignore', 'ignore_ament_install']
[0.138s] Level 1:colcon.colcon_core.package_identification:_identify(simulation) by extension 'ignore'
[0.138s] Level 1:colcon.colcon_core.package_identification:_identify(simulation) by extension 'ignore_ament_install'
[0.138s] Level 1:colcon.colcon_core.package_identification:_identify(simulation) by extensions ['colcon_pkg']
[0.138s] Level 1:colcon.colcon_core.package_identification:_identify(simulation) by extension 'colcon_pkg'
[0.138s] Level 1:colcon.colcon_core.package_identification:_identify(simulation) by extensions ['colcon_meta']
[0.138s] Level 1:colcon.colcon_core.package_identification:_identify(simulation) by extension 'colcon_meta'
[0.138s] Level 1:colcon.colcon_core.package_identification:_identify(simulation) by extensions ['ros']
[0.138s] Level 1:colcon.colcon_core.package_identification:_identify(simulation) by extension 'ros'
[0.138s] Level 1:colcon.colcon_core.package_identification:_identify(simulation) by extensions ['cmake', 'python']
[0.138s] Level 1:colcon.colcon_core.package_identification:_identify(simulation) by extension 'cmake'
[0.138s] Level 1:colcon.colcon_core.package_identification:_identify(simulation) by extension 'python'
[0.138s] Level 1:colcon.colcon_core.package_identification:_identify(simulation) by extensions ['python_setup_py']
[0.138s] Level 1:colcon.colcon_core.package_identification:_identify(simulation) by extension 'python_setup_py'
[0.138s] Level 1:colcon.colcon_core.package_identification:_identify(simulation/isaac-sim) by extensions ['ignore', 'ignore_ament_install']
[0.138s] Level 1:colcon.colcon_core.package_identification:_identify(simulation/isaac-sim) by extension 'ignore'
[0.138s] Level 1:colcon.colcon_core.package_identification:_identify(simulation/isaac-sim) by extension 'ignore_ament_install'
[0.138s] Level 1:colcon.colcon_core.package_identification:_identify(simulation/isaac-sim) by extensions ['colcon_pkg']
[0.138s] Level 1:colcon.colcon_core.package_identification:_identify(simulation/isaac-sim) by extension 'colcon_pkg'
[0.138s] Level 1:colcon.colcon_core.package_identification:_identify(simulation/isaac-sim) by extensions ['colcon_meta']
[0.138s] Level 1:colcon.colcon_core.package_identification:_identify(simulation/isaac-sim) by extension 'colcon_meta'
[0.138s] Level 1:colcon.colcon_core.package_identification:_identify(simulation/isaac-sim) by extensions ['ros']
[0.138s] Level 1:colcon.colcon_core.package_identification:_identify(simulation/isaac-sim) by extension 'ros'
[0.138s] Level 1:colcon.colcon_core.package_identification:_identify(simulation/isaac-sim) by extensions ['cmake', 'python']
[0.138s] Level 1:colcon.colcon_core.package_identification:_identify(simulation/isaac-sim) by extension 'cmake'
[0.138s] Level 1:colcon.colcon_core.package_identification:_identify(simulation/isaac-sim) by extension 'python'
[0.138s] Level 1:colcon.colcon_core.package_identification:_identify(simulation/isaac-sim) by extensions ['python_setup_py']
[0.138s] Level 1:colcon.colcon_core.package_identification:_identify(simulation/isaac-sim) by extension 'python_setup_py'
[0.138s] Level 1:colcon.colcon_core.package_identification:_identify(simulation/isaac-sim/Autolabv8.step_01) by extensions ['ignore', 'ignore_ament_install']
[0.138s] Level 1:colcon.colcon_core.package_identification:_identify(simulation/isaac-sim/Autolabv8.step_01) by extension 'ignore'
[0.138s] Level 1:colcon.colcon_core.package_identification:_identify(simulation/isaac-sim/Autolabv8.step_01) by extension 'ignore_ament_install'
[0.138s] Level 1:colcon.colcon_core.package_identification:_identify(simulation/isaac-sim/Autolabv8.step_01) by extensions ['colcon_pkg']
[0.138s] Level 1:colcon.colcon_core.package_identification:_identify(simulation/isaac-sim/Autolabv8.step_01) by extension 'colcon_pkg'
[0.138s] Level 1:colcon.colcon_core.package_identification:_identify(simulation/isaac-sim/Autolabv8.step_01) by extensions ['colcon_meta']
[0.138s] Level 1:colcon.colcon_core.package_identification:_identify(simulation/isaac-sim/Autolabv8.step_01) by extension 'colcon_meta'
[0.138s] Level 1:colcon.colcon_core.package_identification:_identify(simulation/isaac-sim/Autolabv8.step_01) by extensions ['ros']
[0.138s] Level 1:colcon.colcon_core.package_identification:_identify(simulation/isaac-sim/Autolabv8.step_01) by extension 'ros'
[0.138s] Level 1:colcon.colcon_core.package_identification:_identify(simulation/isaac-sim/Autolabv8.step_01) by extensions ['cmake', 'python']
[0.138s] Level 1:colcon.colcon_core.package_identification:_identify(simulation/isaac-sim/Autolabv8.step_01) by extension 'cmake'
[0.138s] Level 1:colcon.colcon_core.package_identification:_identify(simulation/isaac-sim/Autolabv8.step_01) by extension 'python'
[0.138s] Level 1:colcon.colcon_core.package_identification:_identify(simulation/isaac-sim/Autolabv8.step_01) by extensions ['python_setup_py']
[0.138s] Level 1:colcon.colcon_core.package_identification:_identify(simulation/isaac-sim/Autolabv8.step_01) by extension 'python_setup_py'
[0.138s] Level 1:colcon.colcon_core.package_identification:_identify(simulation/isaac-sim/Autolabv8.step_01/Materials) by extensions ['ignore', 'ignore_ament_install']
[0.138s] Level 1:colcon.colcon_core.package_identification:_identify(simulation/isaac-sim/Autolabv8.step_01/Materials) by extension 'ignore'
[0.138s] Level 1:colcon.colcon_core.package_identification:_identify(simulation/isaac-sim/Autolabv8.step_01/Materials) by extension 'ignore_ament_install'
[0.138s] Level 1:colcon.colcon_core.package_identification:_identify(simulation/isaac-sim/Autolabv8.step_01/Materials) by extensions ['colcon_pkg']
[0.138s] Level 1:colcon.colcon_core.package_identification:_identify(simulation/isaac-sim/Autolabv8.step_01/Materials) by extension 'colcon_pkg'
[0.138s] Level 1:colcon.colcon_core.package_identification:_identify(simulation/isaac-sim/Autolabv8.step_01/Materials) by extensions ['colcon_meta']
[0.138s] Level 1:colcon.colcon_core.package_identification:_identify(simulation/isaac-sim/Autolabv8.step_01/Materials) by extension 'colcon_meta'
[0.138s] Level 1:colcon.colcon_core.package_identification:_identify(simulation/isaac-sim/Autolabv8.step_01/Materials) by extensions ['ros']
[0.138s] Level 1:colcon.colcon_core.package_identification:_identify(simulation/isaac-sim/Autolabv8.step_01/Materials) by extension 'ros'
[0.138s] Level 1:colcon.colcon_core.package_identification:_identify(simulation/isaac-sim/Autolabv8.step_01/Materials) by extensions ['cmake', 'python']
[0.138s] Level 1:colcon.colcon_core.package_identification:_identify(simulation/isaac-sim/Autolabv8.step_01/Materials) by extension 'cmake'
[0.138s] Level 1:colcon.colcon_core.package_identification:_identify(simulation/isaac-sim/Autolabv8.step_01/Materials) by extension 'python'
[0.138s] Level 1:colcon.colcon_core.package_identification:_identify(simulation/isaac-sim/Autolabv8.step_01/Materials) by extensions ['python_setup_py']
[0.138s] Level 1:colcon.colcon_core.package_identification:_identify(simulation/isaac-sim/Autolabv8.step_01/Materials) by extension 'python_setup_py'
[0.138s] Level 1:colcon.colcon_core.package_identification:_identify(simulation/isaac-sim/Autolabv8.step_01/parts) by extensions ['ignore', 'ignore_ament_install']
[0.138s] Level 1:colcon.colcon_core.package_identification:_identify(simulation/isaac-sim/Autolabv8.step_01/parts) by extension 'ignore'
[0.138s] Level 1:colcon.colcon_core.package_identification:_identify(simulation/isaac-sim/Autolabv8.step_01/parts) by extension 'ignore_ament_install'
[0.138s] Level 1:colcon.colcon_core.package_identification:_identify(simulation/isaac-sim/Autolabv8.step_01/parts) by extensions ['colcon_pkg']
[0.138s] Level 1:colcon.colcon_core.package_identification:_identify(simulation/isaac-sim/Autolabv8.step_01/parts) by extension 'colcon_pkg'
[0.138s] Level 1:colcon.colcon_core.package_identification:_identify(simulation/isaac-sim/Autolabv8.step_01/parts) by extensions ['colcon_meta']
[0.138s] Level 1:colcon.colcon_core.package_identification:_identify(simulation/isaac-sim/Autolabv8.step_01/parts) by extension 'colcon_meta'
[0.138s] Level 1:colcon.colcon_core.package_identification:_identify(simulation/isaac-sim/Autolabv8.step_01/parts) by extensions ['ros']
[0.138s] Level 1:colcon.colcon_core.package_identification:_identify(simulation/isaac-sim/Autolabv8.step_01/parts) by extension 'ros'
[0.138s] Level 1:colcon.colcon_core.package_identification:_identify(simulation/isaac-sim/Autolabv8.step_01/parts) by extensions ['cmake', 'python']
[0.138s] Level 1:colcon.colcon_core.package_identification:_identify(simulation/isaac-sim/Autolabv8.step_01/parts) by extension 'cmake'
[0.138s] Level 1:colcon.colcon_core.package_identification:_identify(simulation/isaac-sim/Autolabv8.step_01/parts) by extension 'python'
[0.138s] Level 1:colcon.colcon_core.package_identification:_identify(simulation/isaac-sim/Autolabv8.step_01/parts) by extensions ['python_setup_py']
[0.138s] Level 1:colcon.colcon_core.package_identification:_identify(simulation/isaac-sim/Autolabv8.step_01/parts) by extension 'python_setup_py'
[0.139s] Level 1:colcon.colcon_core.package_identification:_identify(simulation/isaac-sim/config) by extensions ['ignore', 'ignore_ament_install']
[0.139s] Level 1:colcon.colcon_core.package_identification:_identify(simulation/isaac-sim/config) by extension 'ignore'
[0.139s] Level 1:colcon.colcon_core.package_identification:_identify(simulation/isaac-sim/config) by extension 'ignore_ament_install'
[0.139s] Level 1:colcon.colcon_core.package_identification:_identify(simulation/isaac-sim/config) by extensions ['colcon_pkg']
[0.139s] Level 1:colcon.colcon_core.package_identification:_identify(simulation/isaac-sim/config) by extension 'colcon_pkg'
[0.139s] Level 1:colcon.colcon_core.package_identification:_identify(simulation/isaac-sim/config) by extensions ['colcon_meta']
[0.139s] Level 1:colcon.colcon_core.package_identification:_identify(simulation/isaac-sim/config) by extension 'colcon_meta'
[0.139s] Level 1:colcon.colcon_core.package_identification:_identify(simulation/isaac-sim/config) by extensions ['ros']
[0.139s] Level 1:colcon.colcon_core.package_identification:_identify(simulation/isaac-sim/config) by extension 'ros'
[0.139s] Level 1:colcon.colcon_core.package_identification:_identify(simulation/isaac-sim/config) by extensions ['cmake', 'python']
[0.139s] Level 1:colcon.colcon_core.package_identification:_identify(simulation/isaac-sim/config) by extension 'cmake'
[0.139s] Level 1:colcon.colcon_core.package_identification:_identify(simulation/isaac-sim/config) by extension 'python'
[0.139s] Level 1:colcon.colcon_core.package_identification:_identify(simulation/isaac-sim/config) by extensions ['python_setup_py']
[0.139s] Level 1:colcon.colcon_core.package_identification:_identify(simulation/isaac-sim/config) by extension 'python_setup_py'
[0.139s] Level 1:colcon.colcon_core.package_identification:_identify(simulation/isaac-sim/configuration) by extensions ['ignore', 'ignore_ament_install']
[0.139s] Level 1:colcon.colcon_core.package_identification:_identify(simulation/isaac-sim/configuration) by extension 'ignore'
[0.139s] Level 1:colcon.colcon_core.package_identification:_identify(simulation/isaac-sim/configuration) by extension 'ignore_ament_install'
[0.139s] Level 1:colcon.colcon_core.package_identification:_identify(simulation/isaac-sim/configuration) by extensions ['colcon_pkg']
[0.139s] Level 1:colcon.colcon_core.package_identification:_identify(simulation/isaac-sim/configuration) by extension 'colcon_pkg'
[0.139s] Level 1:colcon.colcon_core.package_identification:_identify(simulation/isaac-sim/configuration) by extensions ['colcon_meta']
[0.139s] Level 1:colcon.colcon_core.package_identification:_identify(simulation/isaac-sim/configuration) by extension 'colcon_meta'
[0.139s] Level 1:colcon.colcon_core.package_identification:_identify(simulation/isaac-sim/configuration) by extensions ['ros']
[0.139s] Level 1:colcon.colcon_core.package_identification:_identify(simulation/isaac-sim/configuration) by extension 'ros'
[0.139s] Level 1:colcon.colcon_core.package_identification:_identify(simulation/isaac-sim/configuration) by extensions ['cmake', 'python']
[0.139s] Level 1:colcon.colcon_core.package_identification:_identify(simulation/isaac-sim/configuration) by extension 'cmake'
[0.139s] Level 1:colcon.colcon_core.package_identification:_identify(simulation/isaac-sim/configuration) by extension 'python'
[0.139s] Level 1:colcon.colcon_core.package_identification:_identify(simulation/isaac-sim/configuration) by extensions ['python_setup_py']
[0.139s] Level 1:colcon.colcon_core.package_identification:_identify(simulation/isaac-sim/configuration) by extension 'python_setup_py'
[0.139s] Level 1:colcon.colcon_core.package_identification:_identify(simulation/isaac-sim/docker) by extensions ['ignore', 'ignore_ament_install']
[0.139s] Level 1:colcon.colcon_core.package_identification:_identify(simulation/isaac-sim/docker) by extension 'ignore'
[0.139s] Level 1:colcon.colcon_core.package_identification:_identify(simulation/isaac-sim/docker) by extension 'ignore_ament_install'
[0.139s] Level 1:colcon.colcon_core.package_identification:_identify(simulation/isaac-sim/docker) by extensions ['colcon_pkg']
[0.139s] Level 1:colcon.colcon_core.package_identification:_identify(simulation/isaac-sim/docker) by extension 'colcon_pkg'
[0.139s] Level 1:colcon.colcon_core.package_identification:_identify(simulation/isaac-sim/docker) by extensions ['colcon_meta']
[0.139s] Level 1:colcon.colcon_core.package_identification:_identify(simulation/isaac-sim/docker) by extension 'colcon_meta'
[0.139s] Level 1:colcon.colcon_core.package_identification:_identify(simulation/isaac-sim/docker) by extensions ['ros']
[0.139s] Level 1:colcon.colcon_core.package_identification:_identify(simulation/isaac-sim/docker) by extension 'ros'
[0.139s] Level 1:colcon.colcon_core.package_identification:_identify(simulation/isaac-sim/docker) by extensions ['cmake', 'python']
[0.139s] Level 1:colcon.colcon_core.package_identification:_identify(simulation/isaac-sim/docker) by extension 'cmake'
[0.139s] Level 1:colcon.colcon_core.package_identification:_identify(simulation/isaac-sim/docker) by extension 'python'
[0.139s] Level 1:colcon.colcon_core.package_identification:_identify(simulation/isaac-sim/docker) by extensions ['python_setup_py']
[0.139s] Level 1:colcon.colcon_core.package_identification:_identify(simulation/isaac-sim/docker) by extension 'python_setup_py'
[0.139s] Level 1:colcon.colcon_core.package_identification:_identify(simulation/isaac-sim/docker/ui.py) by extensions ['ignore', 'ignore_ament_install']
[0.139s] Level 1:colcon.colcon_core.package_identification:_identify(simulation/isaac-sim/docker/ui.py) by extension 'ignore'
[0.139s] Level 1:colcon.colcon_core.package_identification:_identify(simulation/isaac-sim/docker/ui.py) by extension 'ignore_ament_install'
[0.139s] Level 1:colcon.colcon_core.package_identification:_identify(simulation/isaac-sim/docker/ui.py) by extensions ['colcon_pkg']
[0.139s] Level 1:colcon.colcon_core.package_identification:_identify(simulation/isaac-sim/docker/ui.py) by extension 'colcon_pkg'
[0.139s] Level 1:colcon.colcon_core.package_identification:_identify(simulation/isaac-sim/docker/ui.py) by extensions ['colcon_meta']
[0.139s] Level 1:colcon.colcon_core.package_identification:_identify(simulation/isaac-sim/docker/ui.py) by extension 'colcon_meta'
[0.139s] Level 1:colcon.colcon_core.package_identification:_identify(simulation/isaac-sim/docker/ui.py) by extensions ['ros']
[0.139s] Level 1:colcon.colcon_core.package_identification:_identify(simulation/isaac-sim/docker/ui.py) by extension 'ros'
[0.139s] Level 1:colcon.colcon_core.package_identification:_identify(simulation/isaac-sim/docker/ui.py) by extensions ['cmake', 'python']
[0.139s] Level 1:colcon.colcon_core.package_identification:_identify(simulation/isaac-sim/docker/ui.py) by extension 'cmake'
[0.139s] Level 1:colcon.colcon_core.package_identification:_identify(simulation/isaac-sim/docker/ui.py) by extension 'python'
[0.139s] Level 1:colcon.colcon_core.package_identification:_identify(simulation/isaac-sim/docker/ui.py) by extensions ['python_setup_py']
[0.139s] Level 1:colcon.colcon_core.package_identification:_identify(simulation/isaac-sim/docker/ui.py) by extension 'python_setup_py'
[0.139s] Level 1:colcon.colcon_core.package_identification:_identify(simulation/isaac-sim/docker/user.config.json) by extensions ['ignore', 'ignore_ament_install']
[0.139s] Level 1:colcon.colcon_core.package_identification:_identify(simulation/isaac-sim/docker/user.config.json) by extension 'ignore'
[0.139s] Level 1:colcon.colcon_core.package_identification:_identify(simulation/isaac-sim/docker/user.config.json) by extension 'ignore_ament_install'
[0.139s] Level 1:colcon.colcon_core.package_identification:_identify(simulation/isaac-sim/docker/user.config.json) by extensions ['colcon_pkg']
[0.139s] Level 1:colcon.colcon_core.package_identification:_identify(simulation/isaac-sim/docker/user.config.json) by extension 'colcon_pkg'
[0.139s] Level 1:colcon.colcon_core.package_identification:_identify(simulation/isaac-sim/docker/user.config.json) by extensions ['colcon_meta']
[0.139s] Level 1:colcon.colcon_core.package_identification:_identify(simulation/isaac-sim/docker/user.config.json) by extension 'colcon_meta'
[0.139s] Level 1:colcon.colcon_core.package_identification:_identify(simulation/isaac-sim/docker/user.config.json) by extensions ['ros']
[0.139s] Level 1:colcon.colcon_core.package_identification:_identify(simulation/isaac-sim/docker/user.config.json) by extension 'ros'
[0.139s] Level 1:colcon.colcon_core.package_identification:_identify(simulation/isaac-sim/docker/user.config.json) by extensions ['cmake', 'python']
[0.139s] Level 1:colcon.colcon_core.package_identification:_identify(simulation/isaac-sim/docker/user.config.json) by extension 'cmake'
[0.139s] Level 1:colcon.colcon_core.package_identification:_identify(simulation/isaac-sim/docker/user.config.json) by extension 'python'
[0.139s] Level 1:colcon.colcon_core.package_identification:_identify(simulation/isaac-sim/docker/user.config.json) by extensions ['python_setup_py']
[0.139s] Level 1:colcon.colcon_core.package_identification:_identify(simulation/isaac-sim/docker/user.config.json) by extension 'python_setup_py'
[0.139s] Level 1:colcon.colcon_core.package_identification:_identify(simulation/isaac-sim/exts) by extensions ['ignore', 'ignore_ament_install']
[0.139s] Level 1:colcon.colcon_core.package_identification:_identify(simulation/isaac-sim/exts) by extension 'ignore'
[0.140s] Level 1:colcon.colcon_core.package_identification:_identify(simulation/isaac-sim/exts) by extension 'ignore_ament_install'
[0.140s] Level 1:colcon.colcon_core.package_identification:_identify(simulation/isaac-sim/exts) by extensions ['colcon_pkg']
[0.140s] Level 1:colcon.colcon_core.package_identification:_identify(simulation/isaac-sim/exts) by extension 'colcon_pkg'
[0.140s] Level 1:colcon.colcon_core.package_identification:_identify(simulation/isaac-sim/exts) by extensions ['colcon_meta']
[0.140s] Level 1:colcon.colcon_core.package_identification:_identify(simulation/isaac-sim/exts) by extension 'colcon_meta'
[0.140s] Level 1:colcon.colcon_core.package_identification:_identify(simulation/isaac-sim/exts) by extensions ['ros']
[0.140s] Level 1:colcon.colcon_core.package_identification:_identify(simulation/isaac-sim/exts) by extension 'ros'
[0.140s] Level 1:colcon.colcon_core.package_identification:_identify(simulation/isaac-sim/exts) by extensions ['cmake', 'python']
[0.140s] Level 1:colcon.colcon_core.package_identification:_identify(simulation/isaac-sim/exts) by extension 'cmake'
[0.140s] Level 1:colcon.colcon_core.package_identification:_identify(simulation/isaac-sim/exts) by extension 'python'
[0.140s] Level 1:colcon.colcon_core.package_identification:_identify(simulation/isaac-sim/exts) by extensions ['python_setup_py']
[0.140s] Level 1:colcon.colcon_core.package_identification:_identify(simulation/isaac-sim/exts) by extension 'python_setup_py'
[0.140s] Level 1:colcon.colcon_core.package_identification:_identify(simulation/isaac-sim/exts/sl.sensor.camera) by extensions ['ignore', 'ignore_ament_install']
[0.140s] Level 1:colcon.colcon_core.package_identification:_identify(simulation/isaac-sim/exts/sl.sensor.camera) by extension 'ignore'
[0.140s] Level 1:colcon.colcon_core.package_identification:_identify(simulation/isaac-sim/exts/sl.sensor.camera) by extension 'ignore_ament_install'
[0.140s] Level 1:colcon.colcon_core.package_identification:_identify(simulation/isaac-sim/exts/sl.sensor.camera) by extensions ['colcon_pkg']
[0.140s] Level 1:colcon.colcon_core.package_identification:_identify(simulation/isaac-sim/exts/sl.sensor.camera) by extension 'colcon_pkg'
[0.140s] Level 1:colcon.colcon_core.package_identification:_identify(simulation/isaac-sim/exts/sl.sensor.camera) by extensions ['colcon_meta']
[0.140s] Level 1:colcon.colcon_core.package_identification:_identify(simulation/isaac-sim/exts/sl.sensor.camera) by extension 'colcon_meta'
[0.140s] Level 1:colcon.colcon_core.package_identification:_identify(simulation/isaac-sim/exts/sl.sensor.camera) by extensions ['ros']
[0.140s] Level 1:colcon.colcon_core.package_identification:_identify(simulation/isaac-sim/exts/sl.sensor.camera) by extension 'ros'
[0.140s] Level 1:colcon.colcon_core.package_identification:_identify(simulation/isaac-sim/exts/sl.sensor.camera) by extensions ['cmake', 'python']
[0.140s] Level 1:colcon.colcon_core.package_identification:_identify(simulation/isaac-sim/exts/sl.sensor.camera) by extension 'cmake'
[0.140s] Level 1:colcon.colcon_core.package_identification:_identify(simulation/isaac-sim/exts/sl.sensor.camera) by extension 'python'
[0.140s] Level 1:colcon.colcon_core.package_identification:_identify(simulation/isaac-sim/exts/sl.sensor.camera) by extensions ['python_setup_py']
[0.140s] Level 1:colcon.colcon_core.package_identification:_identify(simulation/isaac-sim/exts/sl.sensor.camera) by extension 'python_setup_py'
[0.140s] Level 1:colcon.colcon_core.package_identification:_identify(simulation/isaac-sim/exts/sl.sensor.camera/config) by extensions ['ignore', 'ignore_ament_install']
[0.140s] Level 1:colcon.colcon_core.package_identification:_identify(simulation/isaac-sim/exts/sl.sensor.camera/config) by extension 'ignore'
[0.140s] Level 1:colcon.colcon_core.package_identification:_identify(simulation/isaac-sim/exts/sl.sensor.camera/config) by extension 'ignore_ament_install'
[0.140s] Level 1:colcon.colcon_core.package_identification:_identify(simulation/isaac-sim/exts/sl.sensor.camera/config) by extensions ['colcon_pkg']
[0.140s] Level 1:colcon.colcon_core.package_identification:_identify(simulation/isaac-sim/exts/sl.sensor.camera/config) by extension 'colcon_pkg'
[0.140s] Level 1:colcon.colcon_core.package_identification:_identify(simulation/isaac-sim/exts/sl.sensor.camera/config) by extensions ['colcon_meta']
[0.140s] Level 1:colcon.colcon_core.package_identification:_identify(simulation/isaac-sim/exts/sl.sensor.camera/config) by extension 'colcon_meta'
[0.140s] Level 1:colcon.colcon_core.package_identification:_identify(simulation/isaac-sim/exts/sl.sensor.camera/config) by extensions ['ros']
[0.140s] Level 1:colcon.colcon_core.package_identification:_identify(simulation/isaac-sim/exts/sl.sensor.camera/config) by extension 'ros'
[0.140s] Level 1:colcon.colcon_core.package_identification:_identify(simulation/isaac-sim/exts/sl.sensor.camera/config) by extensions ['cmake', 'python']
[0.140s] Level 1:colcon.colcon_core.package_identification:_identify(simulation/isaac-sim/exts/sl.sensor.camera/config) by extension 'cmake'
[0.140s] Level 1:colcon.colcon_core.package_identification:_identify(simulation/isaac-sim/exts/sl.sensor.camera/config) by extension 'python'
[0.140s] Level 1:colcon.colcon_core.package_identification:_identify(simulation/isaac-sim/exts/sl.sensor.camera/config) by extensions ['python_setup_py']
[0.140s] Level 1:colcon.colcon_core.package_identification:_identify(simulation/isaac-sim/exts/sl.sensor.camera/config) by extension 'python_setup_py'
[0.140s] Level 1:colcon.colcon_core.package_identification:_identify(simulation/isaac-sim/exts/sl.sensor.camera/data) by extensions ['ignore', 'ignore_ament_install']
[0.140s] Level 1:colcon.colcon_core.package_identification:_identify(simulation/isaac-sim/exts/sl.sensor.camera/data) by extension 'ignore'
[0.140s] Level 1:colcon.colcon_core.package_identification:_identify(simulation/isaac-sim/exts/sl.sensor.camera/data) by extension 'ignore_ament_install'
[0.140s] Level 1:colcon.colcon_core.package_identification:_identify(simulation/isaac-sim/exts/sl.sensor.camera/data) by extensions ['colcon_pkg']
[0.140s] Level 1:colcon.colcon_core.package_identification:_identify(simulation/isaac-sim/exts/sl.sensor.camera/data) by extension 'colcon_pkg'
[0.140s] Level 1:colcon.colcon_core.package_identification:_identify(simulation/isaac-sim/exts/sl.sensor.camera/data) by extensions ['colcon_meta']
[0.140s] Level 1:colcon.colcon_core.package_identification:_identify(simulation/isaac-sim/exts/sl.sensor.camera/data) by extension 'colcon_meta'
[0.140s] Level 1:colcon.colcon_core.package_identification:_identify(simulation/isaac-sim/exts/sl.sensor.camera/data) by extensions ['ros']
[0.140s] Level 1:colcon.colcon_core.package_identification:_identify(simulation/isaac-sim/exts/sl.sensor.camera/data) by extension 'ros'
[0.140s] Level 1:colcon.colcon_core.package_identification:_identify(simulation/isaac-sim/exts/sl.sensor.camera/data) by extensions ['cmake', 'python']
[0.140s] Level 1:colcon.colcon_core.package_identification:_identify(simulation/isaac-sim/exts/sl.sensor.camera/data) by extension 'cmake'
[0.140s] Level 1:colcon.colcon_core.package_identification:_identify(simulation/isaac-sim/exts/sl.sensor.camera/data) by extension 'python'
[0.140s] Level 1:colcon.colcon_core.package_identification:_identify(simulation/isaac-sim/exts/sl.sensor.camera/data) by extensions ['python_setup_py']
[0.140s] Level 1:colcon.colcon_core.package_identification:_identify(simulation/isaac-sim/exts/sl.sensor.camera/data) by extension 'python_setup_py'
[0.140s] Level 1:colcon.colcon_core.package_identification:_identify(simulation/isaac-sim/exts/sl.sensor.camera/docs) by extensions ['ignore', 'ignore_ament_install']
[0.140s] Level 1:colcon.colcon_core.package_identification:_identify(simulation/isaac-sim/exts/sl.sensor.camera/docs) by extension 'ignore'
[0.140s] Level 1:colcon.colcon_core.package_identification:_identify(simulation/isaac-sim/exts/sl.sensor.camera/docs) by extension 'ignore_ament_install'
[0.140s] Level 1:colcon.colcon_core.package_identification:_identify(simulation/isaac-sim/exts/sl.sensor.camera/docs) by extensions ['colcon_pkg']
[0.140s] Level 1:colcon.colcon_core.package_identification:_identify(simulation/isaac-sim/exts/sl.sensor.camera/docs) by extension 'colcon_pkg'
[0.140s] Level 1:colcon.colcon_core.package_identification:_identify(simulation/isaac-sim/exts/sl.sensor.camera/docs) by extensions ['colcon_meta']
[0.140s] Level 1:colcon.colcon_core.package_identification:_identify(simulation/isaac-sim/exts/sl.sensor.camera/docs) by extension 'colcon_meta'
[0.140s] Level 1:colcon.colcon_core.package_identification:_identify(simulation/isaac-sim/exts/sl.sensor.camera/docs) by extensions ['ros']
[0.140s] Level 1:colcon.colcon_core.package_identification:_identify(simulation/isaac-sim/exts/sl.sensor.camera/docs) by extension 'ros'
[0.140s] Level 1:colcon.colcon_core.package_identification:_identify(simulation/isaac-sim/exts/sl.sensor.camera/docs) by extensions ['cmake', 'python']
[0.140s] Level 1:colcon.colcon_core.package_identification:_identify(simulation/isaac-sim/exts/sl.sensor.camera/docs) by extension 'cmake'
[0.140s] Level 1:colcon.colcon_core.package_identification:_identify(simulation/isaac-sim/exts/sl.sensor.camera/docs) by extension 'python'
[0.140s] Level 1:colcon.colcon_core.package_identification:_identify(simulation/isaac-sim/exts/sl.sensor.camera/docs) by extensions ['python_setup_py']
[0.140s] Level 1:colcon.colcon_core.package_identification:_identify(simulation/isaac-sim/exts/sl.sensor.camera/docs) by extension 'python_setup_py'
[0.140s] Level 1:colcon.colcon_core.package_identification:_identify(simulation/isaac-sim/exts/sl.sensor.camera/sl) by extensions ['ignore', 'ignore_ament_install']
[0.140s] Level 1:colcon.colcon_core.package_identification:_identify(simulation/isaac-sim/exts/sl.sensor.camera/sl) by extension 'ignore'
[0.140s] Level 1:colcon.colcon_core.package_identification:_identify(simulation/isaac-sim/exts/sl.sensor.camera/sl) by extension 'ignore_ament_install'
[0.140s] Level 1:colcon.colcon_core.package_identification:_identify(simulation/isaac-sim/exts/sl.sensor.camera/sl) by extensions ['colcon_pkg']
[0.140s] Level 1:colcon.colcon_core.package_identification:_identify(simulation/isaac-sim/exts/sl.sensor.camera/sl) by extension 'colcon_pkg'
[0.140s] Level 1:colcon.colcon_core.package_identification:_identify(simulation/isaac-sim/exts/sl.sensor.camera/sl) by extensions ['colcon_meta']
[0.140s] Level 1:colcon.colcon_core.package_identification:_identify(simulation/isaac-sim/exts/sl.sensor.camera/sl) by extension 'colcon_meta'
[0.140s] Level 1:colcon.colcon_core.package_identification:_identify(simulation/isaac-sim/exts/sl.sensor.camera/sl) by extensions ['ros']
[0.140s] Level 1:colcon.colcon_core.package_identification:_identify(simulation/isaac-sim/exts/sl.sensor.camera/sl) by extension 'ros'
[0.141s] Level 1:colcon.colcon_core.package_identification:_identify(simulation/isaac-sim/exts/sl.sensor.camera/sl) by extensions ['cmake', 'python']
[0.141s] Level 1:colcon.colcon_core.package_identification:_identify(simulation/isaac-sim/exts/sl.sensor.camera/sl) by extension 'cmake'
[0.141s] Level 1:colcon.colcon_core.package_identification:_identify(simulation/isaac-sim/exts/sl.sensor.camera/sl) by extension 'python'
[0.141s] Level 1:colcon.colcon_core.package_identification:_identify(simulation/isaac-sim/exts/sl.sensor.camera/sl) by extensions ['python_setup_py']
[0.141s] Level 1:colcon.colcon_core.package_identification:_identify(simulation/isaac-sim/exts/sl.sensor.camera/sl) by extension 'python_setup_py'
[0.141s] Level 1:colcon.colcon_core.package_identification:_identify(simulation/isaac-sim/exts/sl.sensor.camera/sl/sensor) by extensions ['ignore', 'ignore_ament_install']
[0.141s] Level 1:colcon.colcon_core.package_identification:_identify(simulation/isaac-sim/exts/sl.sensor.camera/sl/sensor) by extension 'ignore'
[0.141s] Level 1:colcon.colcon_core.package_identification:_identify(simulation/isaac-sim/exts/sl.sensor.camera/sl/sensor) by extension 'ignore_ament_install'
[0.141s] Level 1:colcon.colcon_core.package_identification:_identify(simulation/isaac-sim/exts/sl.sensor.camera/sl/sensor) by extensions ['colcon_pkg']
[0.141s] Level 1:colcon.colcon_core.package_identification:_identify(simulation/isaac-sim/exts/sl.sensor.camera/sl/sensor) by extension 'colcon_pkg'
[0.141s] Level 1:colcon.colcon_core.package_identification:_identify(simulation/isaac-sim/exts/sl.sensor.camera/sl/sensor) by extensions ['colcon_meta']
[0.141s] Level 1:colcon.colcon_core.package_identification:_identify(simulation/isaac-sim/exts/sl.sensor.camera/sl/sensor) by extension 'colcon_meta'
[0.141s] Level 1:colcon.colcon_core.package_identification:_identify(simulation/isaac-sim/exts/sl.sensor.camera/sl/sensor) by extensions ['ros']
[0.141s] Level 1:colcon.colcon_core.package_identification:_identify(simulation/isaac-sim/exts/sl.sensor.camera/sl/sensor) by extension 'ros'
[0.141s] Level 1:colcon.colcon_core.package_identification:_identify(simulation/isaac-sim/exts/sl.sensor.camera/sl/sensor) by extensions ['cmake', 'python']
[0.141s] Level 1:colcon.colcon_core.package_identification:_identify(simulation/isaac-sim/exts/sl.sensor.camera/sl/sensor) by extension 'cmake'
[0.141s] Level 1:colcon.colcon_core.package_identification:_identify(simulation/isaac-sim/exts/sl.sensor.camera/sl/sensor) by extension 'python'
[0.141s] Level 1:colcon.colcon_core.package_identification:_identify(simulation/isaac-sim/exts/sl.sensor.camera/sl/sensor) by extensions ['python_setup_py']
[0.141s] Level 1:colcon.colcon_core.package_identification:_identify(simulation/isaac-sim/exts/sl.sensor.camera/sl/sensor) by extension 'python_setup_py'
[0.141s] Level 1:colcon.colcon_core.package_identification:_identify(simulation/isaac-sim/exts/sl.sensor.camera/sl/sensor/camera) by extensions ['ignore', 'ignore_ament_install']
[0.141s] Level 1:colcon.colcon_core.package_identification:_identify(simulation/isaac-sim/exts/sl.sensor.camera/sl/sensor/camera) by extension 'ignore'
[0.141s] Level 1:colcon.colcon_core.package_identification:_identify(simulation/isaac-sim/exts/sl.sensor.camera/sl/sensor/camera) by extension 'ignore_ament_install'
[0.141s] Level 1:colcon.colcon_core.package_identification:_identify(simulation/isaac-sim/exts/sl.sensor.camera/sl/sensor/camera) by extensions ['colcon_pkg']
[0.141s] Level 1:colcon.colcon_core.package_identification:_identify(simulation/isaac-sim/exts/sl.sensor.camera/sl/sensor/camera) by extension 'colcon_pkg'
[0.141s] Level 1:colcon.colcon_core.package_identification:_identify(simulation/isaac-sim/exts/sl.sensor.camera/sl/sensor/camera) by extensions ['colcon_meta']
[0.141s] Level 1:colcon.colcon_core.package_identification:_identify(simulation/isaac-sim/exts/sl.sensor.camera/sl/sensor/camera) by extension 'colcon_meta'
[0.141s] Level 1:colcon.colcon_core.package_identification:_identify(simulation/isaac-sim/exts/sl.sensor.camera/sl/sensor/camera) by extensions ['ros']
[0.141s] Level 1:colcon.colcon_core.package_identification:_identify(simulation/isaac-sim/exts/sl.sensor.camera/sl/sensor/camera) by extension 'ros'
[0.141s] Level 1:colcon.colcon_core.package_identification:_identify(simulation/isaac-sim/exts/sl.sensor.camera/sl/sensor/camera) by extensions ['cmake', 'python']
[0.141s] Level 1:colcon.colcon_core.package_identification:_identify(simulation/isaac-sim/exts/sl.sensor.camera/sl/sensor/camera) by extension 'cmake'
[0.141s] Level 1:colcon.colcon_core.package_identification:_identify(simulation/isaac-sim/exts/sl.sensor.camera/sl/sensor/camera) by extension 'python'
[0.141s] Level 1:colcon.colcon_core.package_identification:_identify(simulation/isaac-sim/exts/sl.sensor.camera/sl/sensor/camera) by extensions ['python_setup_py']
[0.141s] Level 1:colcon.colcon_core.package_identification:_identify(simulation/isaac-sim/exts/sl.sensor.camera/sl/sensor/camera) by extension 'python_setup_py'
[0.141s] Level 1:colcon.colcon_core.package_identification:_identify(simulation/isaac-sim/exts/sl.sensor.camera/sl/sensor/camera/nodes) by extensions ['ignore', 'ignore_ament_install']
[0.141s] Level 1:colcon.colcon_core.package_identification:_identify(simulation/isaac-sim/exts/sl.sensor.camera/sl/sensor/camera/nodes) by extension 'ignore'
[0.141s] Level 1:colcon.colcon_core.package_identification:_identify(simulation/isaac-sim/exts/sl.sensor.camera/sl/sensor/camera/nodes) by extension 'ignore_ament_install'
[0.141s] Level 1:colcon.colcon_core.package_identification:_identify(simulation/isaac-sim/exts/sl.sensor.camera/sl/sensor/camera/nodes) by extensions ['colcon_pkg']
[0.141s] Level 1:colcon.colcon_core.package_identification:_identify(simulation/isaac-sim/exts/sl.sensor.camera/sl/sensor/camera/nodes) by extension 'colcon_pkg'
[0.141s] Level 1:colcon.colcon_core.package_identification:_identify(simulation/isaac-sim/exts/sl.sensor.camera/sl/sensor/camera/nodes) by extensions ['colcon_meta']
[0.141s] Level 1:colcon.colcon_core.package_identification:_identify(simulation/isaac-sim/exts/sl.sensor.camera/sl/sensor/camera/nodes) by extension 'colcon_meta'
[0.141s] Level 1:colcon.colcon_core.package_identification:_identify(simulation/isaac-sim/exts/sl.sensor.camera/sl/sensor/camera/nodes) by extensions ['ros']
[0.141s] Level 1:colcon.colcon_core.package_identification:_identify(simulation/isaac-sim/exts/sl.sensor.camera/sl/sensor/camera/nodes) by extension 'ros'
[0.141s] Level 1:colcon.colcon_core.package_identification:_identify(simulation/isaac-sim/exts/sl.sensor.camera/sl/sensor/camera/nodes) by extensions ['cmake', 'python']
[0.141s] Level 1:colcon.colcon_core.package_identification:_identify(simulation/isaac-sim/exts/sl.sensor.camera/sl/sensor/camera/nodes) by extension 'cmake'
[0.141s] Level 1:colcon.colcon_core.package_identification:_identify(simulation/isaac-sim/exts/sl.sensor.camera/sl/sensor/camera/nodes) by extension 'python'
[0.141s] Level 1:colcon.colcon_core.package_identification:_identify(simulation/isaac-sim/exts/sl.sensor.camera/sl/sensor/camera/nodes) by extensions ['python_setup_py']
[0.141s] Level 1:colcon.colcon_core.package_identification:_identify(simulation/isaac-sim/exts/sl.sensor.camera/sl/sensor/camera/nodes) by extension 'python_setup_py'
[0.141s] Level 1:colcon.colcon_core.package_identification:_identify(simulation/isaac-sim/exts/sl.sensor.camera/sl/sensor/camera/ogn) by extensions ['ignore', 'ignore_ament_install']
[0.141s] Level 1:colcon.colcon_core.package_identification:_identify(simulation/isaac-sim/exts/sl.sensor.camera/sl/sensor/camera/ogn) by extension 'ignore'
[0.141s] Level 1:colcon.colcon_core.package_identification:_identify(simulation/isaac-sim/exts/sl.sensor.camera/sl/sensor/camera/ogn) by extension 'ignore_ament_install'
[0.141s] Level 1:colcon.colcon_core.package_identification:_identify(simulation/isaac-sim/exts/sl.sensor.camera/sl/sensor/camera/ogn) by extensions ['colcon_pkg']
[0.141s] Level 1:colcon.colcon_core.package_identification:_identify(simulation/isaac-sim/exts/sl.sensor.camera/sl/sensor/camera/ogn) by extension 'colcon_pkg'
[0.141s] Level 1:colcon.colcon_core.package_identification:_identify(simulation/isaac-sim/exts/sl.sensor.camera/sl/sensor/camera/ogn) by extensions ['colcon_meta']
[0.141s] Level 1:colcon.colcon_core.package_identification:_identify(simulation/isaac-sim/exts/sl.sensor.camera/sl/sensor/camera/ogn) by extension 'colcon_meta'
[0.141s] Level 1:colcon.colcon_core.package_identification:_identify(simulation/isaac-sim/exts/sl.sensor.camera/sl/sensor/camera/ogn) by extensions ['ros']
[0.141s] Level 1:colcon.colcon_core.package_identification:_identify(simulation/isaac-sim/exts/sl.sensor.camera/sl/sensor/camera/ogn) by extension 'ros'
[0.141s] Level 1:colcon.colcon_core.package_identification:_identify(simulation/isaac-sim/exts/sl.sensor.camera/sl/sensor/camera/ogn) by extensions ['cmake', 'python']
[0.141s] Level 1:colcon.colcon_core.package_identification:_identify(simulation/isaac-sim/exts/sl.sensor.camera/sl/sensor/camera/ogn) by extension 'cmake'
[0.141s] Level 1:colcon.colcon_core.package_identification:_identify(simulation/isaac-sim/exts/sl.sensor.camera/sl/sensor/camera/ogn) by extension 'python'
[0.141s] Level 1:colcon.colcon_core.package_identification:_identify(simulation/isaac-sim/exts/sl.sensor.camera/sl/sensor/camera/ogn) by extensions ['python_setup_py']
[0.141s] Level 1:colcon.colcon_core.package_identification:_identify(simulation/isaac-sim/exts/sl.sensor.camera/sl/sensor/camera/ogn) by extension 'python_setup_py'
[0.141s] Level 1:colcon.colcon_core.package_identification:_identify(simulation/isaac-sim/exts/sl.sensor.camera/sl/sensor/camera/ogn/docs) by extensions ['ignore', 'ignore_ament_install']
[0.141s] Level 1:colcon.colcon_core.package_identification:_identify(simulation/isaac-sim/exts/sl.sensor.camera/sl/sensor/camera/ogn/docs) by extension 'ignore'
[0.141s] Level 1:colcon.colcon_core.package_identification:_identify(simulation/isaac-sim/exts/sl.sensor.camera/sl/sensor/camera/ogn/docs) by extension 'ignore_ament_install'
[0.141s] Level 1:colcon.colcon_core.package_identification:_identify(simulation/isaac-sim/exts/sl.sensor.camera/sl/sensor/camera/ogn/docs) by extensions ['colcon_pkg']
[0.141s] Level 1:colcon.colcon_core.package_identification:_identify(simulation/isaac-sim/exts/sl.sensor.camera/sl/sensor/camera/ogn/docs) by extension 'colcon_pkg'
[0.141s] Level 1:colcon.colcon_core.package_identification:_identify(simulation/isaac-sim/exts/sl.sensor.camera/sl/sensor/camera/ogn/docs) by extensions ['colcon_meta']
[0.141s] Level 1:colcon.colcon_core.package_identification:_identify(simulation/isaac-sim/exts/sl.sensor.camera/sl/sensor/camera/ogn/docs) by extension 'colcon_meta'
[0.141s] Level 1:colcon.colcon_core.package_identification:_identify(simulation/isaac-sim/exts/sl.sensor.camera/sl/sensor/camera/ogn/docs) by extensions ['ros']
[0.141s] Level 1:colcon.colcon_core.package_identification:_identify(simulation/isaac-sim/exts/sl.sensor.camera/sl/sensor/camera/ogn/docs) by extension 'ros'
[0.141s] Level 1:colcon.colcon_core.package_identification:_identify(simulation/isaac-sim/exts/sl.sensor.camera/sl/sensor/camera/ogn/docs) by extensions ['cmake', 'python']
[0.142s] Level 1:colcon.colcon_core.package_identification:_identify(simulation/isaac-sim/exts/sl.sensor.camera/sl/sensor/camera/ogn/docs) by extension 'cmake'
[0.142s] Level 1:colcon.colcon_core.package_identification:_identify(simulation/isaac-sim/exts/sl.sensor.camera/sl/sensor/camera/ogn/docs) by extension 'python'
[0.142s] Level 1:colcon.colcon_core.package_identification:_identify(simulation/isaac-sim/exts/sl.sensor.camera/sl/sensor/camera/ogn/docs) by extensions ['python_setup_py']
[0.142s] Level 1:colcon.colcon_core.package_identification:_identify(simulation/isaac-sim/exts/sl.sensor.camera/sl/sensor/camera/ogn/docs) by extension 'python_setup_py'
[0.142s] Level 1:colcon.colcon_core.package_identification:_identify(simulation/isaac-sim/exts/sl.sensor.camera/sl/sensor/camera/ogn/tests) by extensions ['ignore', 'ignore_ament_install']
[0.142s] Level 1:colcon.colcon_core.package_identification:_identify(simulation/isaac-sim/exts/sl.sensor.camera/sl/sensor/camera/ogn/tests) by extension 'ignore'
[0.142s] Level 1:colcon.colcon_core.package_identification:_identify(simulation/isaac-sim/exts/sl.sensor.camera/sl/sensor/camera/ogn/tests) by extension 'ignore_ament_install'
[0.142s] Level 1:colcon.colcon_core.package_identification:_identify(simulation/isaac-sim/exts/sl.sensor.camera/sl/sensor/camera/ogn/tests) by extensions ['colcon_pkg']
[0.142s] Level 1:colcon.colcon_core.package_identification:_identify(simulation/isaac-sim/exts/sl.sensor.camera/sl/sensor/camera/ogn/tests) by extension 'colcon_pkg'
[0.142s] Level 1:colcon.colcon_core.package_identification:_identify(simulation/isaac-sim/exts/sl.sensor.camera/sl/sensor/camera/ogn/tests) by extensions ['colcon_meta']
[0.142s] Level 1:colcon.colcon_core.package_identification:_identify(simulation/isaac-sim/exts/sl.sensor.camera/sl/sensor/camera/ogn/tests) by extension 'colcon_meta'
[0.142s] Level 1:colcon.colcon_core.package_identification:_identify(simulation/isaac-sim/exts/sl.sensor.camera/sl/sensor/camera/ogn/tests) by extensions ['ros']
[0.142s] Level 1:colcon.colcon_core.package_identification:_identify(simulation/isaac-sim/exts/sl.sensor.camera/sl/sensor/camera/ogn/tests) by extension 'ros'
[0.142s] Level 1:colcon.colcon_core.package_identification:_identify(simulation/isaac-sim/exts/sl.sensor.camera/sl/sensor/camera/ogn/tests) by extensions ['cmake', 'python']
[0.142s] Level 1:colcon.colcon_core.package_identification:_identify(simulation/isaac-sim/exts/sl.sensor.camera/sl/sensor/camera/ogn/tests) by extension 'cmake'
[0.142s] Level 1:colcon.colcon_core.package_identification:_identify(simulation/isaac-sim/exts/sl.sensor.camera/sl/sensor/camera/ogn/tests) by extension 'python'
[0.142s] Level 1:colcon.colcon_core.package_identification:_identify(simulation/isaac-sim/exts/sl.sensor.camera/sl/sensor/camera/ogn/tests) by extensions ['python_setup_py']
[0.142s] Level 1:colcon.colcon_core.package_identification:_identify(simulation/isaac-sim/exts/sl.sensor.camera/sl/sensor/camera/ogn/tests) by extension 'python_setup_py'
[0.142s] Level 1:colcon.colcon_core.package_identification:_identify(simulation/isaac-sim/exts/sl.sensor.camera/sl/sensor/camera/ogn/tests/usd) by extensions ['ignore', 'ignore_ament_install']
[0.142s] Level 1:colcon.colcon_core.package_identification:_identify(simulation/isaac-sim/exts/sl.sensor.camera/sl/sensor/camera/ogn/tests/usd) by extension 'ignore'
[0.142s] Level 1:colcon.colcon_core.package_identification:_identify(simulation/isaac-sim/exts/sl.sensor.camera/sl/sensor/camera/ogn/tests/usd) by extension 'ignore_ament_install'
[0.142s] Level 1:colcon.colcon_core.package_identification:_identify(simulation/isaac-sim/exts/sl.sensor.camera/sl/sensor/camera/ogn/tests/usd) by extensions ['colcon_pkg']
[0.142s] Level 1:colcon.colcon_core.package_identification:_identify(simulation/isaac-sim/exts/sl.sensor.camera/sl/sensor/camera/ogn/tests/usd) by extension 'colcon_pkg'
[0.142s] Level 1:colcon.colcon_core.package_identification:_identify(simulation/isaac-sim/exts/sl.sensor.camera/sl/sensor/camera/ogn/tests/usd) by extensions ['colcon_meta']
[0.142s] Level 1:colcon.colcon_core.package_identification:_identify(simulation/isaac-sim/exts/sl.sensor.camera/sl/sensor/camera/ogn/tests/usd) by extension 'colcon_meta'
[0.142s] Level 1:colcon.colcon_core.package_identification:_identify(simulation/isaac-sim/exts/sl.sensor.camera/sl/sensor/camera/ogn/tests/usd) by extensions ['ros']
[0.142s] Level 1:colcon.colcon_core.package_identification:_identify(simulation/isaac-sim/exts/sl.sensor.camera/sl/sensor/camera/ogn/tests/usd) by extension 'ros'
[0.142s] Level 1:colcon.colcon_core.package_identification:_identify(simulation/isaac-sim/exts/sl.sensor.camera/sl/sensor/camera/ogn/tests/usd) by extensions ['cmake', 'python']
[0.142s] Level 1:colcon.colcon_core.package_identification:_identify(simulation/isaac-sim/exts/sl.sensor.camera/sl/sensor/camera/ogn/tests/usd) by extension 'cmake'
[0.142s] Level 1:colcon.colcon_core.package_identification:_identify(simulation/isaac-sim/exts/sl.sensor.camera/sl/sensor/camera/ogn/tests/usd) by extension 'python'
[0.142s] Level 1:colcon.colcon_core.package_identification:_identify(simulation/isaac-sim/exts/sl.sensor.camera/sl/sensor/camera/ogn/tests/usd) by extensions ['python_setup_py']
[0.142s] Level 1:colcon.colcon_core.package_identification:_identify(simulation/isaac-sim/exts/sl.sensor.camera/sl/sensor/camera/ogn/tests/usd) by extension 'python_setup_py'
[0.142s] Level 1:colcon.colcon_core.package_identification:_identify(simulation/isaac-sim/exts/sl.sensor.camera.bridge) by extensions ['ignore', 'ignore_ament_install']
[0.142s] Level 1:colcon.colcon_core.package_identification:_identify(simulation/isaac-sim/exts/sl.sensor.camera.bridge) by extension 'ignore'
[0.142s] Level 1:colcon.colcon_core.package_identification:_identify(simulation/isaac-sim/exts/sl.sensor.camera.bridge) by extension 'ignore_ament_install'
[0.142s] Level 1:colcon.colcon_core.package_identification:_identify(simulation/isaac-sim/exts/sl.sensor.camera.bridge) by extensions ['colcon_pkg']
[0.142s] Level 1:colcon.colcon_core.package_identification:_identify(simulation/isaac-sim/exts/sl.sensor.camera.bridge) by extension 'colcon_pkg'
[0.142s] Level 1:colcon.colcon_core.package_identification:_identify(simulation/isaac-sim/exts/sl.sensor.camera.bridge) by extensions ['colcon_meta']
[0.142s] Level 1:colcon.colcon_core.package_identification:_identify(simulation/isaac-sim/exts/sl.sensor.camera.bridge) by extension 'colcon_meta'
[0.142s] Level 1:colcon.colcon_core.package_identification:_identify(simulation/isaac-sim/exts/sl.sensor.camera.bridge) by extensions ['ros']
[0.142s] Level 1:colcon.colcon_core.package_identification:_identify(simulation/isaac-sim/exts/sl.sensor.camera.bridge) by extension 'ros'
[0.142s] Level 1:colcon.colcon_core.package_identification:_identify(simulation/isaac-sim/exts/sl.sensor.camera.bridge) by extensions ['cmake', 'python']
[0.142s] Level 1:colcon.colcon_core.package_identification:_identify(simulation/isaac-sim/exts/sl.sensor.camera.bridge) by extension 'cmake'
[0.142s] Level 1:colcon.colcon_core.package_identification:_identify(simulation/isaac-sim/exts/sl.sensor.camera.bridge) by extension 'python'
[0.142s] Level 1:colcon.colcon_core.package_identification:_identify(simulation/isaac-sim/exts/sl.sensor.camera.bridge) by extensions ['python_setup_py']
[0.142s] Level 1:colcon.colcon_core.package_identification:_identify(simulation/isaac-sim/exts/sl.sensor.camera.bridge) by extension 'python_setup_py'
[0.142s] Level 1:colcon.colcon_core.package_identification:_identify(simulation/isaac-sim/exts/sl.sensor.camera.bridge/bin) by extensions ['ignore', 'ignore_ament_install']
[0.142s] Level 1:colcon.colcon_core.package_identification:_identify(simulation/isaac-sim/exts/sl.sensor.camera.bridge/bin) by extension 'ignore'
[0.142s] Level 1:colcon.colcon_core.package_identification:_identify(simulation/isaac-sim/exts/sl.sensor.camera.bridge/bin) by extension 'ignore_ament_install'
[0.142s] Level 1:colcon.colcon_core.package_identification:_identify(simulation/isaac-sim/exts/sl.sensor.camera.bridge/bin) by extensions ['colcon_pkg']
[0.142s] Level 1:colcon.colcon_core.package_identification:_identify(simulation/isaac-sim/exts/sl.sensor.camera.bridge/bin) by extension 'colcon_pkg'
[0.142s] Level 1:colcon.colcon_core.package_identification:_identify(simulation/isaac-sim/exts/sl.sensor.camera.bridge/bin) by extensions ['colcon_meta']
[0.142s] Level 1:colcon.colcon_core.package_identification:_identify(simulation/isaac-sim/exts/sl.sensor.camera.bridge/bin) by extension 'colcon_meta'
[0.142s] Level 1:colcon.colcon_core.package_identification:_identify(simulation/isaac-sim/exts/sl.sensor.camera.bridge/bin) by extensions ['ros']
[0.142s] Level 1:colcon.colcon_core.package_identification:_identify(simulation/isaac-sim/exts/sl.sensor.camera.bridge/bin) by extension 'ros'
[0.142s] Level 1:colcon.colcon_core.package_identification:_identify(simulation/isaac-sim/exts/sl.sensor.camera.bridge/bin) by extensions ['cmake', 'python']
[0.142s] Level 1:colcon.colcon_core.package_identification:_identify(simulation/isaac-sim/exts/sl.sensor.camera.bridge/bin) by extension 'cmake'
[0.142s] Level 1:colcon.colcon_core.package_identification:_identify(simulation/isaac-sim/exts/sl.sensor.camera.bridge/bin) by extension 'python'
[0.142s] Level 1:colcon.colcon_core.package_identification:_identify(simulation/isaac-sim/exts/sl.sensor.camera.bridge/bin) by extensions ['python_setup_py']
[0.142s] Level 1:colcon.colcon_core.package_identification:_identify(simulation/isaac-sim/exts/sl.sensor.camera.bridge/bin) by extension 'python_setup_py'
[0.142s] Level 1:colcon.colcon_core.package_identification:_identify(simulation/isaac-sim/exts/sl.sensor.camera.bridge/config) by extensions ['ignore', 'ignore_ament_install']
[0.142s] Level 1:colcon.colcon_core.package_identification:_identify(simulation/isaac-sim/exts/sl.sensor.camera.bridge/config) by extension 'ignore'
[0.142s] Level 1:colcon.colcon_core.package_identification:_identify(simulation/isaac-sim/exts/sl.sensor.camera.bridge/config) by extension 'ignore_ament_install'
[0.142s] Level 1:colcon.colcon_core.package_identification:_identify(simulation/isaac-sim/exts/sl.sensor.camera.bridge/config) by extensions ['colcon_pkg']
[0.142s] Level 1:colcon.colcon_core.package_identification:_identify(simulation/isaac-sim/exts/sl.sensor.camera.bridge/config) by extension 'colcon_pkg'
[0.142s] Level 1:colcon.colcon_core.package_identification:_identify(simulation/isaac-sim/exts/sl.sensor.camera.bridge/config) by extensions ['colcon_meta']
[0.142s] Level 1:colcon.colcon_core.package_identification:_identify(simulation/isaac-sim/exts/sl.sensor.camera.bridge/config) by extension 'colcon_meta'
[0.142s] Level 1:colcon.colcon_core.package_identification:_identify(simulation/isaac-sim/exts/sl.sensor.camera.bridge/config) by extensions ['ros']
[0.142s] Level 1:colcon.colcon_core.package_identification:_identify(simulation/isaac-sim/exts/sl.sensor.camera.bridge/config) by extension 'ros'
[0.142s] Level 1:colcon.colcon_core.package_identification:_identify(simulation/isaac-sim/exts/sl.sensor.camera.bridge/config) by extensions ['cmake', 'python']
[0.142s] Level 1:colcon.colcon_core.package_identification:_identify(simulation/isaac-sim/exts/sl.sensor.camera.bridge/config) by extension 'cmake'
[0.142s] Level 1:colcon.colcon_core.package_identification:_identify(simulation/isaac-sim/exts/sl.sensor.camera.bridge/config) by extension 'python'
[0.142s] Level 1:colcon.colcon_core.package_identification:_identify(simulation/isaac-sim/exts/sl.sensor.camera.bridge/config) by extensions ['python_setup_py']
[0.142s] Level 1:colcon.colcon_core.package_identification:_identify(simulation/isaac-sim/exts/sl.sensor.camera.bridge/config) by extension 'python_setup_py'
[0.143s] Level 1:colcon.colcon_core.package_identification:_identify(simulation/isaac-sim/exts/sl.sensor.camera.bridge/data) by extensions ['ignore', 'ignore_ament_install']
[0.143s] Level 1:colcon.colcon_core.package_identification:_identify(simulation/isaac-sim/exts/sl.sensor.camera.bridge/data) by extension 'ignore'
[0.143s] Level 1:colcon.colcon_core.package_identification:_identify(simulation/isaac-sim/exts/sl.sensor.camera.bridge/data) by extension 'ignore_ament_install'
[0.143s] Level 1:colcon.colcon_core.package_identification:_identify(simulation/isaac-sim/exts/sl.sensor.camera.bridge/data) by extensions ['colcon_pkg']
[0.143s] Level 1:colcon.colcon_core.package_identification:_identify(simulation/isaac-sim/exts/sl.sensor.camera.bridge/data) by extension 'colcon_pkg'
[0.143s] Level 1:colcon.colcon_core.package_identification:_identify(simulation/isaac-sim/exts/sl.sensor.camera.bridge/data) by extensions ['colcon_meta']
[0.143s] Level 1:colcon.colcon_core.package_identification:_identify(simulation/isaac-sim/exts/sl.sensor.camera.bridge/data) by extension 'colcon_meta'
[0.143s] Level 1:colcon.colcon_core.package_identification:_identify(simulation/isaac-sim/exts/sl.sensor.camera.bridge/data) by extensions ['ros']
[0.143s] Level 1:colcon.colcon_core.package_identification:_identify(simulation/isaac-sim/exts/sl.sensor.camera.bridge/data) by extension 'ros'
[0.143s] Level 1:colcon.colcon_core.package_identification:_identify(simulation/isaac-sim/exts/sl.sensor.camera.bridge/data) by extensions ['cmake', 'python']
[0.143s] Level 1:colcon.colcon_core.package_identification:_identify(simulation/isaac-sim/exts/sl.sensor.camera.bridge/data) by extension 'cmake'
[0.143s] Level 1:colcon.colcon_core.package_identification:_identify(simulation/isaac-sim/exts/sl.sensor.camera.bridge/data) by extension 'python'
[0.143s] Level 1:colcon.colcon_core.package_identification:_identify(simulation/isaac-sim/exts/sl.sensor.camera.bridge/data) by extensions ['python_setup_py']
[0.143s] Level 1:colcon.colcon_core.package_identification:_identify(simulation/isaac-sim/exts/sl.sensor.camera.bridge/data) by extension 'python_setup_py'
[0.143s] Level 1:colcon.colcon_core.package_identification:_identify(simulation/isaac-sim/exts/sl.sensor.camera.bridge/docs) by extensions ['ignore', 'ignore_ament_install']
[0.143s] Level 1:colcon.colcon_core.package_identification:_identify(simulation/isaac-sim/exts/sl.sensor.camera.bridge/docs) by extension 'ignore'
[0.143s] Level 1:colcon.colcon_core.package_identification:_identify(simulation/isaac-sim/exts/sl.sensor.camera.bridge/docs) by extension 'ignore_ament_install'
[0.143s] Level 1:colcon.colcon_core.package_identification:_identify(simulation/isaac-sim/exts/sl.sensor.camera.bridge/docs) by extensions ['colcon_pkg']
[0.143s] Level 1:colcon.colcon_core.package_identification:_identify(simulation/isaac-sim/exts/sl.sensor.camera.bridge/docs) by extension 'colcon_pkg'
[0.143s] Level 1:colcon.colcon_core.package_identification:_identify(simulation/isaac-sim/exts/sl.sensor.camera.bridge/docs) by extensions ['colcon_meta']
[0.143s] Level 1:colcon.colcon_core.package_identification:_identify(simulation/isaac-sim/exts/sl.sensor.camera.bridge/docs) by extension 'colcon_meta'
[0.143s] Level 1:colcon.colcon_core.package_identification:_identify(simulation/isaac-sim/exts/sl.sensor.camera.bridge/docs) by extensions ['ros']
[0.143s] Level 1:colcon.colcon_core.package_identification:_identify(simulation/isaac-sim/exts/sl.sensor.camera.bridge/docs) by extension 'ros'
[0.143s] Level 1:colcon.colcon_core.package_identification:_identify(simulation/isaac-sim/exts/sl.sensor.camera.bridge/docs) by extensions ['cmake', 'python']
[0.143s] Level 1:colcon.colcon_core.package_identification:_identify(simulation/isaac-sim/exts/sl.sensor.camera.bridge/docs) by extension 'cmake'
[0.143s] Level 1:colcon.colcon_core.package_identification:_identify(simulation/isaac-sim/exts/sl.sensor.camera.bridge/docs) by extension 'python'
[0.143s] Level 1:colcon.colcon_core.package_identification:_identify(simulation/isaac-sim/exts/sl.sensor.camera.bridge/docs) by extensions ['python_setup_py']
[0.143s] Level 1:colcon.colcon_core.package_identification:_identify(simulation/isaac-sim/exts/sl.sensor.camera.bridge/docs) by extension 'python_setup_py'
[0.143s] Level 1:colcon.colcon_core.package_identification:_identify(simulation/isaac-sim/exts/sl.sensor.camera.bridge/include) by extensions ['ignore', 'ignore_ament_install']
[0.143s] Level 1:colcon.colcon_core.package_identification:_identify(simulation/isaac-sim/exts/sl.sensor.camera.bridge/include) by extension 'ignore'
[0.143s] Level 1:colcon.colcon_core.package_identification:_identify(simulation/isaac-sim/exts/sl.sensor.camera.bridge/include) by extension 'ignore_ament_install'
[0.143s] Level 1:colcon.colcon_core.package_identification:_identify(simulation/isaac-sim/exts/sl.sensor.camera.bridge/include) by extensions ['colcon_pkg']
[0.143s] Level 1:colcon.colcon_core.package_identification:_identify(simulation/isaac-sim/exts/sl.sensor.camera.bridge/include) by extension 'colcon_pkg'
[0.143s] Level 1:colcon.colcon_core.package_identification:_identify(simulation/isaac-sim/exts/sl.sensor.camera.bridge/include) by extensions ['colcon_meta']
[0.143s] Level 1:colcon.colcon_core.package_identification:_identify(simulation/isaac-sim/exts/sl.sensor.camera.bridge/include) by extension 'colcon_meta'
[0.143s] Level 1:colcon.colcon_core.package_identification:_identify(simulation/isaac-sim/exts/sl.sensor.camera.bridge/include) by extensions ['ros']
[0.143s] Level 1:colcon.colcon_core.package_identification:_identify(simulation/isaac-sim/exts/sl.sensor.camera.bridge/include) by extension 'ros'
[0.143s] Level 1:colcon.colcon_core.package_identification:_identify(simulation/isaac-sim/exts/sl.sensor.camera.bridge/include) by extensions ['cmake', 'python']
[0.143s] Level 1:colcon.colcon_core.package_identification:_identify(simulation/isaac-sim/exts/sl.sensor.camera.bridge/include) by extension 'cmake'
[0.143s] Level 1:colcon.colcon_core.package_identification:_identify(simulation/isaac-sim/exts/sl.sensor.camera.bridge/include) by extension 'python'
[0.143s] Level 1:colcon.colcon_core.package_identification:_identify(simulation/isaac-sim/exts/sl.sensor.camera.bridge/include) by extensions ['python_setup_py']
[0.143s] Level 1:colcon.colcon_core.package_identification:_identify(simulation/isaac-sim/exts/sl.sensor.camera.bridge/include) by extension 'python_setup_py'
[0.143s] Level 1:colcon.colcon_core.package_identification:_identify(simulation/isaac-sim/exts/sl.sensor.camera.bridge/ogn) by extensions ['ignore', 'ignore_ament_install']
[0.143s] Level 1:colcon.colcon_core.package_identification:_identify(simulation/isaac-sim/exts/sl.sensor.camera.bridge/ogn) by extension 'ignore'
[0.143s] Level 1:colcon.colcon_core.package_identification:_identify(simulation/isaac-sim/exts/sl.sensor.camera.bridge/ogn) by extension 'ignore_ament_install'
[0.143s] Level 1:colcon.colcon_core.package_identification:_identify(simulation/isaac-sim/exts/sl.sensor.camera.bridge/ogn) by extensions ['colcon_pkg']
[0.143s] Level 1:colcon.colcon_core.package_identification:_identify(simulation/isaac-sim/exts/sl.sensor.camera.bridge/ogn) by extension 'colcon_pkg'
[0.143s] Level 1:colcon.colcon_core.package_identification:_identify(simulation/isaac-sim/exts/sl.sensor.camera.bridge/ogn) by extensions ['colcon_meta']
[0.143s] Level 1:colcon.colcon_core.package_identification:_identify(simulation/isaac-sim/exts/sl.sensor.camera.bridge/ogn) by extension 'colcon_meta'
[0.143s] Level 1:colcon.colcon_core.package_identification:_identify(simulation/isaac-sim/exts/sl.sensor.camera.bridge/ogn) by extensions ['ros']
[0.143s] Level 1:colcon.colcon_core.package_identification:_identify(simulation/isaac-sim/exts/sl.sensor.camera.bridge/ogn) by extension 'ros'
[0.143s] Level 1:colcon.colcon_core.package_identification:_identify(simulation/isaac-sim/exts/sl.sensor.camera.bridge/ogn) by extensions ['cmake', 'python']
[0.143s] Level 1:colcon.colcon_core.package_identification:_identify(simulation/isaac-sim/exts/sl.sensor.camera.bridge/ogn) by extension 'cmake'
[0.143s] Level 1:colcon.colcon_core.package_identification:_identify(simulation/isaac-sim/exts/sl.sensor.camera.bridge/ogn) by extension 'python'
[0.143s] Level 1:colcon.colcon_core.package_identification:_identify(simulation/isaac-sim/exts/sl.sensor.camera.bridge/ogn) by extensions ['python_setup_py']
[0.143s] Level 1:colcon.colcon_core.package_identification:_identify(simulation/isaac-sim/exts/sl.sensor.camera.bridge/ogn) by extension 'python_setup_py'
[0.143s] Level 1:colcon.colcon_core.package_identification:_identify(simulation/isaac-sim/exts/sl.sensor.camera.bridge/ogn/docs) by extensions ['ignore', 'ignore_ament_install']
[0.143s] Level 1:colcon.colcon_core.package_identification:_identify(simulation/isaac-sim/exts/sl.sensor.camera.bridge/ogn/docs) by extension 'ignore'
[0.143s] Level 1:colcon.colcon_core.package_identification:_identify(simulation/isaac-sim/exts/sl.sensor.camera.bridge/ogn/docs) by extension 'ignore_ament_install'
[0.143s] Level 1:colcon.colcon_core.package_identification:_identify(simulation/isaac-sim/exts/sl.sensor.camera.bridge/ogn/docs) by extensions ['colcon_pkg']
[0.143s] Level 1:colcon.colcon_core.package_identification:_identify(simulation/isaac-sim/exts/sl.sensor.camera.bridge/ogn/docs) by extension 'colcon_pkg'
[0.143s] Level 1:colcon.colcon_core.package_identification:_identify(simulation/isaac-sim/exts/sl.sensor.camera.bridge/ogn/docs) by extensions ['colcon_meta']
[0.143s] Level 1:colcon.colcon_core.package_identification:_identify(simulation/isaac-sim/exts/sl.sensor.camera.bridge/ogn/docs) by extension 'colcon_meta'
[0.143s] Level 1:colcon.colcon_core.package_identification:_identify(simulation/isaac-sim/exts/sl.sensor.camera.bridge/ogn/docs) by extensions ['ros']
[0.143s] Level 1:colcon.colcon_core.package_identification:_identify(simulation/isaac-sim/exts/sl.sensor.camera.bridge/ogn/docs) by extension 'ros'
[0.143s] Level 1:colcon.colcon_core.package_identification:_identify(simulation/isaac-sim/exts/sl.sensor.camera.bridge/ogn/docs) by extensions ['cmake', 'python']
[0.143s] Level 1:colcon.colcon_core.package_identification:_identify(simulation/isaac-sim/exts/sl.sensor.camera.bridge/ogn/docs) by extension 'cmake'
[0.143s] Level 1:colcon.colcon_core.package_identification:_identify(simulation/isaac-sim/exts/sl.sensor.camera.bridge/ogn/docs) by extension 'python'
[0.143s] Level 1:colcon.colcon_core.package_identification:_identify(simulation/isaac-sim/exts/sl.sensor.camera.bridge/ogn/docs) by extensions ['python_setup_py']
[0.143s] Level 1:colcon.colcon_core.package_identification:_identify(simulation/isaac-sim/exts/sl.sensor.camera.bridge/ogn/docs) by extension 'python_setup_py'
[0.143s] Level 1:colcon.colcon_core.package_identification:_identify(simulation/isaac-sim/exts/sl.sensor.camera.bridge/plugins) by extensions ['ignore', 'ignore_ament_install']
[0.143s] Level 1:colcon.colcon_core.package_identification:_identify(simulation/isaac-sim/exts/sl.sensor.camera.bridge/plugins) by extension 'ignore'
[0.143s] Level 1:colcon.colcon_core.package_identification:_identify(simulation/isaac-sim/exts/sl.sensor.camera.bridge/plugins) by extension 'ignore_ament_install'
[0.144s] Level 1:colcon.colcon_core.package_identification:_identify(simulation/isaac-sim/exts/sl.sensor.camera.bridge/plugins) by extensions ['colcon_pkg']
[0.144s] Level 1:colcon.colcon_core.package_identification:_identify(simulation/isaac-sim/exts/sl.sensor.camera.bridge/plugins) by extension 'colcon_pkg'
[0.144s] Level 1:colcon.colcon_core.package_identification:_identify(simulation/isaac-sim/exts/sl.sensor.camera.bridge/plugins) by extensions ['colcon_meta']
[0.144s] Level 1:colcon.colcon_core.package_identification:_identify(simulation/isaac-sim/exts/sl.sensor.camera.bridge/plugins) by extension 'colcon_meta'
[0.144s] Level 1:colcon.colcon_core.package_identification:_identify(simulation/isaac-sim/exts/sl.sensor.camera.bridge/plugins) by extensions ['ros']
[0.144s] Level 1:colcon.colcon_core.package_identification:_identify(simulation/isaac-sim/exts/sl.sensor.camera.bridge/plugins) by extension 'ros'
[0.144s] Level 1:colcon.colcon_core.package_identification:_identify(simulation/isaac-sim/exts/sl.sensor.camera.bridge/plugins) by extensions ['cmake', 'python']
[0.144s] Level 1:colcon.colcon_core.package_identification:_identify(simulation/isaac-sim/exts/sl.sensor.camera.bridge/plugins) by extension 'cmake'
[0.144s] Level 1:colcon.colcon_core.package_identification:_identify(simulation/isaac-sim/exts/sl.sensor.camera.bridge/plugins) by extension 'python'
[0.144s] Level 1:colcon.colcon_core.package_identification:_identify(simulation/isaac-sim/exts/sl.sensor.camera.bridge/plugins) by extensions ['python_setup_py']
[0.144s] Level 1:colcon.colcon_core.package_identification:_identify(simulation/isaac-sim/exts/sl.sensor.camera.bridge/plugins) by extension 'python_setup_py'
[0.144s] Level 1:colcon.colcon_core.package_identification:_identify(simulation/isaac-sim/exts/sl.sensor.camera.bridge/plugins/nodes) by extensions ['ignore', 'ignore_ament_install']
[0.144s] Level 1:colcon.colcon_core.package_identification:_identify(simulation/isaac-sim/exts/sl.sensor.camera.bridge/plugins/nodes) by extension 'ignore'
[0.144s] Level 1:colcon.colcon_core.package_identification:_identify(simulation/isaac-sim/exts/sl.sensor.camera.bridge/plugins/nodes) by extension 'ignore_ament_install'
[0.144s] Level 1:colcon.colcon_core.package_identification:_identify(simulation/isaac-sim/exts/sl.sensor.camera.bridge/plugins/nodes) by extensions ['colcon_pkg']
[0.144s] Level 1:colcon.colcon_core.package_identification:_identify(simulation/isaac-sim/exts/sl.sensor.camera.bridge/plugins/nodes) by extension 'colcon_pkg'
[0.144s] Level 1:colcon.colcon_core.package_identification:_identify(simulation/isaac-sim/exts/sl.sensor.camera.bridge/plugins/nodes) by extensions ['colcon_meta']
[0.144s] Level 1:colcon.colcon_core.package_identification:_identify(simulation/isaac-sim/exts/sl.sensor.camera.bridge/plugins/nodes) by extension 'colcon_meta'
[0.144s] Level 1:colcon.colcon_core.package_identification:_identify(simulation/isaac-sim/exts/sl.sensor.camera.bridge/plugins/nodes) by extensions ['ros']
[0.144s] Level 1:colcon.colcon_core.package_identification:_identify(simulation/isaac-sim/exts/sl.sensor.camera.bridge/plugins/nodes) by extension 'ros'
[0.144s] Level 1:colcon.colcon_core.package_identification:_identify(simulation/isaac-sim/exts/sl.sensor.camera.bridge/plugins/nodes) by extensions ['cmake', 'python']
[0.144s] Level 1:colcon.colcon_core.package_identification:_identify(simulation/isaac-sim/exts/sl.sensor.camera.bridge/plugins/nodes) by extension 'cmake'
[0.144s] Level 1:colcon.colcon_core.package_identification:_identify(simulation/isaac-sim/exts/sl.sensor.camera.bridge/plugins/nodes) by extension 'python'
[0.144s] Level 1:colcon.colcon_core.package_identification:_identify(simulation/isaac-sim/exts/sl.sensor.camera.bridge/plugins/nodes) by extensions ['python_setup_py']
[0.144s] Level 1:colcon.colcon_core.package_identification:_identify(simulation/isaac-sim/exts/sl.sensor.camera.bridge/plugins/nodes) by extension 'python_setup_py'
[0.144s] Level 1:colcon.colcon_core.package_identification:_identify(simulation/isaac-sim/exts/sl.sensor.camera.bridge/plugins/sl.sensor.camera.bridge) by extensions ['ignore', 'ignore_ament_install']
[0.144s] Level 1:colcon.colcon_core.package_identification:_identify(simulation/isaac-sim/exts/sl.sensor.camera.bridge/plugins/sl.sensor.camera.bridge) by extension 'ignore'
[0.144s] Level 1:colcon.colcon_core.package_identification:_identify(simulation/isaac-sim/exts/sl.sensor.camera.bridge/plugins/sl.sensor.camera.bridge) by extension 'ignore_ament_install'
[0.144s] Level 1:colcon.colcon_core.package_identification:_identify(simulation/isaac-sim/exts/sl.sensor.camera.bridge/plugins/sl.sensor.camera.bridge) by extensions ['colcon_pkg']
[0.144s] Level 1:colcon.colcon_core.package_identification:_identify(simulation/isaac-sim/exts/sl.sensor.camera.bridge/plugins/sl.sensor.camera.bridge) by extension 'colcon_pkg'
[0.144s] Level 1:colcon.colcon_core.package_identification:_identify(simulation/isaac-sim/exts/sl.sensor.camera.bridge/plugins/sl.sensor.camera.bridge) by extensions ['colcon_meta']
[0.144s] Level 1:colcon.colcon_core.package_identification:_identify(simulation/isaac-sim/exts/sl.sensor.camera.bridge/plugins/sl.sensor.camera.bridge) by extension 'colcon_meta'
[0.144s] Level 1:colcon.colcon_core.package_identification:_identify(simulation/isaac-sim/exts/sl.sensor.camera.bridge/plugins/sl.sensor.camera.bridge) by extensions ['ros']
[0.144s] Level 1:colcon.colcon_core.package_identification:_identify(simulation/isaac-sim/exts/sl.sensor.camera.bridge/plugins/sl.sensor.camera.bridge) by extension 'ros'
[0.144s] Level 1:colcon.colcon_core.package_identification:_identify(simulation/isaac-sim/exts/sl.sensor.camera.bridge/plugins/sl.sensor.camera.bridge) by extensions ['cmake', 'python']
[0.144s] Level 1:colcon.colcon_core.package_identification:_identify(simulation/isaac-sim/exts/sl.sensor.camera.bridge/plugins/sl.sensor.camera.bridge) by extension 'cmake'
[0.144s] Level 1:colcon.colcon_core.package_identification:_identify(simulation/isaac-sim/exts/sl.sensor.camera.bridge/plugins/sl.sensor.camera.bridge) by extension 'python'
[0.144s] Level 1:colcon.colcon_core.package_identification:_identify(simulation/isaac-sim/exts/sl.sensor.camera.bridge/plugins/sl.sensor.camera.bridge) by extensions ['python_setup_py']
[0.144s] Level 1:colcon.colcon_core.package_identification:_identify(simulation/isaac-sim/exts/sl.sensor.camera.bridge/plugins/sl.sensor.camera.bridge) by extension 'python_setup_py'
[0.144s] Level 1:colcon.colcon_core.package_identification:_identify(simulation/isaac-sim/exts/sl.sensor.camera.bridge/sl) by extensions ['ignore', 'ignore_ament_install']
[0.144s] Level 1:colcon.colcon_core.package_identification:_identify(simulation/isaac-sim/exts/sl.sensor.camera.bridge/sl) by extension 'ignore'
[0.144s] Level 1:colcon.colcon_core.package_identification:_identify(simulation/isaac-sim/exts/sl.sensor.camera.bridge/sl) by extension 'ignore_ament_install'
[0.144s] Level 1:colcon.colcon_core.package_identification:_identify(simulation/isaac-sim/exts/sl.sensor.camera.bridge/sl) by extensions ['colcon_pkg']
[0.144s] Level 1:colcon.colcon_core.package_identification:_identify(simulation/isaac-sim/exts/sl.sensor.camera.bridge/sl) by extension 'colcon_pkg'
[0.144s] Level 1:colcon.colcon_core.package_identification:_identify(simulation/isaac-sim/exts/sl.sensor.camera.bridge/sl) by extensions ['colcon_meta']
[0.144s] Level 1:colcon.colcon_core.package_identification:_identify(simulation/isaac-sim/exts/sl.sensor.camera.bridge/sl) by extension 'colcon_meta'
[0.144s] Level 1:colcon.colcon_core.package_identification:_identify(simulation/isaac-sim/exts/sl.sensor.camera.bridge/sl) by extensions ['ros']
[0.144s] Level 1:colcon.colcon_core.package_identification:_identify(simulation/isaac-sim/exts/sl.sensor.camera.bridge/sl) by extension 'ros'
[0.144s] Level 1:colcon.colcon_core.package_identification:_identify(simulation/isaac-sim/exts/sl.sensor.camera.bridge/sl) by extensions ['cmake', 'python']
[0.144s] Level 1:colcon.colcon_core.package_identification:_identify(simulation/isaac-sim/exts/sl.sensor.camera.bridge/sl) by extension 'cmake'
[0.144s] Level 1:colcon.colcon_core.package_identification:_identify(simulation/isaac-sim/exts/sl.sensor.camera.bridge/sl) by extension 'python'
[0.144s] Level 1:colcon.colcon_core.package_identification:_identify(simulation/isaac-sim/exts/sl.sensor.camera.bridge/sl) by extensions ['python_setup_py']
[0.144s] Level 1:colcon.colcon_core.package_identification:_identify(simulation/isaac-sim/exts/sl.sensor.camera.bridge/sl) by extension 'python_setup_py'
[0.144s] Level 1:colcon.colcon_core.package_identification:_identify(simulation/isaac-sim/exts/sl.sensor.camera.bridge/sl/sensor) by extensions ['ignore', 'ignore_ament_install']
[0.144s] Level 1:colcon.colcon_core.package_identification:_identify(simulation/isaac-sim/exts/sl.sensor.camera.bridge/sl/sensor) by extension 'ignore'
[0.144s] Level 1:colcon.colcon_core.package_identification:_identify(simulation/isaac-sim/exts/sl.sensor.camera.bridge/sl/sensor) by extension 'ignore_ament_install'
[0.144s] Level 1:colcon.colcon_core.package_identification:_identify(simulation/isaac-sim/exts/sl.sensor.camera.bridge/sl/sensor) by extensions ['colcon_pkg']
[0.144s] Level 1:colcon.colcon_core.package_identification:_identify(simulation/isaac-sim/exts/sl.sensor.camera.bridge/sl/sensor) by extension 'colcon_pkg'
[0.144s] Level 1:colcon.colcon_core.package_identification:_identify(simulation/isaac-sim/exts/sl.sensor.camera.bridge/sl/sensor) by extensions ['colcon_meta']
[0.144s] Level 1:colcon.colcon_core.package_identification:_identify(simulation/isaac-sim/exts/sl.sensor.camera.bridge/sl/sensor) by extension 'colcon_meta'
[0.144s] Level 1:colcon.colcon_core.package_identification:_identify(simulation/isaac-sim/exts/sl.sensor.camera.bridge/sl/sensor) by extensions ['ros']
[0.144s] Level 1:colcon.colcon_core.package_identification:_identify(simulation/isaac-sim/exts/sl.sensor.camera.bridge/sl/sensor) by extension 'ros'
[0.144s] Level 1:colcon.colcon_core.package_identification:_identify(simulation/isaac-sim/exts/sl.sensor.camera.bridge/sl/sensor) by extensions ['cmake', 'python']
[0.144s] Level 1:colcon.colcon_core.package_identification:_identify(simulation/isaac-sim/exts/sl.sensor.camera.bridge/sl/sensor) by extension 'cmake'
[0.144s] Level 1:colcon.colcon_core.package_identification:_identify(simulation/isaac-sim/exts/sl.sensor.camera.bridge/sl/sensor) by extension 'python'
[0.144s] Level 1:colcon.colcon_core.package_identification:_identify(simulation/isaac-sim/exts/sl.sensor.camera.bridge/sl/sensor) by extensions ['python_setup_py']
[0.144s] Level 1:colcon.colcon_core.package_identification:_identify(simulation/isaac-sim/exts/sl.sensor.camera.bridge/sl/sensor) by extension 'python_setup_py'
[0.144s] Level 1:colcon.colcon_core.package_identification:_identify(simulation/isaac-sim/exts/sl.sensor.camera.bridge/sl/sensor/camera) by extensions ['ignore', 'ignore_ament_install']
[0.144s] Level 1:colcon.colcon_core.package_identification:_identify(simulation/isaac-sim/exts/sl.sensor.camera.bridge/sl/sensor/camera) by extension 'ignore'
[0.144s] Level 1:colcon.colcon_core.package_identification:_identify(simulation/isaac-sim/exts/sl.sensor.camera.bridge/sl/sensor/camera) by extension 'ignore_ament_install'
[0.144s] Level 1:colcon.colcon_core.package_identification:_identify(simulation/isaac-sim/exts/sl.sensor.camera.bridge/sl/sensor/camera) by extensions ['colcon_pkg']
[0.144s] Level 1:colcon.colcon_core.package_identification:_identify(simulation/isaac-sim/exts/sl.sensor.camera.bridge/sl/sensor/camera) by extension 'colcon_pkg'
[0.144s] Level 1:colcon.colcon_core.package_identification:_identify(simulation/isaac-sim/exts/sl.sensor.camera.bridge/sl/sensor/camera) by extensions ['colcon_meta']
[0.144s] Level 1:colcon.colcon_core.package_identification:_identify(simulation/isaac-sim/exts/sl.sensor.camera.bridge/sl/sensor/camera) by extension 'colcon_meta'
[0.144s] Level 1:colcon.colcon_core.package_identification:_identify(simulation/isaac-sim/exts/sl.sensor.camera.bridge/sl/sensor/camera) by extensions ['ros']
[0.144s] Level 1:colcon.colcon_core.package_identification:_identify(simulation/isaac-sim/exts/sl.sensor.camera.bridge/sl/sensor/camera) by extension 'ros'
[0.145s] Level 1:colcon.colcon_core.package_identification:_identify(simulation/isaac-sim/exts/sl.sensor.camera.bridge/sl/sensor/camera) by extensions ['cmake', 'python']
[0.145s] Level 1:colcon.colcon_core.package_identification:_identify(simulation/isaac-sim/exts/sl.sensor.camera.bridge/sl/sensor/camera) by extension 'cmake'
[0.145s] Level 1:colcon.colcon_core.package_identification:_identify(simulation/isaac-sim/exts/sl.sensor.camera.bridge/sl/sensor/camera) by extension 'python'
[0.145s] Level 1:colcon.colcon_core.package_identification:_identify(simulation/isaac-sim/exts/sl.sensor.camera.bridge/sl/sensor/camera) by extensions ['python_setup_py']
[0.145s] Level 1:colcon.colcon_core.package_identification:_identify(simulation/isaac-sim/exts/sl.sensor.camera.bridge/sl/sensor/camera) by extension 'python_setup_py'
[0.145s] Level 1:colcon.colcon_core.package_identification:_identify(simulation/isaac-sim/exts/sl.sensor.camera.bridge/sl/sensor/camera/bridge) by extensions ['ignore', 'ignore_ament_install']
[0.145s] Level 1:colcon.colcon_core.package_identification:_identify(simulation/isaac-sim/exts/sl.sensor.camera.bridge/sl/sensor/camera/bridge) by extension 'ignore'
[0.145s] Level 1:colcon.colcon_core.package_identification:_identify(simulation/isaac-sim/exts/sl.sensor.camera.bridge/sl/sensor/camera/bridge) by extension 'ignore_ament_install'
[0.145s] Level 1:colcon.colcon_core.package_identification:_identify(simulation/isaac-sim/exts/sl.sensor.camera.bridge/sl/sensor/camera/bridge) by extensions ['colcon_pkg']
[0.145s] Level 1:colcon.colcon_core.package_identification:_identify(simulation/isaac-sim/exts/sl.sensor.camera.bridge/sl/sensor/camera/bridge) by extension 'colcon_pkg'
[0.145s] Level 1:colcon.colcon_core.package_identification:_identify(simulation/isaac-sim/exts/sl.sensor.camera.bridge/sl/sensor/camera/bridge) by extensions ['colcon_meta']
[0.145s] Level 1:colcon.colcon_core.package_identification:_identify(simulation/isaac-sim/exts/sl.sensor.camera.bridge/sl/sensor/camera/bridge) by extension 'colcon_meta'
[0.145s] Level 1:colcon.colcon_core.package_identification:_identify(simulation/isaac-sim/exts/sl.sensor.camera.bridge/sl/sensor/camera/bridge) by extensions ['ros']
[0.145s] Level 1:colcon.colcon_core.package_identification:_identify(simulation/isaac-sim/exts/sl.sensor.camera.bridge/sl/sensor/camera/bridge) by extension 'ros'
[0.145s] Level 1:colcon.colcon_core.package_identification:_identify(simulation/isaac-sim/exts/sl.sensor.camera.bridge/sl/sensor/camera/bridge) by extensions ['cmake', 'python']
[0.145s] Level 1:colcon.colcon_core.package_identification:_identify(simulation/isaac-sim/exts/sl.sensor.camera.bridge/sl/sensor/camera/bridge) by extension 'cmake'
[0.145s] Level 1:colcon.colcon_core.package_identification:_identify(simulation/isaac-sim/exts/sl.sensor.camera.bridge/sl/sensor/camera/bridge) by extension 'python'
[0.145s] Level 1:colcon.colcon_core.package_identification:_identify(simulation/isaac-sim/exts/sl.sensor.camera.bridge/sl/sensor/camera/bridge) by extensions ['python_setup_py']
[0.145s] Level 1:colcon.colcon_core.package_identification:_identify(simulation/isaac-sim/exts/sl.sensor.camera.bridge/sl/sensor/camera/bridge) by extension 'python_setup_py'
[0.145s] Level 1:colcon.colcon_core.package_identification:_identify(simulation/isaac-sim/exts/sl.sensor.camera.bridge/sl/sensor/camera/bridge/__pycache__) by extensions ['ignore', 'ignore_ament_install']
[0.145s] Level 1:colcon.colcon_core.package_identification:_identify(simulation/isaac-sim/exts/sl.sensor.camera.bridge/sl/sensor/camera/bridge/__pycache__) by extension 'ignore'
[0.145s] Level 1:colcon.colcon_core.package_identification:_identify(simulation/isaac-sim/exts/sl.sensor.camera.bridge/sl/sensor/camera/bridge/__pycache__) by extension 'ignore_ament_install'
[0.145s] Level 1:colcon.colcon_core.package_identification:_identify(simulation/isaac-sim/exts/sl.sensor.camera.bridge/sl/sensor/camera/bridge/__pycache__) by extensions ['colcon_pkg']
[0.145s] Level 1:colcon.colcon_core.package_identification:_identify(simulation/isaac-sim/exts/sl.sensor.camera.bridge/sl/sensor/camera/bridge/__pycache__) by extension 'colcon_pkg'
[0.145s] Level 1:colcon.colcon_core.package_identification:_identify(simulation/isaac-sim/exts/sl.sensor.camera.bridge/sl/sensor/camera/bridge/__pycache__) by extensions ['colcon_meta']
[0.145s] Level 1:colcon.colcon_core.package_identification:_identify(simulation/isaac-sim/exts/sl.sensor.camera.bridge/sl/sensor/camera/bridge/__pycache__) by extension 'colcon_meta'
[0.145s] Level 1:colcon.colcon_core.package_identification:_identify(simulation/isaac-sim/exts/sl.sensor.camera.bridge/sl/sensor/camera/bridge/__pycache__) by extensions ['ros']
[0.145s] Level 1:colcon.colcon_core.package_identification:_identify(simulation/isaac-sim/exts/sl.sensor.camera.bridge/sl/sensor/camera/bridge/__pycache__) by extension 'ros'
[0.145s] Level 1:colcon.colcon_core.package_identification:_identify(simulation/isaac-sim/exts/sl.sensor.camera.bridge/sl/sensor/camera/bridge/__pycache__) by extensions ['cmake', 'python']
[0.145s] Level 1:colcon.colcon_core.package_identification:_identify(simulation/isaac-sim/exts/sl.sensor.camera.bridge/sl/sensor/camera/bridge/__pycache__) by extension 'cmake'
[0.145s] Level 1:colcon.colcon_core.package_identification:_identify(simulation/isaac-sim/exts/sl.sensor.camera.bridge/sl/sensor/camera/bridge/__pycache__) by extension 'python'
[0.145s] Level 1:colcon.colcon_core.package_identification:_identify(simulation/isaac-sim/exts/sl.sensor.camera.bridge/sl/sensor/camera/bridge/__pycache__) by extensions ['python_setup_py']
[0.145s] Level 1:colcon.colcon_core.package_identification:_identify(simulation/isaac-sim/exts/sl.sensor.camera.bridge/sl/sensor/camera/bridge/__pycache__) by extension 'python_setup_py'
[0.145s] Level 1:colcon.colcon_core.package_identification:_identify(simulation/isaac-sim/exts/sl.sensor.camera.bridge/sl/sensor/camera/bridge/ogn) by extensions ['ignore', 'ignore_ament_install']
[0.145s] Level 1:colcon.colcon_core.package_identification:_identify(simulation/isaac-sim/exts/sl.sensor.camera.bridge/sl/sensor/camera/bridge/ogn) by extension 'ignore'
[0.145s] Level 1:colcon.colcon_core.package_identification:_identify(simulation/isaac-sim/exts/sl.sensor.camera.bridge/sl/sensor/camera/bridge/ogn) by extension 'ignore_ament_install'
[0.145s] Level 1:colcon.colcon_core.package_identification:_identify(simulation/isaac-sim/exts/sl.sensor.camera.bridge/sl/sensor/camera/bridge/ogn) by extensions ['colcon_pkg']
[0.145s] Level 1:colcon.colcon_core.package_identification:_identify(simulation/isaac-sim/exts/sl.sensor.camera.bridge/sl/sensor/camera/bridge/ogn) by extension 'colcon_pkg'
[0.145s] Level 1:colcon.colcon_core.package_identification:_identify(simulation/isaac-sim/exts/sl.sensor.camera.bridge/sl/sensor/camera/bridge/ogn) by extensions ['colcon_meta']
[0.145s] Level 1:colcon.colcon_core.package_identification:_identify(simulation/isaac-sim/exts/sl.sensor.camera.bridge/sl/sensor/camera/bridge/ogn) by extension 'colcon_meta'
[0.145s] Level 1:colcon.colcon_core.package_identification:_identify(simulation/isaac-sim/exts/sl.sensor.camera.bridge/sl/sensor/camera/bridge/ogn) by extensions ['ros']
[0.145s] Level 1:colcon.colcon_core.package_identification:_identify(simulation/isaac-sim/exts/sl.sensor.camera.bridge/sl/sensor/camera/bridge/ogn) by extension 'ros'
[0.145s] Level 1:colcon.colcon_core.package_identification:_identify(simulation/isaac-sim/exts/sl.sensor.camera.bridge/sl/sensor/camera/bridge/ogn) by extensions ['cmake', 'python']
[0.145s] Level 1:colcon.colcon_core.package_identification:_identify(simulation/isaac-sim/exts/sl.sensor.camera.bridge/sl/sensor/camera/bridge/ogn) by extension 'cmake'
[0.145s] Level 1:colcon.colcon_core.package_identification:_identify(simulation/isaac-sim/exts/sl.sensor.camera.bridge/sl/sensor/camera/bridge/ogn) by extension 'python'
[0.145s] Level 1:colcon.colcon_core.package_identification:_identify(simulation/isaac-sim/exts/sl.sensor.camera.bridge/sl/sensor/camera/bridge/ogn) by extensions ['python_setup_py']
[0.145s] Level 1:colcon.colcon_core.package_identification:_identify(simulation/isaac-sim/exts/sl.sensor.camera.bridge/sl/sensor/camera/bridge/ogn) by extension 'python_setup_py'
[0.145s] Level 1:colcon.colcon_core.package_identification:_identify(simulation/isaac-sim/exts/sl.sensor.camera.bridge/sl/sensor/camera/bridge/ogn/tests) by extensions ['ignore', 'ignore_ament_install']
[0.145s] Level 1:colcon.colcon_core.package_identification:_identify(simulation/isaac-sim/exts/sl.sensor.camera.bridge/sl/sensor/camera/bridge/ogn/tests) by extension 'ignore'
[0.145s] Level 1:colcon.colcon_core.package_identification:_identify(simulation/isaac-sim/exts/sl.sensor.camera.bridge/sl/sensor/camera/bridge/ogn/tests) by extension 'ignore_ament_install'
[0.145s] Level 1:colcon.colcon_core.package_identification:_identify(simulation/isaac-sim/exts/sl.sensor.camera.bridge/sl/sensor/camera/bridge/ogn/tests) by extensions ['colcon_pkg']
[0.145s] Level 1:colcon.colcon_core.package_identification:_identify(simulation/isaac-sim/exts/sl.sensor.camera.bridge/sl/sensor/camera/bridge/ogn/tests) by extension 'colcon_pkg'
[0.145s] Level 1:colcon.colcon_core.package_identification:_identify(simulation/isaac-sim/exts/sl.sensor.camera.bridge/sl/sensor/camera/bridge/ogn/tests) by extensions ['colcon_meta']
[0.145s] Level 1:colcon.colcon_core.package_identification:_identify(simulation/isaac-sim/exts/sl.sensor.camera.bridge/sl/sensor/camera/bridge/ogn/tests) by extension 'colcon_meta'
[0.145s] Level 1:colcon.colcon_core.package_identification:_identify(simulation/isaac-sim/exts/sl.sensor.camera.bridge/sl/sensor/camera/bridge/ogn/tests) by extensions ['ros']
[0.145s] Level 1:colcon.colcon_core.package_identification:_identify(simulation/isaac-sim/exts/sl.sensor.camera.bridge/sl/sensor/camera/bridge/ogn/tests) by extension 'ros'
[0.145s] Level 1:colcon.colcon_core.package_identification:_identify(simulation/isaac-sim/exts/sl.sensor.camera.bridge/sl/sensor/camera/bridge/ogn/tests) by extensions ['cmake', 'python']
[0.145s] Level 1:colcon.colcon_core.package_identification:_identify(simulation/isaac-sim/exts/sl.sensor.camera.bridge/sl/sensor/camera/bridge/ogn/tests) by extension 'cmake'
[0.145s] Level 1:colcon.colcon_core.package_identification:_identify(simulation/isaac-sim/exts/sl.sensor.camera.bridge/sl/sensor/camera/bridge/ogn/tests) by extension 'python'
[0.145s] Level 1:colcon.colcon_core.package_identification:_identify(simulation/isaac-sim/exts/sl.sensor.camera.bridge/sl/sensor/camera/bridge/ogn/tests) by extensions ['python_setup_py']
[0.145s] Level 1:colcon.colcon_core.package_identification:_identify(simulation/isaac-sim/exts/sl.sensor.camera.bridge/sl/sensor/camera/bridge/ogn/tests) by extension 'python_setup_py'
[0.145s] Level 1:colcon.colcon_core.package_identification:_identify(simulation/isaac-sim/exts/sl.sensor.camera.bridge/sl/sensor/camera/bridge/ogn/tests/usd) by extensions ['ignore', 'ignore_ament_install']
[0.145s] Level 1:colcon.colcon_core.package_identification:_identify(simulation/isaac-sim/exts/sl.sensor.camera.bridge/sl/sensor/camera/bridge/ogn/tests/usd) by extension 'ignore'
[0.145s] Level 1:colcon.colcon_core.package_identification:_identify(simulation/isaac-sim/exts/sl.sensor.camera.bridge/sl/sensor/camera/bridge/ogn/tests/usd) by extension 'ignore_ament_install'
[0.145s] Level 1:colcon.colcon_core.package_identification:_identify(simulation/isaac-sim/exts/sl.sensor.camera.bridge/sl/sensor/camera/bridge/ogn/tests/usd) by extensions ['colcon_pkg']
[0.145s] Level 1:colcon.colcon_core.package_identification:_identify(simulation/isaac-sim/exts/sl.sensor.camera.bridge/sl/sensor/camera/bridge/ogn/tests/usd) by extension 'colcon_pkg'
[0.145s] Level 1:colcon.colcon_core.package_identification:_identify(simulation/isaac-sim/exts/sl.sensor.camera.bridge/sl/sensor/camera/bridge/ogn/tests/usd) by extensions ['colcon_meta']
[0.145s] Level 1:colcon.colcon_core.package_identification:_identify(simulation/isaac-sim/exts/sl.sensor.camera.bridge/sl/sensor/camera/bridge/ogn/tests/usd) by extension 'colcon_meta'
[0.146s] Level 1:colcon.colcon_core.package_identification:_identify(simulation/isaac-sim/exts/sl.sensor.camera.bridge/sl/sensor/camera/bridge/ogn/tests/usd) by extensions ['ros']
[0.146s] Level 1:colcon.colcon_core.package_identification:_identify(simulation/isaac-sim/exts/sl.sensor.camera.bridge/sl/sensor/camera/bridge/ogn/tests/usd) by extension 'ros'
[0.146s] Level 1:colcon.colcon_core.package_identification:_identify(simulation/isaac-sim/exts/sl.sensor.camera.bridge/sl/sensor/camera/bridge/ogn/tests/usd) by extensions ['cmake', 'python']
[0.146s] Level 1:colcon.colcon_core.package_identification:_identify(simulation/isaac-sim/exts/sl.sensor.camera.bridge/sl/sensor/camera/bridge/ogn/tests/usd) by extension 'cmake'
[0.146s] Level 1:colcon.colcon_core.package_identification:_identify(simulation/isaac-sim/exts/sl.sensor.camera.bridge/sl/sensor/camera/bridge/ogn/tests/usd) by extension 'python'
[0.146s] Level 1:colcon.colcon_core.package_identification:_identify(simulation/isaac-sim/exts/sl.sensor.camera.bridge/sl/sensor/camera/bridge/ogn/tests/usd) by extensions ['python_setup_py']
[0.146s] Level 1:colcon.colcon_core.package_identification:_identify(simulation/isaac-sim/exts/sl.sensor.camera.bridge/sl/sensor/camera/bridge/ogn/tests/usd) by extension 'python_setup_py'
[0.146s] Level 1:colcon.colcon_core.package_identification:_identify(simulation/isaac-sim/exts/sl.sensor.camera.calibration_exporter) by extensions ['ignore', 'ignore_ament_install']
[0.146s] Level 1:colcon.colcon_core.package_identification:_identify(simulation/isaac-sim/exts/sl.sensor.camera.calibration_exporter) by extension 'ignore'
[0.146s] Level 1:colcon.colcon_core.package_identification:_identify(simulation/isaac-sim/exts/sl.sensor.camera.calibration_exporter) by extension 'ignore_ament_install'
[0.146s] Level 1:colcon.colcon_core.package_identification:_identify(simulation/isaac-sim/exts/sl.sensor.camera.calibration_exporter) by extensions ['colcon_pkg']
[0.146s] Level 1:colcon.colcon_core.package_identification:_identify(simulation/isaac-sim/exts/sl.sensor.camera.calibration_exporter) by extension 'colcon_pkg'
[0.146s] Level 1:colcon.colcon_core.package_identification:_identify(simulation/isaac-sim/exts/sl.sensor.camera.calibration_exporter) by extensions ['colcon_meta']
[0.146s] Level 1:colcon.colcon_core.package_identification:_identify(simulation/isaac-sim/exts/sl.sensor.camera.calibration_exporter) by extension 'colcon_meta'
[0.146s] Level 1:colcon.colcon_core.package_identification:_identify(simulation/isaac-sim/exts/sl.sensor.camera.calibration_exporter) by extensions ['ros']
[0.146s] Level 1:colcon.colcon_core.package_identification:_identify(simulation/isaac-sim/exts/sl.sensor.camera.calibration_exporter) by extension 'ros'
[0.146s] Level 1:colcon.colcon_core.package_identification:_identify(simulation/isaac-sim/exts/sl.sensor.camera.calibration_exporter) by extensions ['cmake', 'python']
[0.146s] Level 1:colcon.colcon_core.package_identification:_identify(simulation/isaac-sim/exts/sl.sensor.camera.calibration_exporter) by extension 'cmake'
[0.146s] Level 1:colcon.colcon_core.package_identification:_identify(simulation/isaac-sim/exts/sl.sensor.camera.calibration_exporter) by extension 'python'
[0.146s] Level 1:colcon.colcon_core.package_identification:_identify(simulation/isaac-sim/exts/sl.sensor.camera.calibration_exporter) by extensions ['python_setup_py']
[0.146s] Level 1:colcon.colcon_core.package_identification:_identify(simulation/isaac-sim/exts/sl.sensor.camera.calibration_exporter) by extension 'python_setup_py'
[0.146s] Level 1:colcon.colcon_core.package_identification:_identify(simulation/isaac-sim/exts/sl.sensor.camera.calibration_exporter/config) by extensions ['ignore', 'ignore_ament_install']
[0.146s] Level 1:colcon.colcon_core.package_identification:_identify(simulation/isaac-sim/exts/sl.sensor.camera.calibration_exporter/config) by extension 'ignore'
[0.146s] Level 1:colcon.colcon_core.package_identification:_identify(simulation/isaac-sim/exts/sl.sensor.camera.calibration_exporter/config) by extension 'ignore_ament_install'
[0.146s] Level 1:colcon.colcon_core.package_identification:_identify(simulation/isaac-sim/exts/sl.sensor.camera.calibration_exporter/config) by extensions ['colcon_pkg']
[0.146s] Level 1:colcon.colcon_core.package_identification:_identify(simulation/isaac-sim/exts/sl.sensor.camera.calibration_exporter/config) by extension 'colcon_pkg'
[0.146s] Level 1:colcon.colcon_core.package_identification:_identify(simulation/isaac-sim/exts/sl.sensor.camera.calibration_exporter/config) by extensions ['colcon_meta']
[0.146s] Level 1:colcon.colcon_core.package_identification:_identify(simulation/isaac-sim/exts/sl.sensor.camera.calibration_exporter/config) by extension 'colcon_meta'
[0.146s] Level 1:colcon.colcon_core.package_identification:_identify(simulation/isaac-sim/exts/sl.sensor.camera.calibration_exporter/config) by extensions ['ros']
[0.146s] Level 1:colcon.colcon_core.package_identification:_identify(simulation/isaac-sim/exts/sl.sensor.camera.calibration_exporter/config) by extension 'ros'
[0.146s] Level 1:colcon.colcon_core.package_identification:_identify(simulation/isaac-sim/exts/sl.sensor.camera.calibration_exporter/config) by extensions ['cmake', 'python']
[0.146s] Level 1:colcon.colcon_core.package_identification:_identify(simulation/isaac-sim/exts/sl.sensor.camera.calibration_exporter/config) by extension 'cmake'
[0.146s] Level 1:colcon.colcon_core.package_identification:_identify(simulation/isaac-sim/exts/sl.sensor.camera.calibration_exporter/config) by extension 'python'
[0.146s] Level 1:colcon.colcon_core.package_identification:_identify(simulation/isaac-sim/exts/sl.sensor.camera.calibration_exporter/config) by extensions ['python_setup_py']
[0.146s] Level 1:colcon.colcon_core.package_identification:_identify(simulation/isaac-sim/exts/sl.sensor.camera.calibration_exporter/config) by extension 'python_setup_py'
[0.146s] Level 1:colcon.colcon_core.package_identification:_identify(simulation/isaac-sim/exts/sl.sensor.camera.calibration_exporter/data) by extensions ['ignore', 'ignore_ament_install']
[0.146s] Level 1:colcon.colcon_core.package_identification:_identify(simulation/isaac-sim/exts/sl.sensor.camera.calibration_exporter/data) by extension 'ignore'
[0.146s] Level 1:colcon.colcon_core.package_identification:_identify(simulation/isaac-sim/exts/sl.sensor.camera.calibration_exporter/data) by extension 'ignore_ament_install'
[0.146s] Level 1:colcon.colcon_core.package_identification:_identify(simulation/isaac-sim/exts/sl.sensor.camera.calibration_exporter/data) by extensions ['colcon_pkg']
[0.146s] Level 1:colcon.colcon_core.package_identification:_identify(simulation/isaac-sim/exts/sl.sensor.camera.calibration_exporter/data) by extension 'colcon_pkg'
[0.146s] Level 1:colcon.colcon_core.package_identification:_identify(simulation/isaac-sim/exts/sl.sensor.camera.calibration_exporter/data) by extensions ['colcon_meta']
[0.146s] Level 1:colcon.colcon_core.package_identification:_identify(simulation/isaac-sim/exts/sl.sensor.camera.calibration_exporter/data) by extension 'colcon_meta'
[0.146s] Level 1:colcon.colcon_core.package_identification:_identify(simulation/isaac-sim/exts/sl.sensor.camera.calibration_exporter/data) by extensions ['ros']
[0.146s] Level 1:colcon.colcon_core.package_identification:_identify(simulation/isaac-sim/exts/sl.sensor.camera.calibration_exporter/data) by extension 'ros'
[0.146s] Level 1:colcon.colcon_core.package_identification:_identify(simulation/isaac-sim/exts/sl.sensor.camera.calibration_exporter/data) by extensions ['cmake', 'python']
[0.146s] Level 1:colcon.colcon_core.package_identification:_identify(simulation/isaac-sim/exts/sl.sensor.camera.calibration_exporter/data) by extension 'cmake'
[0.146s] Level 1:colcon.colcon_core.package_identification:_identify(simulation/isaac-sim/exts/sl.sensor.camera.calibration_exporter/data) by extension 'python'
[0.146s] Level 1:colcon.colcon_core.package_identification:_identify(simulation/isaac-sim/exts/sl.sensor.camera.calibration_exporter/data) by extensions ['python_setup_py']
[0.146s] Level 1:colcon.colcon_core.package_identification:_identify(simulation/isaac-sim/exts/sl.sensor.camera.calibration_exporter/data) by extension 'python_setup_py'
[0.146s] Level 1:colcon.colcon_core.package_identification:_identify(simulation/isaac-sim/exts/sl.sensor.camera.calibration_exporter/docs) by extensions ['ignore', 'ignore_ament_install']
[0.146s] Level 1:colcon.colcon_core.package_identification:_identify(simulation/isaac-sim/exts/sl.sensor.camera.calibration_exporter/docs) by extension 'ignore'
[0.146s] Level 1:colcon.colcon_core.package_identification:_identify(simulation/isaac-sim/exts/sl.sensor.camera.calibration_exporter/docs) by extension 'ignore_ament_install'
[0.146s] Level 1:colcon.colcon_core.package_identification:_identify(simulation/isaac-sim/exts/sl.sensor.camera.calibration_exporter/docs) by extensions ['colcon_pkg']
[0.146s] Level 1:colcon.colcon_core.package_identification:_identify(simulation/isaac-sim/exts/sl.sensor.camera.calibration_exporter/docs) by extension 'colcon_pkg'
[0.146s] Level 1:colcon.colcon_core.package_identification:_identify(simulation/isaac-sim/exts/sl.sensor.camera.calibration_exporter/docs) by extensions ['colcon_meta']
[0.146s] Level 1:colcon.colcon_core.package_identification:_identify(simulation/isaac-sim/exts/sl.sensor.camera.calibration_exporter/docs) by extension 'colcon_meta'
[0.146s] Level 1:colcon.colcon_core.package_identification:_identify(simulation/isaac-sim/exts/sl.sensor.camera.calibration_exporter/docs) by extensions ['ros']
[0.146s] Level 1:colcon.colcon_core.package_identification:_identify(simulation/isaac-sim/exts/sl.sensor.camera.calibration_exporter/docs) by extension 'ros'
[0.146s] Level 1:colcon.colcon_core.package_identification:_identify(simulation/isaac-sim/exts/sl.sensor.camera.calibration_exporter/docs) by extensions ['cmake', 'python']
[0.146s] Level 1:colcon.colcon_core.package_identification:_identify(simulation/isaac-sim/exts/sl.sensor.camera.calibration_exporter/docs) by extension 'cmake'
[0.146s] Level 1:colcon.colcon_core.package_identification:_identify(simulation/isaac-sim/exts/sl.sensor.camera.calibration_exporter/docs) by extension 'python'
[0.146s] Level 1:colcon.colcon_core.package_identification:_identify(simulation/isaac-sim/exts/sl.sensor.camera.calibration_exporter/docs) by extensions ['python_setup_py']
[0.146s] Level 1:colcon.colcon_core.package_identification:_identify(simulation/isaac-sim/exts/sl.sensor.camera.calibration_exporter/docs) by extension 'python_setup_py'
[0.146s] Level 1:colcon.colcon_core.package_identification:_identify(simulation/isaac-sim/exts/sl.sensor.camera.calibration_exporter/sl) by extensions ['ignore', 'ignore_ament_install']
[0.146s] Level 1:colcon.colcon_core.package_identification:_identify(simulation/isaac-sim/exts/sl.sensor.camera.calibration_exporter/sl) by extension 'ignore'
[0.146s] Level 1:colcon.colcon_core.package_identification:_identify(simulation/isaac-sim/exts/sl.sensor.camera.calibration_exporter/sl) by extension 'ignore_ament_install'
[0.146s] Level 1:colcon.colcon_core.package_identification:_identify(simulation/isaac-sim/exts/sl.sensor.camera.calibration_exporter/sl) by extensions ['colcon_pkg']
[0.146s] Level 1:colcon.colcon_core.package_identification:_identify(simulation/isaac-sim/exts/sl.sensor.camera.calibration_exporter/sl) by extension 'colcon_pkg'
[0.146s] Level 1:colcon.colcon_core.package_identification:_identify(simulation/isaac-sim/exts/sl.sensor.camera.calibration_exporter/sl) by extensions ['colcon_meta']
[0.146s] Level 1:colcon.colcon_core.package_identification:_identify(simulation/isaac-sim/exts/sl.sensor.camera.calibration_exporter/sl) by extension 'colcon_meta'
[0.146s] Level 1:colcon.colcon_core.package_identification:_identify(simulation/isaac-sim/exts/sl.sensor.camera.calibration_exporter/sl) by extensions ['ros']
[0.146s] Level 1:colcon.colcon_core.package_identification:_identify(simulation/isaac-sim/exts/sl.sensor.camera.calibration_exporter/sl) by extension 'ros'
[0.146s] Level 1:colcon.colcon_core.package_identification:_identify(simulation/isaac-sim/exts/sl.sensor.camera.calibration_exporter/sl) by extensions ['cmake', 'python']
[0.146s] Level 1:colcon.colcon_core.package_identification:_identify(simulation/isaac-sim/exts/sl.sensor.camera.calibration_exporter/sl) by extension 'cmake'
[0.146s] Level 1:colcon.colcon_core.package_identification:_identify(simulation/isaac-sim/exts/sl.sensor.camera.calibration_exporter/sl) by extension 'python'
[0.146s] Level 1:colcon.colcon_core.package_identification:_identify(simulation/isaac-sim/exts/sl.sensor.camera.calibration_exporter/sl) by extensions ['python_setup_py']
[0.147s] Level 1:colcon.colcon_core.package_identification:_identify(simulation/isaac-sim/exts/sl.sensor.camera.calibration_exporter/sl) by extension 'python_setup_py'
[0.147s] Level 1:colcon.colcon_core.package_identification:_identify(simulation/isaac-sim/exts/sl.sensor.camera.calibration_exporter/sl/sensor) by extensions ['ignore', 'ignore_ament_install']
[0.147s] Level 1:colcon.colcon_core.package_identification:_identify(simulation/isaac-sim/exts/sl.sensor.camera.calibration_exporter/sl/sensor) by extension 'ignore'
[0.147s] Level 1:colcon.colcon_core.package_identification:_identify(simulation/isaac-sim/exts/sl.sensor.camera.calibration_exporter/sl/sensor) by extension 'ignore_ament_install'
[0.147s] Level 1:colcon.colcon_core.package_identification:_identify(simulation/isaac-sim/exts/sl.sensor.camera.calibration_exporter/sl/sensor) by extensions ['colcon_pkg']
[0.147s] Level 1:colcon.colcon_core.package_identification:_identify(simulation/isaac-sim/exts/sl.sensor.camera.calibration_exporter/sl/sensor) by extension 'colcon_pkg'
[0.147s] Level 1:colcon.colcon_core.package_identification:_identify(simulation/isaac-sim/exts/sl.sensor.camera.calibration_exporter/sl/sensor) by extensions ['colcon_meta']
[0.147s] Level 1:colcon.colcon_core.package_identification:_identify(simulation/isaac-sim/exts/sl.sensor.camera.calibration_exporter/sl/sensor) by extension 'colcon_meta'
[0.147s] Level 1:colcon.colcon_core.package_identification:_identify(simulation/isaac-sim/exts/sl.sensor.camera.calibration_exporter/sl/sensor) by extensions ['ros']
[0.147s] Level 1:colcon.colcon_core.package_identification:_identify(simulation/isaac-sim/exts/sl.sensor.camera.calibration_exporter/sl/sensor) by extension 'ros'
[0.147s] Level 1:colcon.colcon_core.package_identification:_identify(simulation/isaac-sim/exts/sl.sensor.camera.calibration_exporter/sl/sensor) by extensions ['cmake', 'python']
[0.147s] Level 1:colcon.colcon_core.package_identification:_identify(simulation/isaac-sim/exts/sl.sensor.camera.calibration_exporter/sl/sensor) by extension 'cmake'
[0.147s] Level 1:colcon.colcon_core.package_identification:_identify(simulation/isaac-sim/exts/sl.sensor.camera.calibration_exporter/sl/sensor) by extension 'python'
[0.147s] Level 1:colcon.colcon_core.package_identification:_identify(simulation/isaac-sim/exts/sl.sensor.camera.calibration_exporter/sl/sensor) by extensions ['python_setup_py']
[0.147s] Level 1:colcon.colcon_core.package_identification:_identify(simulation/isaac-sim/exts/sl.sensor.camera.calibration_exporter/sl/sensor) by extension 'python_setup_py'
[0.147s] Level 1:colcon.colcon_core.package_identification:_identify(simulation/isaac-sim/exts/sl.sensor.camera.calibration_exporter/sl/sensor/camera) by extensions ['ignore', 'ignore_ament_install']
[0.147s] Level 1:colcon.colcon_core.package_identification:_identify(simulation/isaac-sim/exts/sl.sensor.camera.calibration_exporter/sl/sensor/camera) by extension 'ignore'
[0.147s] Level 1:colcon.colcon_core.package_identification:_identify(simulation/isaac-sim/exts/sl.sensor.camera.calibration_exporter/sl/sensor/camera) by extension 'ignore_ament_install'
[0.147s] Level 1:colcon.colcon_core.package_identification:_identify(simulation/isaac-sim/exts/sl.sensor.camera.calibration_exporter/sl/sensor/camera) by extensions ['colcon_pkg']
[0.147s] Level 1:colcon.colcon_core.package_identification:_identify(simulation/isaac-sim/exts/sl.sensor.camera.calibration_exporter/sl/sensor/camera) by extension 'colcon_pkg'
[0.147s] Level 1:colcon.colcon_core.package_identification:_identify(simulation/isaac-sim/exts/sl.sensor.camera.calibration_exporter/sl/sensor/camera) by extensions ['colcon_meta']
[0.147s] Level 1:colcon.colcon_core.package_identification:_identify(simulation/isaac-sim/exts/sl.sensor.camera.calibration_exporter/sl/sensor/camera) by extension 'colcon_meta'
[0.147s] Level 1:colcon.colcon_core.package_identification:_identify(simulation/isaac-sim/exts/sl.sensor.camera.calibration_exporter/sl/sensor/camera) by extensions ['ros']
[0.147s] Level 1:colcon.colcon_core.package_identification:_identify(simulation/isaac-sim/exts/sl.sensor.camera.calibration_exporter/sl/sensor/camera) by extension 'ros'
[0.147s] Level 1:colcon.colcon_core.package_identification:_identify(simulation/isaac-sim/exts/sl.sensor.camera.calibration_exporter/sl/sensor/camera) by extensions ['cmake', 'python']
[0.147s] Level 1:colcon.colcon_core.package_identification:_identify(simulation/isaac-sim/exts/sl.sensor.camera.calibration_exporter/sl/sensor/camera) by extension 'cmake'
[0.147s] Level 1:colcon.colcon_core.package_identification:_identify(simulation/isaac-sim/exts/sl.sensor.camera.calibration_exporter/sl/sensor/camera) by extension 'python'
[0.147s] Level 1:colcon.colcon_core.package_identification:_identify(simulation/isaac-sim/exts/sl.sensor.camera.calibration_exporter/sl/sensor/camera) by extensions ['python_setup_py']
[0.147s] Level 1:colcon.colcon_core.package_identification:_identify(simulation/isaac-sim/exts/sl.sensor.camera.calibration_exporter/sl/sensor/camera) by extension 'python_setup_py'
[0.147s] Level 1:colcon.colcon_core.package_identification:_identify(simulation/isaac-sim/exts/sl.sensor.camera.calibration_exporter/sl/sensor/camera/calibration_exporter) by extensions ['ignore', 'ignore_ament_install']
[0.147s] Level 1:colcon.colcon_core.package_identification:_identify(simulation/isaac-sim/exts/sl.sensor.camera.calibration_exporter/sl/sensor/camera/calibration_exporter) by extension 'ignore'
[0.147s] Level 1:colcon.colcon_core.package_identification:_identify(simulation/isaac-sim/exts/sl.sensor.camera.calibration_exporter/sl/sensor/camera/calibration_exporter) by extension 'ignore_ament_install'
[0.147s] Level 1:colcon.colcon_core.package_identification:_identify(simulation/isaac-sim/exts/sl.sensor.camera.calibration_exporter/sl/sensor/camera/calibration_exporter) by extensions ['colcon_pkg']
[0.147s] Level 1:colcon.colcon_core.package_identification:_identify(simulation/isaac-sim/exts/sl.sensor.camera.calibration_exporter/sl/sensor/camera/calibration_exporter) by extension 'colcon_pkg'
[0.147s] Level 1:colcon.colcon_core.package_identification:_identify(simulation/isaac-sim/exts/sl.sensor.camera.calibration_exporter/sl/sensor/camera/calibration_exporter) by extensions ['colcon_meta']
[0.147s] Level 1:colcon.colcon_core.package_identification:_identify(simulation/isaac-sim/exts/sl.sensor.camera.calibration_exporter/sl/sensor/camera/calibration_exporter) by extension 'colcon_meta'
[0.147s] Level 1:colcon.colcon_core.package_identification:_identify(simulation/isaac-sim/exts/sl.sensor.camera.calibration_exporter/sl/sensor/camera/calibration_exporter) by extensions ['ros']
[0.147s] Level 1:colcon.colcon_core.package_identification:_identify(simulation/isaac-sim/exts/sl.sensor.camera.calibration_exporter/sl/sensor/camera/calibration_exporter) by extension 'ros'
[0.147s] Level 1:colcon.colcon_core.package_identification:_identify(simulation/isaac-sim/exts/sl.sensor.camera.calibration_exporter/sl/sensor/camera/calibration_exporter) by extensions ['cmake', 'python']
[0.147s] Level 1:colcon.colcon_core.package_identification:_identify(simulation/isaac-sim/exts/sl.sensor.camera.calibration_exporter/sl/sensor/camera/calibration_exporter) by extension 'cmake'
[0.147s] Level 1:colcon.colcon_core.package_identification:_identify(simulation/isaac-sim/exts/sl.sensor.camera.calibration_exporter/sl/sensor/camera/calibration_exporter) by extension 'python'
[0.147s] Level 1:colcon.colcon_core.package_identification:_identify(simulation/isaac-sim/exts/sl.sensor.camera.calibration_exporter/sl/sensor/camera/calibration_exporter) by extensions ['python_setup_py']
[0.147s] Level 1:colcon.colcon_core.package_identification:_identify(simulation/isaac-sim/exts/sl.sensor.camera.calibration_exporter/sl/sensor/camera/calibration_exporter) by extension 'python_setup_py'
[0.147s] Level 1:colcon.colcon_core.package_identification:_identify(simulation/isaac-sim/meshes) by extensions ['ignore', 'ignore_ament_install']
[0.147s] Level 1:colcon.colcon_core.package_identification:_identify(simulation/isaac-sim/meshes) by extension 'ignore'
[0.147s] Level 1:colcon.colcon_core.package_identification:_identify(simulation/isaac-sim/meshes) by extension 'ignore_ament_install'
[0.147s] Level 1:colcon.colcon_core.package_identification:_identify(simulation/isaac-sim/meshes) by extensions ['colcon_pkg']
[0.147s] Level 1:colcon.colcon_core.package_identification:_identify(simulation/isaac-sim/meshes) by extension 'colcon_pkg'
[0.147s] Level 1:colcon.colcon_core.package_identification:_identify(simulation/isaac-sim/meshes) by extensions ['colcon_meta']
[0.147s] Level 1:colcon.colcon_core.package_identification:_identify(simulation/isaac-sim/meshes) by extension 'colcon_meta'
[0.147s] Level 1:colcon.colcon_core.package_identification:_identify(simulation/isaac-sim/meshes) by extensions ['ros']
[0.147s] Level 1:colcon.colcon_core.package_identification:_identify(simulation/isaac-sim/meshes) by extension 'ros'
[0.147s] Level 1:colcon.colcon_core.package_identification:_identify(simulation/isaac-sim/meshes) by extensions ['cmake', 'python']
[0.147s] Level 1:colcon.colcon_core.package_identification:_identify(simulation/isaac-sim/meshes) by extension 'cmake'
[0.147s] Level 1:colcon.colcon_core.package_identification:_identify(simulation/isaac-sim/meshes) by extension 'python'
[0.147s] Level 1:colcon.colcon_core.package_identification:_identify(simulation/isaac-sim/meshes) by extensions ['python_setup_py']
[0.147s] Level 1:colcon.colcon_core.package_identification:_identify(simulation/isaac-sim/meshes) by extension 'python_setup_py'
[0.147s] Level 1:colcon.colcon_core.package_identification:_identify(simulation/isaac-sim/meshes_old) by extensions ['ignore', 'ignore_ament_install']
[0.147s] Level 1:colcon.colcon_core.package_identification:_identify(simulation/isaac-sim/meshes_old) by extension 'ignore'
[0.147s] Level 1:colcon.colcon_core.package_identification:_identify(simulation/isaac-sim/meshes_old) by extension 'ignore_ament_install'
[0.147s] Level 1:colcon.colcon_core.package_identification:_identify(simulation/isaac-sim/meshes_old) by extensions ['colcon_pkg']
[0.147s] Level 1:colcon.colcon_core.package_identification:_identify(simulation/isaac-sim/meshes_old) by extension 'colcon_pkg'
[0.147s] Level 1:colcon.colcon_core.package_identification:_identify(simulation/isaac-sim/meshes_old) by extensions ['colcon_meta']
[0.147s] Level 1:colcon.colcon_core.package_identification:_identify(simulation/isaac-sim/meshes_old) by extension 'colcon_meta'
[0.147s] Level 1:colcon.colcon_core.package_identification:_identify(simulation/isaac-sim/meshes_old) by extensions ['ros']
[0.147s] Level 1:colcon.colcon_core.package_identification:_identify(simulation/isaac-sim/meshes_old) by extension 'ros'
[0.147s] Level 1:colcon.colcon_core.package_identification:_identify(simulation/isaac-sim/meshes_old) by extensions ['cmake', 'python']
[0.147s] Level 1:colcon.colcon_core.package_identification:_identify(simulation/isaac-sim/meshes_old) by extension 'cmake'
[0.147s] Level 1:colcon.colcon_core.package_identification:_identify(simulation/isaac-sim/meshes_old) by extension 'python'
[0.147s] Level 1:colcon.colcon_core.package_identification:_identify(simulation/isaac-sim/meshes_old) by extensions ['python_setup_py']
[0.147s] Level 1:colcon.colcon_core.package_identification:_identify(simulation/isaac-sim/meshes_old) by extension 'python_setup_py'
[0.147s] Level 1:colcon.colcon_core.package_identification:_identify(simulation/isaac-sim/mobile_base_v2) by extensions ['ignore', 'ignore_ament_install']
[0.147s] Level 1:colcon.colcon_core.package_identification:_identify(simulation/isaac-sim/mobile_base_v2) by extension 'ignore'
[0.148s] Level 1:colcon.colcon_core.package_identification:_identify(simulation/isaac-sim/mobile_base_v2) by extension 'ignore_ament_install'
[0.148s] Level 1:colcon.colcon_core.package_identification:_identify(simulation/isaac-sim/mobile_base_v2) by extensions ['colcon_pkg']
[0.148s] Level 1:colcon.colcon_core.package_identification:_identify(simulation/isaac-sim/mobile_base_v2) by extension 'colcon_pkg'
[0.148s] Level 1:colcon.colcon_core.package_identification:_identify(simulation/isaac-sim/mobile_base_v2) by extensions ['colcon_meta']
[0.148s] Level 1:colcon.colcon_core.package_identification:_identify(simulation/isaac-sim/mobile_base_v2) by extension 'colcon_meta'
[0.148s] Level 1:colcon.colcon_core.package_identification:_identify(simulation/isaac-sim/mobile_base_v2) by extensions ['ros']
[0.148s] Level 1:colcon.colcon_core.package_identification:_identify(simulation/isaac-sim/mobile_base_v2) by extension 'ros'
[0.148s] Level 1:colcon.colcon_core.package_identification:_identify(simulation/isaac-sim/mobile_base_v2) by extensions ['cmake', 'python']
[0.148s] Level 1:colcon.colcon_core.package_identification:_identify(simulation/isaac-sim/mobile_base_v2) by extension 'cmake'
[0.148s] Level 1:colcon.colcon_core.package_identification:_identify(simulation/isaac-sim/mobile_base_v2) by extension 'python'
[0.148s] Level 1:colcon.colcon_core.package_identification:_identify(simulation/isaac-sim/mobile_base_v2) by extensions ['python_setup_py']
[0.148s] Level 1:colcon.colcon_core.package_identification:_identify(simulation/isaac-sim/mobile_base_v2) by extension 'python_setup_py'
[0.148s] Level 1:colcon.colcon_core.package_identification:_identify(simulation/isaac-sim/mobile_base_v2/Collected_working5) by extensions ['ignore', 'ignore_ament_install']
[0.148s] Level 1:colcon.colcon_core.package_identification:_identify(simulation/isaac-sim/mobile_base_v2/Collected_working5) by extension 'ignore'
[0.148s] Level 1:colcon.colcon_core.package_identification:_identify(simulation/isaac-sim/mobile_base_v2/Collected_working5) by extension 'ignore_ament_install'
[0.148s] Level 1:colcon.colcon_core.package_identification:_identify(simulation/isaac-sim/mobile_base_v2/Collected_working5) by extensions ['colcon_pkg']
[0.148s] Level 1:colcon.colcon_core.package_identification:_identify(simulation/isaac-sim/mobile_base_v2/Collected_working5) by extension 'colcon_pkg'
[0.148s] Level 1:colcon.colcon_core.package_identification:_identify(simulation/isaac-sim/mobile_base_v2/Collected_working5) by extensions ['colcon_meta']
[0.148s] Level 1:colcon.colcon_core.package_identification:_identify(simulation/isaac-sim/mobile_base_v2/Collected_working5) by extension 'colcon_meta'
[0.148s] Level 1:colcon.colcon_core.package_identification:_identify(simulation/isaac-sim/mobile_base_v2/Collected_working5) by extensions ['ros']
[0.148s] Level 1:colcon.colcon_core.package_identification:_identify(simulation/isaac-sim/mobile_base_v2/Collected_working5) by extension 'ros'
[0.148s] Level 1:colcon.colcon_core.package_identification:_identify(simulation/isaac-sim/mobile_base_v2/Collected_working5) by extensions ['cmake', 'python']
[0.148s] Level 1:colcon.colcon_core.package_identification:_identify(simulation/isaac-sim/mobile_base_v2/Collected_working5) by extension 'cmake'
[0.148s] Level 1:colcon.colcon_core.package_identification:_identify(simulation/isaac-sim/mobile_base_v2/Collected_working5) by extension 'python'
[0.148s] Level 1:colcon.colcon_core.package_identification:_identify(simulation/isaac-sim/mobile_base_v2/Collected_working5) by extensions ['python_setup_py']
[0.148s] Level 1:colcon.colcon_core.package_identification:_identify(simulation/isaac-sim/mobile_base_v2/Collected_working5) by extension 'python_setup_py'
[0.148s] Level 1:colcon.colcon_core.package_identification:_identify(simulation/isaac-sim/mobile_base_v2/Collected_working5/Documents) by extensions ['ignore', 'ignore_ament_install']
[0.148s] Level 1:colcon.colcon_core.package_identification:_identify(simulation/isaac-sim/mobile_base_v2/Collected_working5/Documents) by extension 'ignore'
[0.148s] Level 1:colcon.colcon_core.package_identification:_identify(simulation/isaac-sim/mobile_base_v2/Collected_working5/Documents) by extension 'ignore_ament_install'
[0.148s] Level 1:colcon.colcon_core.package_identification:_identify(simulation/isaac-sim/mobile_base_v2/Collected_working5/Documents) by extensions ['colcon_pkg']
[0.148s] Level 1:colcon.colcon_core.package_identification:_identify(simulation/isaac-sim/mobile_base_v2/Collected_working5/Documents) by extension 'colcon_pkg'
[0.148s] Level 1:colcon.colcon_core.package_identification:_identify(simulation/isaac-sim/mobile_base_v2/Collected_working5/Documents) by extensions ['colcon_meta']
[0.148s] Level 1:colcon.colcon_core.package_identification:_identify(simulation/isaac-sim/mobile_base_v2/Collected_working5/Documents) by extension 'colcon_meta'
[0.148s] Level 1:colcon.colcon_core.package_identification:_identify(simulation/isaac-sim/mobile_base_v2/Collected_working5/Documents) by extensions ['ros']
[0.148s] Level 1:colcon.colcon_core.package_identification:_identify(simulation/isaac-sim/mobile_base_v2/Collected_working5/Documents) by extension 'ros'
[0.148s] Level 1:colcon.colcon_core.package_identification:_identify(simulation/isaac-sim/mobile_base_v2/Collected_working5/Documents) by extensions ['cmake', 'python']
[0.148s] Level 1:colcon.colcon_core.package_identification:_identify(simulation/isaac-sim/mobile_base_v2/Collected_working5/Documents) by extension 'cmake'
[0.148s] Level 1:colcon.colcon_core.package_identification:_identify(simulation/isaac-sim/mobile_base_v2/Collected_working5/Documents) by extension 'python'
[0.148s] Level 1:colcon.colcon_core.package_identification:_identify(simulation/isaac-sim/mobile_base_v2/Collected_working5/Documents) by extensions ['python_setup_py']
[0.148s] Level 1:colcon.colcon_core.package_identification:_identify(simulation/isaac-sim/mobile_base_v2/Collected_working5/Documents) by extension 'python_setup_py'
[0.148s] Level 1:colcon.colcon_core.package_identification:_identify(simulation/isaac-sim/mobile_base_v2/Collected_working5/Documents/Autolab_finalv3.step_04) by extensions ['ignore', 'ignore_ament_install']
[0.148s] Level 1:colcon.colcon_core.package_identification:_identify(simulation/isaac-sim/mobile_base_v2/Collected_working5/Documents/Autolab_finalv3.step_04) by extension 'ignore'
[0.148s] Level 1:colcon.colcon_core.package_identification:_identify(simulation/isaac-sim/mobile_base_v2/Collected_working5/Documents/Autolab_finalv3.step_04) by extension 'ignore_ament_install'
[0.148s] Level 1:colcon.colcon_core.package_identification:_identify(simulation/isaac-sim/mobile_base_v2/Collected_working5/Documents/Autolab_finalv3.step_04) by extensions ['colcon_pkg']
[0.148s] Level 1:colcon.colcon_core.package_identification:_identify(simulation/isaac-sim/mobile_base_v2/Collected_working5/Documents/Autolab_finalv3.step_04) by extension 'colcon_pkg'
[0.148s] Level 1:colcon.colcon_core.package_identification:_identify(simulation/isaac-sim/mobile_base_v2/Collected_working5/Documents/Autolab_finalv3.step_04) by extensions ['colcon_meta']
[0.148s] Level 1:colcon.colcon_core.package_identification:_identify(simulation/isaac-sim/mobile_base_v2/Collected_working5/Documents/Autolab_finalv3.step_04) by extension 'colcon_meta'
[0.148s] Level 1:colcon.colcon_core.package_identification:_identify(simulation/isaac-sim/mobile_base_v2/Collected_working5/Documents/Autolab_finalv3.step_04) by extensions ['ros']
[0.148s] Level 1:colcon.colcon_core.package_identification:_identify(simulation/isaac-sim/mobile_base_v2/Collected_working5/Documents/Autolab_finalv3.step_04) by extension 'ros'
[0.148s] Level 1:colcon.colcon_core.package_identification:_identify(simulation/isaac-sim/mobile_base_v2/Collected_working5/Documents/Autolab_finalv3.step_04) by extensions ['cmake', 'python']
[0.148s] Level 1:colcon.colcon_core.package_identification:_identify(simulation/isaac-sim/mobile_base_v2/Collected_working5/Documents/Autolab_finalv3.step_04) by extension 'cmake'
[0.148s] Level 1:colcon.colcon_core.package_identification:_identify(simulation/isaac-sim/mobile_base_v2/Collected_working5/Documents/Autolab_finalv3.step_04) by extension 'python'
[0.148s] Level 1:colcon.colcon_core.package_identification:_identify(simulation/isaac-sim/mobile_base_v2/Collected_working5/Documents/Autolab_finalv3.step_04) by extensions ['python_setup_py']
[0.148s] Level 1:colcon.colcon_core.package_identification:_identify(simulation/isaac-sim/mobile_base_v2/Collected_working5/Documents/Autolab_finalv3.step_04) by extension 'python_setup_py'
[0.148s] Level 1:colcon.colcon_core.package_identification:_identify(simulation/isaac-sim/mobile_base_v2/Collected_working5/Documents/Autolab_finalv3.step_04/Materials) by extensions ['ignore', 'ignore_ament_install']
[0.148s] Level 1:colcon.colcon_core.package_identification:_identify(simulation/isaac-sim/mobile_base_v2/Collected_working5/Documents/Autolab_finalv3.step_04/Materials) by extension 'ignore'
[0.148s] Level 1:colcon.colcon_core.package_identification:_identify(simulation/isaac-sim/mobile_base_v2/Collected_working5/Documents/Autolab_finalv3.step_04/Materials) by extension 'ignore_ament_install'
[0.148s] Level 1:colcon.colcon_core.package_identification:_identify(simulation/isaac-sim/mobile_base_v2/Collected_working5/Documents/Autolab_finalv3.step_04/Materials) by extensions ['colcon_pkg']
[0.148s] Level 1:colcon.colcon_core.package_identification:_identify(simulation/isaac-sim/mobile_base_v2/Collected_working5/Documents/Autolab_finalv3.step_04/Materials) by extension 'colcon_pkg'
[0.148s] Level 1:colcon.colcon_core.package_identification:_identify(simulation/isaac-sim/mobile_base_v2/Collected_working5/Documents/Autolab_finalv3.step_04/Materials) by extensions ['colcon_meta']
[0.148s] Level 1:colcon.colcon_core.package_identification:_identify(simulation/isaac-sim/mobile_base_v2/Collected_working5/Documents/Autolab_finalv3.step_04/Materials) by extension 'colcon_meta'
[0.148s] Level 1:colcon.colcon_core.package_identification:_identify(simulation/isaac-sim/mobile_base_v2/Collected_working5/Documents/Autolab_finalv3.step_04/Materials) by extensions ['ros']
[0.148s] Level 1:colcon.colcon_core.package_identification:_identify(simulation/isaac-sim/mobile_base_v2/Collected_working5/Documents/Autolab_finalv3.step_04/Materials) by extension 'ros'
[0.148s] Level 1:colcon.colcon_core.package_identification:_identify(simulation/isaac-sim/mobile_base_v2/Collected_working5/Documents/Autolab_finalv3.step_04/Materials) by extensions ['cmake', 'python']
[0.148s] Level 1:colcon.colcon_core.package_identification:_identify(simulation/isaac-sim/mobile_base_v2/Collected_working5/Documents/Autolab_finalv3.step_04/Materials) by extension 'cmake'
[0.148s] Level 1:colcon.colcon_core.package_identification:_identify(simulation/isaac-sim/mobile_base_v2/Collected_working5/Documents/Autolab_finalv3.step_04/Materials) by extension 'python'
[0.148s] Level 1:colcon.colcon_core.package_identification:_identify(simulation/isaac-sim/mobile_base_v2/Collected_working5/Documents/Autolab_finalv3.step_04/Materials) by extensions ['python_setup_py']
[0.148s] Level 1:colcon.colcon_core.package_identification:_identify(simulation/isaac-sim/mobile_base_v2/Collected_working5/Documents/Autolab_finalv3.step_04/Materials) by extension 'python_setup_py'
[0.149s] Level 1:colcon.colcon_core.package_identification:_identify(simulation/isaac-sim/mobile_base_v2/Collected_working5/Documents/Autolab_finalv3.step_04/parts) by extensions ['ignore', 'ignore_ament_install']
[0.149s] Level 1:colcon.colcon_core.package_identification:_identify(simulation/isaac-sim/mobile_base_v2/Collected_working5/Documents/Autolab_finalv3.step_04/parts) by extension 'ignore'
[0.149s] Level 1:colcon.colcon_core.package_identification:_identify(simulation/isaac-sim/mobile_base_v2/Collected_working5/Documents/Autolab_finalv3.step_04/parts) by extension 'ignore_ament_install'
[0.149s] Level 1:colcon.colcon_core.package_identification:_identify(simulation/isaac-sim/mobile_base_v2/Collected_working5/Documents/Autolab_finalv3.step_04/parts) by extensions ['colcon_pkg']
[0.149s] Level 1:colcon.colcon_core.package_identification:_identify(simulation/isaac-sim/mobile_base_v2/Collected_working5/Documents/Autolab_finalv3.step_04/parts) by extension 'colcon_pkg'
[0.149s] Level 1:colcon.colcon_core.package_identification:_identify(simulation/isaac-sim/mobile_base_v2/Collected_working5/Documents/Autolab_finalv3.step_04/parts) by extensions ['colcon_meta']
[0.149s] Level 1:colcon.colcon_core.package_identification:_identify(simulation/isaac-sim/mobile_base_v2/Collected_working5/Documents/Autolab_finalv3.step_04/parts) by extension 'colcon_meta'
[0.149s] Level 1:colcon.colcon_core.package_identification:_identify(simulation/isaac-sim/mobile_base_v2/Collected_working5/Documents/Autolab_finalv3.step_04/parts) by extensions ['ros']
[0.149s] Level 1:colcon.colcon_core.package_identification:_identify(simulation/isaac-sim/mobile_base_v2/Collected_working5/Documents/Autolab_finalv3.step_04/parts) by extension 'ros'
[0.149s] Level 1:colcon.colcon_core.package_identification:_identify(simulation/isaac-sim/mobile_base_v2/Collected_working5/Documents/Autolab_finalv3.step_04/parts) by extensions ['cmake', 'python']
[0.149s] Level 1:colcon.colcon_core.package_identification:_identify(simulation/isaac-sim/mobile_base_v2/Collected_working5/Documents/Autolab_finalv3.step_04/parts) by extension 'cmake'
[0.149s] Level 1:colcon.colcon_core.package_identification:_identify(simulation/isaac-sim/mobile_base_v2/Collected_working5/Documents/Autolab_finalv3.step_04/parts) by extension 'python'
[0.149s] Level 1:colcon.colcon_core.package_identification:_identify(simulation/isaac-sim/mobile_base_v2/Collected_working5/Documents/Autolab_finalv3.step_04/parts) by extensions ['python_setup_py']
[0.149s] Level 1:colcon.colcon_core.package_identification:_identify(simulation/isaac-sim/mobile_base_v2/Collected_working5/Documents/Autolab_finalv3.step_04/parts) by extension 'python_setup_py'
[0.149s] Level 1:colcon.colcon_core.package_identification:_identify(simulation/isaac-sim/new_base) by extensions ['ignore', 'ignore_ament_install']
[0.149s] Level 1:colcon.colcon_core.package_identification:_identify(simulation/isaac-sim/new_base) by extension 'ignore'
[0.149s] Level 1:colcon.colcon_core.package_identification:_identify(simulation/isaac-sim/new_base) by extension 'ignore_ament_install'
[0.149s] Level 1:colcon.colcon_core.package_identification:_identify(simulation/isaac-sim/new_base) by extensions ['colcon_pkg']
[0.149s] Level 1:colcon.colcon_core.package_identification:_identify(simulation/isaac-sim/new_base) by extension 'colcon_pkg'
[0.149s] Level 1:colcon.colcon_core.package_identification:_identify(simulation/isaac-sim/new_base) by extensions ['colcon_meta']
[0.149s] Level 1:colcon.colcon_core.package_identification:_identify(simulation/isaac-sim/new_base) by extension 'colcon_meta'
[0.149s] Level 1:colcon.colcon_core.package_identification:_identify(simulation/isaac-sim/new_base) by extensions ['ros']
[0.149s] Level 1:colcon.colcon_core.package_identification:_identify(simulation/isaac-sim/new_base) by extension 'ros'
[0.149s] Level 1:colcon.colcon_core.package_identification:_identify(simulation/isaac-sim/new_base) by extensions ['cmake', 'python']
[0.149s] Level 1:colcon.colcon_core.package_identification:_identify(simulation/isaac-sim/new_base) by extension 'cmake'
[0.149s] Level 1:colcon.colcon_core.package_identification:_identify(simulation/isaac-sim/new_base) by extension 'python'
[0.149s] Level 1:colcon.colcon_core.package_identification:_identify(simulation/isaac-sim/new_base) by extensions ['python_setup_py']
[0.149s] Level 1:colcon.colcon_core.package_identification:_identify(simulation/isaac-sim/new_base) by extension 'python_setup_py'
[0.149s] Level 1:colcon.colcon_core.package_identification:_identify(simulation/isaac-sim/new_base/meshes) by extensions ['ignore', 'ignore_ament_install']
[0.149s] Level 1:colcon.colcon_core.package_identification:_identify(simulation/isaac-sim/new_base/meshes) by extension 'ignore'
[0.149s] Level 1:colcon.colcon_core.package_identification:_identify(simulation/isaac-sim/new_base/meshes) by extension 'ignore_ament_install'
[0.149s] Level 1:colcon.colcon_core.package_identification:_identify(simulation/isaac-sim/new_base/meshes) by extensions ['colcon_pkg']
[0.149s] Level 1:colcon.colcon_core.package_identification:_identify(simulation/isaac-sim/new_base/meshes) by extension 'colcon_pkg'
[0.149s] Level 1:colcon.colcon_core.package_identification:_identify(simulation/isaac-sim/new_base/meshes) by extensions ['colcon_meta']
[0.149s] Level 1:colcon.colcon_core.package_identification:_identify(simulation/isaac-sim/new_base/meshes) by extension 'colcon_meta'
[0.149s] Level 1:colcon.colcon_core.package_identification:_identify(simulation/isaac-sim/new_base/meshes) by extensions ['ros']
[0.149s] Level 1:colcon.colcon_core.package_identification:_identify(simulation/isaac-sim/new_base/meshes) by extension 'ros'
[0.149s] Level 1:colcon.colcon_core.package_identification:_identify(simulation/isaac-sim/new_base/meshes) by extensions ['cmake', 'python']
[0.149s] Level 1:colcon.colcon_core.package_identification:_identify(simulation/isaac-sim/new_base/meshes) by extension 'cmake'
[0.149s] Level 1:colcon.colcon_core.package_identification:_identify(simulation/isaac-sim/new_base/meshes) by extension 'python'
[0.149s] Level 1:colcon.colcon_core.package_identification:_identify(simulation/isaac-sim/new_base/meshes) by extensions ['python_setup_py']
[0.149s] Level 1:colcon.colcon_core.package_identification:_identify(simulation/isaac-sim/new_base/meshes) by extension 'python_setup_py'
[0.149s] Level 1:colcon.colcon_core.package_identification:_identify(simulation/isaac-sim/new_base/meshes/custom_meshes) by extensions ['ignore', 'ignore_ament_install']
[0.149s] Level 1:colcon.colcon_core.package_identification:_identify(simulation/isaac-sim/new_base/meshes/custom_meshes) by extension 'ignore'
[0.149s] Level 1:colcon.colcon_core.package_identification:_identify(simulation/isaac-sim/new_base/meshes/custom_meshes) by extension 'ignore_ament_install'
[0.149s] Level 1:colcon.colcon_core.package_identification:_identify(simulation/isaac-sim/new_base/meshes/custom_meshes) by extensions ['colcon_pkg']
[0.149s] Level 1:colcon.colcon_core.package_identification:_identify(simulation/isaac-sim/new_base/meshes/custom_meshes) by extension 'colcon_pkg'
[0.149s] Level 1:colcon.colcon_core.package_identification:_identify(simulation/isaac-sim/new_base/meshes/custom_meshes) by extensions ['colcon_meta']
[0.149s] Level 1:colcon.colcon_core.package_identification:_identify(simulation/isaac-sim/new_base/meshes/custom_meshes) by extension 'colcon_meta'
[0.149s] Level 1:colcon.colcon_core.package_identification:_identify(simulation/isaac-sim/new_base/meshes/custom_meshes) by extensions ['ros']
[0.149s] Level 1:colcon.colcon_core.package_identification:_identify(simulation/isaac-sim/new_base/meshes/custom_meshes) by extension 'ros'
[0.149s] Level 1:colcon.colcon_core.package_identification:_identify(simulation/isaac-sim/new_base/meshes/custom_meshes) by extensions ['cmake', 'python']
[0.149s] Level 1:colcon.colcon_core.package_identification:_identify(simulation/isaac-sim/new_base/meshes/custom_meshes) by extension 'cmake'
[0.149s] Level 1:colcon.colcon_core.package_identification:_identify(simulation/isaac-sim/new_base/meshes/custom_meshes) by extension 'python'
[0.149s] Level 1:colcon.colcon_core.package_identification:_identify(simulation/isaac-sim/new_base/meshes/custom_meshes) by extensions ['python_setup_py']
[0.149s] Level 1:colcon.colcon_core.package_identification:_identify(simulation/isaac-sim/new_base/meshes/custom_meshes) by extension 'python_setup_py'
[0.149s] Level 1:colcon.colcon_core.package_identification:_identify(simulation/isaac-sim/new_base/my_robot_description) by extensions ['ignore', 'ignore_ament_install']
[0.149s] Level 1:colcon.colcon_core.package_identification:_identify(simulation/isaac-sim/new_base/my_robot_description) by extension 'ignore'
[0.149s] Level 1:colcon.colcon_core.package_identification:_identify(simulation/isaac-sim/new_base/my_robot_description) by extension 'ignore_ament_install'
[0.149s] Level 1:colcon.colcon_core.package_identification:_identify(simulation/isaac-sim/new_base/my_robot_description) by extensions ['colcon_pkg']
[0.149s] Level 1:colcon.colcon_core.package_identification:_identify(simulation/isaac-sim/new_base/my_robot_description) by extension 'colcon_pkg'
[0.149s] Level 1:colcon.colcon_core.package_identification:_identify(simulation/isaac-sim/new_base/my_robot_description) by extensions ['colcon_meta']
[0.149s] Level 1:colcon.colcon_core.package_identification:_identify(simulation/isaac-sim/new_base/my_robot_description) by extension 'colcon_meta'
[0.149s] Level 1:colcon.colcon_core.package_identification:_identify(simulation/isaac-sim/new_base/my_robot_description) by extensions ['ros']
[0.149s] Level 1:colcon.colcon_core.package_identification:_identify(simulation/isaac-sim/new_base/my_robot_description) by extension 'ros'
[0.149s] Level 1:colcon.colcon_core.package_identification:_identify(simulation/isaac-sim/new_base/my_robot_description) by extensions ['cmake', 'python']
[0.149s] Level 1:colcon.colcon_core.package_identification:_identify(simulation/isaac-sim/new_base/my_robot_description) by extension 'cmake'
[0.149s] Level 1:colcon.colcon_core.package_identification:_identify(simulation/isaac-sim/new_base/my_robot_description) by extension 'python'
[0.149s] Level 1:colcon.colcon_core.package_identification:_identify(simulation/isaac-sim/new_base/my_robot_description) by extensions ['python_setup_py']
[0.149s] Level 1:colcon.colcon_core.package_identification:_identify(simulation/isaac-sim/new_base/my_robot_description) by extension 'python_setup_py'
[0.149s] Level 1:colcon.colcon_core.package_identification:_identify(simulation/isaac-sim/new_base/urdf) by extensions ['ignore', 'ignore_ament_install']
[0.149s] Level 1:colcon.colcon_core.package_identification:_identify(simulation/isaac-sim/new_base/urdf) by extension 'ignore'
[0.149s] Level 1:colcon.colcon_core.package_identification:_identify(simulation/isaac-sim/new_base/urdf) by extension 'ignore_ament_install'
[0.150s] Level 1:colcon.colcon_core.package_identification:_identify(simulation/isaac-sim/new_base/urdf) by extensions ['colcon_pkg']
[0.150s] Level 1:colcon.colcon_core.package_identification:_identify(simulation/isaac-sim/new_base/urdf) by extension 'colcon_pkg'
[0.150s] Level 1:colcon.colcon_core.package_identification:_identify(simulation/isaac-sim/new_base/urdf) by extensions ['colcon_meta']
[0.150s] Level 1:colcon.colcon_core.package_identification:_identify(simulation/isaac-sim/new_base/urdf) by extension 'colcon_meta'
[0.150s] Level 1:colcon.colcon_core.package_identification:_identify(simulation/isaac-sim/new_base/urdf) by extensions ['ros']
[0.150s] Level 1:colcon.colcon_core.package_identification:_identify(simulation/isaac-sim/new_base/urdf) by extension 'ros'
[0.150s] Level 1:colcon.colcon_core.package_identification:_identify(simulation/isaac-sim/new_base/urdf) by extensions ['cmake', 'python']
[0.150s] Level 1:colcon.colcon_core.package_identification:_identify(simulation/isaac-sim/new_base/urdf) by extension 'cmake'
[0.150s] Level 1:colcon.colcon_core.package_identification:_identify(simulation/isaac-sim/new_base/urdf) by extension 'python'
[0.150s] Level 1:colcon.colcon_core.package_identification:_identify(simulation/isaac-sim/new_base/urdf) by extensions ['python_setup_py']
[0.150s] Level 1:colcon.colcon_core.package_identification:_identify(simulation/isaac-sim/new_base/urdf) by extension 'python_setup_py'
[0.150s] Level 1:colcon.colcon_core.package_identification:_identify(simulation/isaac-sim/new_base/urdf/mobile_base) by extensions ['ignore', 'ignore_ament_install']
[0.150s] Level 1:colcon.colcon_core.package_identification:_identify(simulation/isaac-sim/new_base/urdf/mobile_base) by extension 'ignore'
[0.150s] Level 1:colcon.colcon_core.package_identification:_identify(simulation/isaac-sim/new_base/urdf/mobile_base) by extension 'ignore_ament_install'
[0.150s] Level 1:colcon.colcon_core.package_identification:_identify(simulation/isaac-sim/new_base/urdf/mobile_base) by extensions ['colcon_pkg']
[0.150s] Level 1:colcon.colcon_core.package_identification:_identify(simulation/isaac-sim/new_base/urdf/mobile_base) by extension 'colcon_pkg'
[0.150s] Level 1:colcon.colcon_core.package_identification:_identify(simulation/isaac-sim/new_base/urdf/mobile_base) by extensions ['colcon_meta']
[0.150s] Level 1:colcon.colcon_core.package_identification:_identify(simulation/isaac-sim/new_base/urdf/mobile_base) by extension 'colcon_meta'
[0.150s] Level 1:colcon.colcon_core.package_identification:_identify(simulation/isaac-sim/new_base/urdf/mobile_base) by extensions ['ros']
[0.150s] Level 1:colcon.colcon_core.package_identification:_identify(simulation/isaac-sim/new_base/urdf/mobile_base) by extension 'ros'
[0.150s] Level 1:colcon.colcon_core.package_identification:_identify(simulation/isaac-sim/new_base/urdf/mobile_base) by extensions ['cmake', 'python']
[0.150s] Level 1:colcon.colcon_core.package_identification:_identify(simulation/isaac-sim/new_base/urdf/mobile_base) by extension 'cmake'
[0.150s] Level 1:colcon.colcon_core.package_identification:_identify(simulation/isaac-sim/new_base/urdf/mobile_base) by extension 'python'
[0.150s] Level 1:colcon.colcon_core.package_identification:_identify(simulation/isaac-sim/new_base/urdf/mobile_base) by extensions ['python_setup_py']
[0.150s] Level 1:colcon.colcon_core.package_identification:_identify(simulation/isaac-sim/new_base/urdf/mobile_base) by extension 'python_setup_py'
[0.150s] Level 1:colcon.colcon_core.package_identification:_identify(simulation/isaac-sim/new_base/urdf/mobile_base/configuration) by extensions ['ignore', 'ignore_ament_install']
[0.150s] Level 1:colcon.colcon_core.package_identification:_identify(simulation/isaac-sim/new_base/urdf/mobile_base/configuration) by extension 'ignore'
[0.150s] Level 1:colcon.colcon_core.package_identification:_identify(simulation/isaac-sim/new_base/urdf/mobile_base/configuration) by extension 'ignore_ament_install'
[0.150s] Level 1:colcon.colcon_core.package_identification:_identify(simulation/isaac-sim/new_base/urdf/mobile_base/configuration) by extensions ['colcon_pkg']
[0.150s] Level 1:colcon.colcon_core.package_identification:_identify(simulation/isaac-sim/new_base/urdf/mobile_base/configuration) by extension 'colcon_pkg'
[0.150s] Level 1:colcon.colcon_core.package_identification:_identify(simulation/isaac-sim/new_base/urdf/mobile_base/configuration) by extensions ['colcon_meta']
[0.150s] Level 1:colcon.colcon_core.package_identification:_identify(simulation/isaac-sim/new_base/urdf/mobile_base/configuration) by extension 'colcon_meta'
[0.150s] Level 1:colcon.colcon_core.package_identification:_identify(simulation/isaac-sim/new_base/urdf/mobile_base/configuration) by extensions ['ros']
[0.150s] Level 1:colcon.colcon_core.package_identification:_identify(simulation/isaac-sim/new_base/urdf/mobile_base/configuration) by extension 'ros'
[0.150s] Level 1:colcon.colcon_core.package_identification:_identify(simulation/isaac-sim/new_base/urdf/mobile_base/configuration) by extensions ['cmake', 'python']
[0.150s] Level 1:colcon.colcon_core.package_identification:_identify(simulation/isaac-sim/new_base/urdf/mobile_base/configuration) by extension 'cmake'
[0.150s] Level 1:colcon.colcon_core.package_identification:_identify(simulation/isaac-sim/new_base/urdf/mobile_base/configuration) by extension 'python'
[0.150s] Level 1:colcon.colcon_core.package_identification:_identify(simulation/isaac-sim/new_base/urdf/mobile_base/configuration) by extensions ['python_setup_py']
[0.150s] Level 1:colcon.colcon_core.package_identification:_identify(simulation/isaac-sim/new_base/urdf/mobile_base/configuration) by extension 'python_setup_py'
[0.150s] Level 1:colcon.colcon_core.package_identification:_identify(simulation/isaac-sim/robot) by extensions ['ignore', 'ignore_ament_install']
[0.150s] Level 1:colcon.colcon_core.package_identification:_identify(simulation/isaac-sim/robot) by extension 'ignore'
[0.150s] Level 1:colcon.colcon_core.package_identification:_identify(simulation/isaac-sim/robot) by extension 'ignore_ament_install'
[0.150s] Level 1:colcon.colcon_core.package_identification:_identify(simulation/isaac-sim/robot) by extensions ['colcon_pkg']
[0.150s] Level 1:colcon.colcon_core.package_identification:_identify(simulation/isaac-sim/robot) by extension 'colcon_pkg'
[0.150s] Level 1:colcon.colcon_core.package_identification:_identify(simulation/isaac-sim/robot) by extensions ['colcon_meta']
[0.150s] Level 1:colcon.colcon_core.package_identification:_identify(simulation/isaac-sim/robot) by extension 'colcon_meta'
[0.150s] Level 1:colcon.colcon_core.package_identification:_identify(simulation/isaac-sim/robot) by extensions ['ros']
[0.150s] Level 1:colcon.colcon_core.package_identification:_identify(simulation/isaac-sim/robot) by extension 'ros'
[0.150s] Level 1:colcon.colcon_core.package_identification:_identify(simulation/isaac-sim/robot) by extensions ['cmake', 'python']
[0.150s] Level 1:colcon.colcon_core.package_identification:_identify(simulation/isaac-sim/robot) by extension 'cmake'
[0.150s] Level 1:colcon.colcon_core.package_identification:_identify(simulation/isaac-sim/robot) by extension 'python'
[0.150s] Level 1:colcon.colcon_core.package_identification:_identify(simulation/isaac-sim/robot) by extensions ['python_setup_py']
[0.150s] Level 1:colcon.colcon_core.package_identification:_identify(simulation/isaac-sim/robot) by extension 'python_setup_py'
[0.150s] Level 1:colcon.colcon_core.package_identification:_identify(simulation/isaac-sim/robot/configuration) by extensions ['ignore', 'ignore_ament_install']
[0.150s] Level 1:colcon.colcon_core.package_identification:_identify(simulation/isaac-sim/robot/configuration) by extension 'ignore'
[0.150s] Level 1:colcon.colcon_core.package_identification:_identify(simulation/isaac-sim/robot/configuration) by extension 'ignore_ament_install'
[0.150s] Level 1:colcon.colcon_core.package_identification:_identify(simulation/isaac-sim/robot/configuration) by extensions ['colcon_pkg']
[0.150s] Level 1:colcon.colcon_core.package_identification:_identify(simulation/isaac-sim/robot/configuration) by extension 'colcon_pkg'
[0.150s] Level 1:colcon.colcon_core.package_identification:_identify(simulation/isaac-sim/robot/configuration) by extensions ['colcon_meta']
[0.150s] Level 1:colcon.colcon_core.package_identification:_identify(simulation/isaac-sim/robot/configuration) by extension 'colcon_meta'
[0.150s] Level 1:colcon.colcon_core.package_identification:_identify(simulation/isaac-sim/robot/configuration) by extensions ['ros']
[0.150s] Level 1:colcon.colcon_core.package_identification:_identify(simulation/isaac-sim/robot/configuration) by extension 'ros'
[0.150s] Level 1:colcon.colcon_core.package_identification:_identify(simulation/isaac-sim/robot/configuration) by extensions ['cmake', 'python']
[0.150s] Level 1:colcon.colcon_core.package_identification:_identify(simulation/isaac-sim/robot/configuration) by extension 'cmake'
[0.150s] Level 1:colcon.colcon_core.package_identification:_identify(simulation/isaac-sim/robot/configuration) by extension 'python'
[0.150s] Level 1:colcon.colcon_core.package_identification:_identify(simulation/isaac-sim/robot/configuration) by extensions ['python_setup_py']
[0.150s] Level 1:colcon.colcon_core.package_identification:_identify(simulation/isaac-sim/robot/configuration) by extension 'python_setup_py'
[0.150s] Level 1:colcon.colcon_core.package_identification:_identify(simulation/isaac-sim/zed-isaac-sim) by extensions ['ignore', 'ignore_ament_install']
[0.150s] Level 1:colcon.colcon_core.package_identification:_identify(simulation/isaac-sim/zed-isaac-sim) by extension 'ignore'
[0.150s] Level 1:colcon.colcon_core.package_identification:_identify(simulation/isaac-sim/zed-isaac-sim) by extension 'ignore_ament_install'
[0.150s] Level 1:colcon.colcon_core.package_identification:_identify(simulation/isaac-sim/zed-isaac-sim) by extensions ['colcon_pkg']
[0.150s] Level 1:colcon.colcon_core.package_identification:_identify(simulation/isaac-sim/zed-isaac-sim) by extension 'colcon_pkg'
[0.150s] Level 1:colcon.colcon_core.package_identification:_identify(simulation/isaac-sim/zed-isaac-sim) by extensions ['colcon_meta']
[0.150s] Level 1:colcon.colcon_core.package_identification:_identify(simulation/isaac-sim/zed-isaac-sim) by extension 'colcon_meta'
[0.150s] Level 1:colcon.colcon_core.package_identification:_identify(simulation/isaac-sim/zed-isaac-sim) by extensions ['ros']
[0.150s] Level 1:colcon.colcon_core.package_identification:_identify(simulation/isaac-sim/zed-isaac-sim) by extension 'ros'
[0.150s] Level 1:colcon.colcon_core.package_identification:_identify(simulation/isaac-sim/zed-isaac-sim) by extensions ['cmake', 'python']
[0.151s] Level 1:colcon.colcon_core.package_identification:_identify(simulation/isaac-sim/zed-isaac-sim) by extension 'cmake'
[0.151s] Level 1:colcon.colcon_core.package_identification:_identify(simulation/isaac-sim/zed-isaac-sim) by extension 'python'
[0.151s] Level 1:colcon.colcon_core.package_identification:_identify(simulation/isaac-sim/zed-isaac-sim) by extensions ['python_setup_py']
[0.151s] Level 1:colcon.colcon_core.package_identification:_identify(simulation/isaac-sim/zed-isaac-sim) by extension 'python_setup_py'
[0.151s] Level 1:colcon.colcon_core.package_discovery:discover_packages(recursive) using defaults
[0.151s] Level 1:colcon.colcon_core.package_discovery:discover_packages(ignore) discover
[0.151s] Level 1:colcon.colcon_core.package_discovery:discover_packages(ignore) using defaults
[0.151s] Level 1:colcon.colcon_core.package_discovery:discover_packages(path) discover
[0.151s] Level 1:colcon.colcon_core.package_discovery:discover_packages(path) using defaults
[0.179s] Level 1:colcon.colcon_core.package_discovery:discover_packages(prefix_path) check parameters
[0.179s] Level 1:colcon.colcon_core.package_discovery:discover_packages(prefix_path) discover
[0.181s] DEBUG:colcon.colcon_installed_package_information.package_discovery:Found 413 installed packages in /opt/ros/jazzy
[0.182s] Level 1:colcon.colcon_core.package_discovery:discover_packages(prefix_path) using defaults
[0.211s] ERROR:colcon:colcon build: Duplicate package names not supported:
- autolab_common:
  - common/ros_packages/autolab_common
  - robot/backup_src/common/autolab_common
- autolab_msgs:
  - common/ros_packages/autolab_msgs
  - robot/backup_src/common/autolab_msgs
- autonomy_bringup:
  - robot/backup_src/autonomy/autonomy_bringup
  - robot/ros_ws/src/autonomy/autonomy_bringup
- bag_record_pid:
  - common/ros_packages/bag_recorder_pid
  - robot/backup_src/common/bag_recorder_pid
- behavior_bringup:
  - robot/backup_src/autonomy/6_behavior/behavior_bringup
  - robot/ros_ws/src/autonomy/6_behavior/behavior_bringup
- behavior_executive:
  - robot/backup_src/autonomy/6_behavior/behavior_executive
  - robot/ros_ws/src/autonomy/6_behavior/behavior_executive
- behavior_tree:
  - robot/backup_src/autonomy/6_behavior/behavior_tree
  - robot/ros_ws/src/autonomy/6_behavior/behavior_tree
- behavior_tree_msgs:
  - common/ros_packages/behavior_tree_msgs
  - robot/backup_src/common/behavior_tree_msgs
- global_bringup:
  - robot/backup_src/autonomy/5_global/global_bringup
  - robot/ros_ws/src/autonomy/5_global/global_bringup
- interface_bringup:
  - robot/backup_src/autonomy/0_interface/interface_bringup
  - robot/ros_ws/src/autonomy/0_interface/interface_bringup
- iris_with_sensors_description:
  - common/ros_packages/robot_descriptions/iris_with_sensors_description
  - robot/backup_src/common/robot_descriptions/iris_with_sensors_description
- local_bringup:
  - robot/backup_src/autonomy/4_local/local_bringup
  - robot/ros_ws/src/autonomy/4_local/local_bringup
- logging_bringup:
  - robot/backup_src/logging/logging_bringup
  - robot/ros_ws/src/logging/logging_bringup
- mapping_and_localization_bringup:
  - robot/backup_src/autonomy/2_mapping_and_localization/mapping_and_localization_bringup
  - robot/ros_ws/src/autonomy/2_mapping_and_localization/mapping_and_localization_bringup
- navigation_bringup:
  - robot/backup_src/autonomy/1_navigation/navigation_bringup
  - robot/ros_ws/src/autonomy/1_navigation/navigation_bringup
- navigation_controller:
  - robot/backup_src/autonomy/1_navigation/navigation_controller
  - robot/ros_ws/src/autonomy/1_navigation/navigation_controller
- perception_bringup:
  - robot/backup_src/autonomy/3_perception/perception_bringup
  - robot/ros_ws/src/autonomy/3_perception/perception_bringup
- rqt_behavior_tree:
  - common/ros_packages/rqt_behavior_tree
  - robot/backup_src/common/rqt_behavior_tree
- rqt_behavior_tree_command:
  - robot/backup_src/autonomy/6_behavior/rqt_behavior_tree_command
  - robot/ros_ws/src/autonomy/6_behavior/rqt_behavior_tree_command
- rqt_fixed_trajectory_generator:
  - robot/backup_src/autonomy/6_behavior/rqt_fixed_trajectory_generator
  - robot/ros_ws/src/autonomy/6_behavior/rqt_fixed_trajectory_generator
- rviz_behavior_tree_panel:
  - common/ros_packages/rviz_behavior_tree_panel
  - robot/backup_src/common/rviz_behavior_tree_panel
