ISO-10303-21;
HEADER;
FILE_DESCRIPTION (( 'STEP AP214' ),
    '1' );
FILE_NAME ('Shaker_Assembly.STEP',
    '2025-11-09T19:48:00',
    ( '' ),
    ( '' ),
    'SwSTEP 2.0',
    'SolidWorks 2025',
    '' );
FILE_SCHEMA (( 'AUTOMOTIVE_DESIGN' ));
ENDSEC;

DATA;
#1 = VERTEX_POINT ( 'NONE', #3815 ) ;
#2 = LINE ( 'NONE', #3605, #4268 ) ;
#3 = FACE_OUTER_BOUND ( 'NONE', #921, .T. ) ;
#4 = ORIENTED_EDGE ( 'NONE', *, *, #911, .T. ) ;
#5 = DIRECTION ( 'NONE',  ( 0.000000000000000000, -1.000000000000000000, 0.000000000000000000 ) ) ;
#6 = CARTESIAN_POINT ( 'NONE',  ( -169.9999999999996021, 215.0665089980102493, 2.000000000000000000 ) ) ;
#7 = DIRECTION ( 'NONE',  ( 0.000000000000000000, 0.000000000000000000, 1.000000000000000000 ) ) ;
#8 = LINE ( 'NONE', #4172, #438 ) ;
#9 = DIRECTION ( 'NONE',  ( 0.000000000000000000, 0.000000000000000000, 1.000000000000000000 ) ) ;
#10 = DIRECTION ( 'NONE',  ( 1.000000000000000000, 2.775557561562904367E-15, 0.000000000000000000 ) ) ;
#11 = ORIENTED_EDGE ( 'NONE', *, *, #1275, .F. ) ;
#12 = CARTESIAN_POINT ( 'NONE',  ( -210.0000000000005400, 85.00000000000005684, -2.000000000000000000 ) ) ;
#13 = ORIENTED_EDGE ( 'NONE', *, *, #3168, .T. ) ;
#14 = ORIENTED_EDGE ( 'NONE', *, *, #3709, .F. ) ;
#15 = DIRECTION ( 'NONE',  ( -1.000000000000000000, -1.110223024625155594E-14, 0.000000000000000000 ) ) ;
#16 = EDGE_CURVE ( 'NONE', #2817, #2966, #2636, .T. ) ;
#17 = CARTESIAN_POINT ( 'NONE',  ( -44.99999999999953815, 85.00000000000005684, -2.000000000000000000 ) ) ;
#18 = VECTOR ( 'NONE', #5645, 1000.000000000000000 ) ;
#19 = CARTESIAN_POINT ( 'NONE',  ( -355.0000000000005116, 415.0000000000000000, 42.00000000000000000 ) ) ;
#20 = VECTOR ( 'NONE', #1478, 1000.000000000000000 ) ;
#21 = ORIENTED_EDGE ( 'NONE', *, *, #3873, .F. ) ;
#22 = VERTEX_POINT ( 'NONE', #3265 ) ;
#23 = EDGE_CURVE ( 'NONE', #2667, #1106, #45, .T. ) ;
#24 = DIRECTION ( 'NONE',  ( -1.110223024625155752E-14, 1.000000000000000000, 0.000000000000000000 ) ) ;
#25 = CARTESIAN_POINT ( 'NONE',  ( -189.9999999999995737, 85.00000000000005684, -2.000000000000000000 ) ) ;
#26 = CARTESIAN_POINT ( 'NONE',  ( -335.0000000000007390, 185.0665089980103915, 42.00000000000000000 ) ) ;
#27 = AXIS2_PLACEMENT_3D ( 'NONE', #4086, #4569, #3644 ) ;
#28 = ORIENTED_EDGE ( 'NONE', *, *, #4979, .F. ) ;
#29 = CARTESIAN_POINT ( 'NONE',  ( 0.000000000000000000, 0.000000000000000000, 42.00000000000000000 ) ) ;
#30 = EDGE_CURVE ( 'NONE', #4422, #1614, #4605, .T. ) ;
#31 = FACE_OUTER_BOUND ( 'NONE', #2410, .T. ) ;
#32 = VERTEX_POINT ( 'NONE', #2311 ) ;
#33 = LINE ( 'NONE', #3725, #4563 ) ;
#34 = DIRECTION ( 'NONE',  ( 1.000000000000000000, 0.000000000000000000, 0.000000000000000000 ) ) ;
#35 = PLANE ( 'NONE',  #1791 ) ;
#36 = DIRECTION ( 'NONE',  ( 3.700743415417198986E-15, 1.000000000000000000, -0.000000000000000000 ) ) ;
#37 = FACE_OUTER_BOUND ( 'NONE', #2445, .T. ) ;
#38 = CARTESIAN_POINT ( 'NONE',  ( -189.9999999999995453, 289.9334910019900349, 42.00000000000000000 ) ) ;
#39 = EDGE_CURVE ( 'NONE', #5723, #308, #5869, .T. ) ;
#40 = EDGE_LOOP ( 'NONE', ( #3458, #2286, #4592, #5417, #1293, #3304 ) ) ;
#41 = DIRECTION ( 'NONE',  ( 1.000000000000000000, 0.000000000000000000, -0.000000000000000000 ) ) ;
#42 = ORIENTED_EDGE ( 'NONE', *, *, #5577, .F. ) ;
#43 = ORIENTED_EDGE ( 'NONE', *, *, #5576, .F. ) ;
#44 = DIRECTION ( 'NONE',  ( -1.000000000000000000, 0.000000000000000000, 0.000000000000000000 ) ) ;
#45 = LINE ( 'NONE', #1360, #825 ) ;
#46 = CARTESIAN_POINT ( 'NONE',  ( -215.0000000000005684, 90.00000000000002842, 2.000000000000000000 ) ) ;
#47 = EDGE_LOOP ( 'NONE', ( #13, #3088, #448, #1018, #2196, #3384, #3442, #1688 ) ) ;
#48 = ORIENTED_EDGE ( 'NONE', *, *, #3717, .F. ) ;
#49 = LINE ( 'NONE', #2792, #3067 ) ;
#50 = CARTESIAN_POINT ( 'NONE',  ( -64.99999999999961631, 339.9334910019898643, 42.00000000000000000 ) ) ;
#51 = DIRECTION ( 'NONE',  ( 1.000000000000000000, 0.000000000000000000, 0.000000000000000000 ) ) ;
#52 = EDGE_CURVE ( 'NONE', #2502, #5572, #3177, .T. ) ;
#53 = ORIENTED_EDGE ( 'NONE', *, *, #221, .F. ) ;
#54 = VERTEX_POINT ( 'NONE', #3652 ) ;
#55 = LINE ( 'NONE', #4075, #1409 ) ;
#56 = CARTESIAN_POINT ( 'NONE',  ( -184.9999999999995453, 105.0000000000000995, 42.00000000000000000 ) ) ;
#57 = ORIENTED_EDGE ( 'NONE', *, *, #1489, .F. ) ;
#58 = LINE ( 'NONE', #2711, #4375 ) ;
#59 = DIRECTION ( 'NONE',  ( -1.224646799147352714E-16, 1.000000000000000000, 3.773734306841389525E-48 ) ) ;
#60 = FACE_OUTER_BOUND ( 'NONE', #5403, .T. ) ;
#61 = EDGE_CURVE ( 'NONE', #3388, #2994, #5420, .T. ) ;
#62 = DIRECTION ( 'NONE',  ( 0.000000000000000000, -1.000000000000000000, 0.000000000000000000 ) ) ;
#63 = LINE ( 'NONE', #4714, #5118 ) ;
#64 = DIRECTION ( 'NONE',  ( -0.000000000000000000, -0.000000000000000000, -1.000000000000000000 ) ) ;
#65 = ORIENTED_EDGE ( 'NONE', *, *, #1155, .F. ) ;
#66 = DIRECTION ( 'NONE',  ( 0.000000000000000000, 0.000000000000000000, 1.000000000000000000 ) ) ;
#67 = EDGE_CURVE ( 'NONE', #5758, #3663, #5023, .T. ) ;
#68 = EDGE_CURVE ( 'NONE', #5504, #5660, #908, .T. ) ;
#69 = ORIENTED_EDGE ( 'NONE', *, *, #3585, .T. ) ;
#70 = VERTEX_POINT ( 'NONE', #937 ) ;
#71 = LINE ( 'NONE', #515, #451 ) ;
#72 = DIRECTION ( 'NONE',  ( -1.480297366166868866E-14, 1.000000000000000000, 0.000000000000000000 ) ) ;
#73 = CARTESIAN_POINT ( 'NONE',  ( -189.9999999999995453, 289.9334910019900349, 42.00000000000000000 ) ) ;
#74 = UNCERTAINTY_MEASURE_WITH_UNIT (LENGTH_MEASURE( 1.000000000000000082E-05 ), #3256, 'distance_accuracy_value', 'NONE');
#75 = AXIS2_PLACEMENT_3D ( 'NONE', #1698, #5737, #4435 ) ;
#76 = ORIENTED_EDGE ( 'NONE', *, *, #1972, .F. ) ;
#77 = VERTEX_POINT ( 'NONE', #3710 ) ;
#78 = VECTOR ( 'NONE', #552, 1000.000000000000000 ) ;
#79 = VECTOR ( 'NONE', #1575, 1000.000000000000000 ) ;
#80 = DIRECTION ( 'NONE',  ( -1.000000000000000000, -1.110223024625155752E-14, 0.000000000000000000 ) ) ;
#81 = FACE_OUTER_BOUND ( 'NONE', #2414, .T. ) ;
#82 = DIRECTION ( 'NONE',  ( -1.000000000000000000, -0.000000000000000000, -0.000000000000000000 ) ) ;
#83 = VECTOR ( 'NONE', #1447, 1000.000000000000000 ) ;
#84 = VECTOR ( 'NONE', #218, 1000.000000000000000 ) ;
#85 = VERTEX_POINT ( 'NONE', #1771 ) ;
#86 = ORIENTED_EDGE ( 'NONE', *, *, #2344, .F. ) ;
#87 = DIRECTION ( 'NONE',  ( -1.000000000000000000, 4.163336342344356748E-15, 0.000000000000000000 ) ) ;
#88 = LINE ( 'NONE', #1906, #3913 ) ;
#89 = ORIENTED_EDGE ( 'NONE', *, *, #2139, .F. ) ;
#90 = DIRECTION ( 'NONE',  ( 0.000000000000000000, -0.000000000000000000, -1.000000000000000000 ) ) ;
#91 = VECTOR ( 'NONE', #5310, 1000.000000000000000 ) ;
#92 = CARTESIAN_POINT ( 'NONE',  ( 1.179611963664228824E-13, 19.99999999999999645, -9.999999999999994671 ) ) ;
#93 = VECTOR ( 'NONE', #1132, 1000.000000000000000 ) ;
#94 = EDGE_CURVE ( 'NONE', #3328, #2882, #3590, .T. ) ;
#95 = DIRECTION ( 'NONE',  ( 0.000000000000000000, 1.000000000000000000, 1.084202172485504434E-16 ) ) ;
#96 = DIRECTION ( 'NONE',  ( 1.000000000000000000, 2.775557561562904367E-15, 0.000000000000000000 ) ) ;
#97 = LINE ( 'NONE', #2835, #2122 ) ;
#98 = ORIENTED_EDGE ( 'NONE', *, *, #2936, .F. ) ;
#99 = DIRECTION ( 'NONE',  ( -0.000000000000000000, -0.000000000000000000, -1.000000000000000000 ) ) ;
#100 = DIRECTION ( 'NONE',  ( 0.000000000000000000, 1.000000000000000000, 0.000000000000000000 ) ) ;
#101 = EDGE_CURVE ( 'NONE', #1614, #1600, #401, .T. ) ;
#102 = VECTOR ( 'NONE', #2040, 1000.000000000000000 ) ;
#103 = VERTEX_POINT ( 'NONE', #1413 ) ;
#104 = ORIENTED_EDGE ( 'NONE', *, *, #1931, .T. ) ;
#105 = LINE ( 'NONE', #3264, #845 ) ;
#106 = EDGE_CURVE ( 'NONE', #5654, #3860, #5541, .T. ) ;
#107 = CARTESIAN_POINT ( 'NONE',  ( -184.9999999999995453, 289.9334910019899780, 2.000000000000000000 ) ) ;
#108 = EDGE_CURVE ( 'NONE', #2142, #5751, #2726, .T. ) ;
#109 = DIRECTION ( 'NONE',  ( 1.000000000000000000, -0.000000000000000000, 0.000000000000000000 ) ) ;
#110 =( REPRESENTATION_RELATIONSHIP ('NONE','NONE', #4154, #4777 ) REPRESENTATION_RELATIONSHIP_WITH_TRANSFORMATION ( #1579 )SHAPE_REPRESENTATION_RELATIONSHIP( ) );
#111 = ORIENTED_EDGE ( 'NONE', *, *, #2824, .F. ) ;
#112 = VECTOR ( 'NONE', #3097, 1000.000000000000000 ) ;
#113 = VERTEX_POINT ( 'NONE', #5506 ) ;
#114 = DIRECTION ( 'NONE',  ( -4.163336342344356748E-15, -1.000000000000000000, 0.000000000000000000 ) ) ;
#115 = EDGE_CURVE ( 'NONE', #5362, #3836, #4542, .T. ) ;
#116 = CARTESIAN_POINT ( 'NONE',  ( -210.0000000000005684, 354.9334910019898643, 42.00000000000000000 ) ) ;
#117 = LINE ( 'NONE', #26, #277 ) ;
#118 = VECTOR ( 'NONE', #287, 1000.000000000000000 ) ;
#119 = ORIENTED_EDGE ( 'NONE', *, *, #181, .T. ) ;
#120 = ORIENTED_EDGE ( 'NONE', *, *, #1559, .F. ) ;
#121 = CARTESIAN_POINT ( 'NONE',  ( -44.99999999999959499, 309.9334910019899780, 2.000000000000000000 ) ) ;
#122 = LINE ( 'NONE', #56, #302 ) ;
#123 = VECTOR ( 'NONE', #1493, 1000.000000000000000 ) ;
#124 = ORIENTED_EDGE ( 'NONE', *, *, #5065, .F. ) ;
#125 = DIRECTION ( 'NONE',  ( 1.000000000000000000, -2.775557561562893323E-15, 0.000000000000000000 ) ) ;
#126 = SHAPE_REPRESENTATION_RELATIONSHIP ( 'NONE' , 'NONE' ,  #5620, #3673 ) ;
#127 = LINE ( 'NONE', #1490, #184 ) ;
#128 = CARTESIAN_POINT ( 'NONE',  ( -230.0000000000005969, 435.0000000000000568, 42.00000000000000000 ) ) ;
#129 = EDGE_LOOP ( 'NONE', ( #3513, #4342, #4511, #1709 ) ) ;
#130 = LINE ( 'NONE', #902, #185 ) ;
#131 = CARTESIAN_POINT ( 'NONE',  ( -184.9999999999995453, 339.9334910019898075, 42.00000000000000000 ) ) ;
#132 = EDGE_CURVE ( 'NONE', #4405, #3228, #968, .T. ) ;
#133 = ORIENTED_EDGE ( 'NONE', *, *, #2907, .T. ) ;
#134 = ORIENTED_EDGE ( 'NONE', *, *, #5165, .T. ) ;
#135 = DIRECTION ( 'NONE',  ( -1.000000000000000000, 1.480297366166868866E-14, 0.000000000000000000 ) ) ;
#136 = DIRECTION ( 'NONE',  ( -0.000000000000000000, -0.000000000000000000, -1.000000000000000000 ) ) ;
#137 = LINE ( 'NONE', #5112, #2841 ) ;
#138 = ADVANCED_FACE ( 'NONE', ( #2226 ), #4576, .T. ) ;
#139 = ORIENTED_EDGE ( 'NONE', *, *, #2291, .F. ) ;
#140 = EDGE_LOOP ( 'NONE', ( #1331, #5867, #2084, #3850 ) ) ;
#141 = CARTESIAN_POINT ( 'NONE',  ( -189.9999999999995737, 230.0665089980102778, 2.000000000000000000 ) ) ;
#142 = CARTESIAN_POINT ( 'NONE',  ( -335.0000000000007390, 215.0665089980102493, 2.000000000000000000 ) ) ;
#143 = LINE ( 'NONE', #3393, #1035 ) ;
#144 = EDGE_CURVE ( 'NONE', #4366, #4278, #4969, .T. ) ;
#145 = EDGE_CURVE ( 'NONE', #3363, #5269, #2249, .T. ) ;
#146 = ORIENTED_EDGE ( 'NONE', *, *, #2865, .T. ) ;
#147 = ORIENTED_EDGE ( 'NONE', *, *, #2902, .T. ) ;
#148 = PLANE ( 'NONE',  #1696 ) ;
#149 = DIRECTION ( 'NONE',  ( 0.000000000000000000, 0.000000000000000000, 1.000000000000000000 ) ) ;
#150 = ORIENTED_EDGE ( 'NONE', *, *, #108, .T. ) ;
#151 = CARTESIAN_POINT ( 'NONE',  ( -49.99999999999960210, 430.0000000000000000, 2.000000000000000000 ) ) ;
#152 = DIRECTION ( 'NONE',  ( 1.000000000000000000, 0.000000000000000000, 0.000000000000000000 ) ) ;
#153 = LINE ( 'NONE', #2893, #1135 ) ;
#154 = CARTESIAN_POINT ( 'NONE',  ( -49.99999999999965894, 165.0665089980103346, 42.00000000000000000 ) ) ;
#155 = LINE ( 'NONE', #1915, #1167 ) ;
#156 = ORIENTED_EDGE ( 'NONE', *, *, #2254, .T. ) ;
#157 = LINE ( 'NONE', #2960, #4759 ) ;
#158 = LINE ( 'NONE', #4659, #766 ) ;
#159 = ORIENTED_EDGE ( 'NONE', *, *, #3873, .T. ) ;
#160 = LINE ( 'NONE', #1057, #2448 ) ;
#161 = EDGE_LOOP ( 'NONE', ( #232, #4219, #5392, #1292 ) ) ;
#162 = LINE ( 'NONE', #1983, #1322 ) ;
#163 = PLANE ( 'NONE',  #4152 ) ;
#164 = EDGE_CURVE ( 'NONE', #4376, #4735, #1804, .T. ) ;
#165 = ORIENTED_EDGE ( 'NONE', *, *, #4733, .F. ) ;
#166 = ORIENTED_EDGE ( 'NONE', *, *, #5658, .T. ) ;
#167 = CARTESIAN_POINT ( 'NONE',  ( -10.00000000000000000, -10.00000000000000000, 10.00000000000000000 ) ) ;
#168 = DIRECTION ( 'NONE',  ( -1.000000000000000000, -0.000000000000000000, -0.000000000000000000 ) ) ;
#169 = VECTOR ( 'NONE', #2661, 1000.000000000000000 ) ;
#170 = EDGE_CURVE ( 'NONE', #5534, #1, #4452, .T. ) ;
#171 = CARTESIAN_POINT ( 'NONE',  ( -350.0000000000005116, 414.9999999999999432, 2.000000000000000000 ) ) ;
#172 = AXIS2_PLACEMENT_3D ( 'NONE', #1720, #257, #2078 ) ;
#173 = ORIENTED_EDGE ( 'NONE', *, *, #2605, .T. ) ;
#174 = VECTOR ( 'NONE', #3867, 1000.000000000000000 ) ;
#175 = VERTEX_POINT ( 'NONE', #107 ) ;
#176 = LINE ( 'NONE', #2471, #1601 ) ;
#177 = DIRECTION ( 'NONE',  ( 1.000000000000000000, 2.775557561562892929E-15, 0.000000000000000000 ) ) ;
#178 = ORIENTED_EDGE ( 'NONE', *, *, #39, .F. ) ;
#179 = DIRECTION ( 'NONE',  ( 1.000000000000000000, 0.000000000000000000, -0.000000000000000000 ) ) ;
#180 = APPLICATION_PROTOCOL_DEFINITION ( 'draft international standard', 'automotive_design', 1998, #3351 ) ;
#181 = EDGE_CURVE ( 'NONE', #4522, #4250, #5664, .T. ) ;
#182 = CARTESIAN_POINT ( 'NONE',  ( -44.99999999999959499, 85.00000000000004263, 42.00000000000000000 ) ) ;
#183 = EDGE_CURVE ( 'NONE', #1808, #4090, #3741, .T. ) ;
#184 = VECTOR ( 'NONE', #2298, 1000.000000000000000 ) ;
#185 = VECTOR ( 'NONE', #1019, 1000.000000000000000 ) ;
#186 = VECTOR ( 'NONE', #4505, 1000.000000000000000 ) ;
#187 = VECTOR ( 'NONE', #1820, 1000.000000000000000 ) ;
#188 = CARTESIAN_POINT ( 'NONE',  ( -355.0000000000004547, 105.0000000000000426, 42.00000000000000000 ) ) ;
#189 = ORIENTED_EDGE ( 'NONE', *, *, #2476, .T. ) ;
#190 = LINE ( 'NONE', #5263, #3699 ) ;
#191 = DIRECTION ( 'NONE',  ( 0.000000000000000000, 1.000000000000000000, 0.000000000000000000 ) ) ;
#192 = EDGE_CURVE ( 'NONE', #285, #1899, #4275, .T. ) ;
#193 = ORIENTED_EDGE ( 'NONE', *, *, #5064, .F. ) ;
#194 = PLANE ( 'NONE',  #1400 ) ;
#195 = ORIENTED_EDGE ( 'NONE', *, *, #4828, .F. ) ;
#196 = LINE ( 'NONE', #2540, #4655 ) ;
#197 = DIRECTION ( 'NONE',  ( 0.000000000000000000, -1.000000000000000000, -1.084202172485504434E-16 ) ) ;
#198 = EDGE_LOOP ( 'NONE', ( #1752, #1000, #1800, #3087 ) ) ;
#199 = ORIENTED_EDGE ( 'NONE', *, *, #610, .F. ) ;
#200 = DIRECTION ( 'NONE',  ( -0.000000000000000000, -0.000000000000000000, -1.000000000000000000 ) ) ;
#201 = PRODUCT_DEFINITION_FORMATION_WITH_SPECIFIED_SOURCE ( 'ANY', '', #3444, .NOT_KNOWN. ) ;
#202 = CARTESIAN_POINT ( 'NONE',  ( -350.0000000000004547, 304.9334910019900349, 42.00000000000000000 ) ) ;
#203 = PLANE ( 'NONE',  #4653 ) ;
#204 = ORIENTED_EDGE ( 'NONE', *, *, #1567, .F. ) ;
#205 = EDGE_CURVE ( 'NONE', #5015, #719, #5179, .T. ) ;
#206 = ORIENTED_EDGE ( 'NONE', *, *, #1236, .F. ) ;
#207 = LINE ( 'NONE', #4643, #5709 ) ;
#208 = FACE_OUTER_BOUND ( 'NONE', #4096, .T. ) ;
#209 = ORIENTED_EDGE ( 'NONE', *, *, #5693, .F. ) ;
#210 = CARTESIAN_POINT ( 'NONE',  ( -355.0000000000005684, 434.9999999999999432, -2.000000000000000000 ) ) ;
#211 = DIRECTION ( 'NONE',  ( 0.000000000000000000, 0.000000000000000000, 1.000000000000000000 ) ) ;
#212 = AXIS2_PLACEMENT_3D ( 'NONE', #1002, #670, #2050 ) ;
#213 = EDGE_CURVE ( 'NONE', #3335, #4814, #1536, .T. ) ;
#214 = VECTOR ( 'NONE', #535, 1000.000000000000000 ) ;
#215 = CARTESIAN_POINT ( 'NONE',  ( -355.0000000000006821, 289.9334910019900349, 42.00000000000000000 ) ) ;
#216 = CARTESIAN_POINT ( 'NONE',  ( -184.9999999999995453, 180.0665089980104199, 2.000000000000000000 ) ) ;
#217 = EDGE_LOOP ( 'NONE', ( #726, #5752, #789, #1097 ) ) ;
#218 = DIRECTION ( 'NONE',  ( 1.000000000000000000, 1.110223024625155594E-14, 0.000000000000000000 ) ) ;
#219 = CARTESIAN_POINT ( 'NONE',  ( -355.0000000000006821, 354.9334910019898643, 42.00000000000000000 ) ) ;
#220 = ADVANCED_FACE ( 'NONE', ( #544 ), #1954, .T. ) ;
#221 = EDGE_CURVE ( 'NONE', #3328, #5758, #4243, .T. ) ;
#222 = EDGE_LOOP ( 'NONE', ( #5828, #4330, #1419, #4726 ) ) ;
#223 = DIRECTION ( 'NONE',  ( -1.000000000000000000, 1.110223024625155752E-14, 0.000000000000000000 ) ) ;
#224 = EDGE_LOOP ( 'NONE', ( #4044, #4841, #2346, #2796 ) ) ;
#225 = DIRECTION ( 'NONE',  ( -0.000000000000000000, -0.000000000000000000, -1.000000000000000000 ) ) ;
#226 = ORIENTED_EDGE ( 'NONE', *, *, #2694, .T. ) ;
#227 = ORIENTED_EDGE ( 'NONE', *, *, #988, .T. ) ;
#228 = DIRECTION ( 'NONE',  ( 0.000000000000000000, -1.000000000000000000, 0.000000000000000000 ) ) ;
#229 = CARTESIAN_POINT ( 'NONE',  ( -335.0000000000005116, 85.00000000000004263, 42.00000000000000000 ) ) ;
#230 = CARTESIAN_POINT ( 'NONE',  ( -184.9999999999995453, 180.0665089980104199, 2.000000000000000000 ) ) ;
#231 = ORIENTED_EDGE ( 'NONE', *, *, #3703, .F. ) ;
#232 = ORIENTED_EDGE ( 'NONE', *, *, #2985, .T. ) ;
#233 = DIRECTION ( 'NONE',  ( -1.000000000000000000, -4.163336342344362270E-15, 0.000000000000000000 ) ) ;
#234 = PLANE ( 'NONE',  #2583 ) ;
#235 = ORIENTED_EDGE ( 'NONE', *, *, #1243, .F. ) ;
#236 = FACE_OUTER_BOUND ( 'NONE', #4418, .T. ) ;
#237 = CONTEXT_DEPENDENT_SHAPE_REPRESENTATION ( #406, #1259 ) ;
#238 = CARTESIAN_POINT ( 'NONE',  ( -49.99999999999965894, 215.0665089980102209, 42.00000000000000000 ) ) ;
#239 = ADVANCED_FACE ( 'NONE', ( #2933 ), #4217, .T. ) ;
#240 = CARTESIAN_POINT ( 'NONE',  ( 378.2842712474619589, -10.00000000000000000, 10.00000000000000000 ) ) ;
#241 = CARTESIAN_POINT ( 'NONE',  ( -215.0000000000006253, 430.0000000000000568, 42.00000000000000000 ) ) ;
#242 = ORIENTED_EDGE ( 'NONE', *, *, #5440, .T. ) ;
#243 = DIRECTION ( 'NONE',  ( 0.000000000000000000, 1.000000000000000000, 0.000000000000000000 ) ) ;
#244 = CARTESIAN_POINT ( 'NONE',  ( -49.99999999999965894, 304.9334910019900349, 2.000000000000000000 ) ) ;
#245 = LINE ( 'NONE', #749, #1702 ) ;
#246 = EDGE_CURVE ( 'NONE', #1169, #1486, #3359, .T. ) ;
#247 = ORIENTED_EDGE ( 'NONE', *, *, #5311, .F. ) ;
#248 = CARTESIAN_POINT ( 'NONE',  ( -335.0000000000007390, 309.9334910019899780, 42.00000000000000000 ) ) ;
#249 = VERTEX_POINT ( 'NONE', #3386 ) ;
#250 = DIRECTION ( 'NONE',  ( 1.000000000000000000, 2.775557561562904367E-15, 0.000000000000000000 ) ) ;
#251 = ADVANCED_FACE ( 'NONE', ( #2454 ), #2369, .F. ) ;
#252 = ADVANCED_FACE ( 'NONE', ( #2018 ), #163, .T. ) ;
#253 = VERTEX_POINT ( 'NONE', #1473 ) ;
#254 = ORIENTED_EDGE ( 'NONE', *, *, #4321, .T. ) ;
#255 = DIRECTION ( 'NONE',  ( -0.000000000000000000, -0.000000000000000000, -1.000000000000000000 ) ) ;
#256 = PRODUCT_DEFINITION_SHAPE ( 'NONE', 'NONE',  #5911 ) ;
#257 = DIRECTION ( 'NONE',  ( 1.000000000000000000, 0.000000000000000000, -0.000000000000000000 ) ) ;
#258 = PLANE ( 'NONE',  #5618 ) ;
#259 = VECTOR ( 'NONE', #508, 1000.000000000000000 ) ;
#260 = ORIENTED_EDGE ( 'NONE', *, *, #2133, .F. ) ;
#261 = ORIENTED_EDGE ( 'NONE', *, *, #2695, .T. ) ;
#262 = DIRECTION ( 'NONE',  ( -0.000000000000000000, -0.000000000000000000, -1.000000000000000000 ) ) ;
#263 = DIRECTION ( 'NONE',  ( 1.000000000000000000, -1.480297366166868866E-14, 0.000000000000000000 ) ) ;
#264 = DIRECTION ( 'NONE',  ( -1.000000000000000000, -2.775557561562908312E-15, 0.000000000000000000 ) ) ;
#265 = CARTESIAN_POINT ( 'NONE',  ( -350.0000000000004547, 215.0665089980102209, 42.00000000000000000 ) ) ;
#266 = VECTOR ( 'NONE', #2250, 1000.000000000000000 ) ;
#267 = AXIS2_PLACEMENT_3D ( 'NONE', #1913, #1792, #2779 ) ;
#268 = CARTESIAN_POINT ( 'NONE',  ( -184.9999999999995453, 339.9334910019898075, 42.00000000000000000 ) ) ;
#269 = ADVANCED_FACE ( 'NONE', ( #3801 ), #5207, .T. ) ;
#270 = FILL_AREA_STYLE ('',( #4349 ) ) ;
#271 = VERTEX_POINT ( 'NONE', #666 ) ;
#272 = CARTESIAN_POINT ( 'NONE',  ( -350.0000000000004547, 215.0665089980102209, 2.000000000000000000 ) ) ;
#273 = VECTOR ( 'NONE', #3439, 1000.000000000000000 ) ;
#274 = LINE ( 'NONE', #3852, #3534 ) ;
#275 = VECTOR ( 'NONE', #262, 1000.000000000000000 ) ;
#276 = DIRECTION ( 'NONE',  ( 1.224646799147353207E-16, 1.000000000000000000, 0.000000000000000000 ) ) ;
#277 = VECTOR ( 'NONE', #1936, 1000.000000000000000 ) ;
#278 = AXIS2_PLACEMENT_3D ( 'NONE', #2630, #5387, #3970 ) ;
#279 = ORIENTED_EDGE ( 'NONE', *, *, #2895, .F. ) ;
#280 = DIRECTION ( 'NONE',  ( 0.000000000000000000, 0.000000000000000000, 1.000000000000000000 ) ) ;
#281 = EDGE_CURVE ( 'NONE', #5751, #3707, #4630, .T. ) ;
#282 = ORIENTED_EDGE ( 'NONE', *, *, #3786, .T. ) ;
#283 = DIRECTION ( 'NONE',  ( -1.850371707708599493E-15, -1.000000000000000000, 0.000000000000000000 ) ) ;
#284 = VECTOR ( 'NONE', #2441, 1000.000000000000000 ) ;
#285 = VERTEX_POINT ( 'NONE', #2399 ) ;
#286 = ORIENTED_EDGE ( 'NONE', *, *, #3169, .T. ) ;
#287 = DIRECTION ( 'NONE',  ( 0.000000000000000000, 0.000000000000000000, 1.000000000000000000 ) ) ;
#288 = PLANE ( 'NONE',  #1408 ) ;
#289 = FACE_OUTER_BOUND ( 'NONE', #2230, .T. ) ;
#290 = ORIENTED_EDGE ( 'NONE', *, *, #1697, .T. ) ;
#291 = EDGE_CURVE ( 'NONE', #1573, #1775, #4114, .T. ) ;
#292 = EDGE_CURVE ( 'NONE', #2429, #1832, #8, .T. ) ;
#293 = VECTOR ( 'NONE', #2961, 1000.000000000000000 ) ;
#294 = ORIENTED_EDGE ( 'NONE', *, *, #3093, .F. ) ;
#295 = LINE ( 'NONE', #3004, #5805 ) ;
#296 = LINE ( 'NONE', #4824, #3064 ) ;
#297 = LINE ( 'NONE', #2645, #2852 ) ;
#298 = ITEM_DEFINED_TRANSFORMATION ( 'NONE', 'NONE', #2963,  #4192 ) ;
#299 = CARTESIAN_POINT ( 'NONE',  ( -335.0000000000005684, 434.9999999999999432, 42.00000000000000000 ) ) ;
#300 = CARTESIAN_POINT ( 'NONE',  ( -184.9999999999994884, 430.0000000000000568, 2.000000000000000000 ) ) ;
#301 = DIRECTION ( 'NONE',  ( -0.000000000000000000, -0.000000000000000000, -1.000000000000000000 ) ) ;
#302 = VECTOR ( 'NONE', #4677, 1000.000000000000000 ) ;
#303 = ORIENTED_EDGE ( 'NONE', *, *, #5793, .F. ) ;
#304 = FACE_OUTER_BOUND ( 'NONE', #609, .T. ) ;
#305 = CARTESIAN_POINT ( 'NONE',  ( -169.9999999999995453, 430.0000000000000568, 2.000000000000000000 ) ) ;
#306 = CARTESIAN_POINT ( 'NONE',  ( -44.99999999999965183, 354.9334910019898643, 42.00000000000000000 ) ) ;
#307 = VECTOR ( 'NONE', #2421, 1000.000000000000000 ) ;
#308 = VERTEX_POINT ( 'NONE', #3697 ) ;
#309 = LINE ( 'NONE', #5860, #1691 ) ;
#310 = VERTEX_POINT ( 'NONE', #5495 ) ;
#311 = DIRECTION ( 'NONE',  ( -0.000000000000000000, 0.000000000000000000, -1.000000000000000000 ) ) ;
#312 = VECTOR ( 'NONE', #4478, 1000.000000000000000 ) ;
#313 = ADVANCED_FACE ( 'NONE', ( #4567 ), #3641, .F. ) ;
#314 = ORIENTED_EDGE ( 'NONE', *, *, #2619, .F. ) ;
#315 = ORIENTED_EDGE ( 'NONE', *, *, #5258, .F. ) ;
#316 = CARTESIAN_POINT ( 'NONE',  ( -49.99999999999965894, 339.9334910019898075, 2.000000000000000000 ) ) ;
#317 = PLANE ( 'NONE',  #5627 ) ;
#318 = LINE ( 'NONE', #3066, #3519 ) ;
#319 = ADVANCED_FACE ( 'NONE', ( #3729 ), #2806, .T. ) ;
#320 = ORIENTED_EDGE ( 'NONE', *, *, #5181, .T. ) ;
#321 = VERTEX_POINT ( 'NONE', #3193 ) ;
#322 = PLANE ( 'NONE',  #4068 ) ;
#323 = CARTESIAN_POINT ( 'NONE',  ( -215.0000000000007958, 304.9334910019900349, 42.00000000000000000 ) ) ;
#324 = CARTESIAN_POINT ( 'NONE',  ( -189.9999999999994884, 309.9334910019899780, 42.00000000000000000 ) ) ;
#325 = DIRECTION ( 'NONE',  ( 0.000000000000000000, 1.000000000000000000, 0.000000000000000000 ) ) ;
#326 = ADVANCED_FACE ( 'NONE', ( #4622, #1376 ), #5558, .F. ) ;
#327 = EDGE_CURVE ( 'NONE', #4589, #5192, #1464, .T. ) ;
#328 = DIRECTION ( 'NONE',  ( -1.000000000000000000, 0.000000000000000000, -0.000000000000000000 ) ) ;
#329 = SURFACE_STYLE_FILL_AREA ( #4076 ) ;
#330 = ORIENTED_EDGE ( 'NONE', *, *, #4863, .T. ) ;
#331 = CARTESIAN_POINT ( 'NONE',  ( -189.9999999999995453, 165.0665089980103915, 42.00000000000000000 ) ) ;
#332 = DIRECTION ( 'NONE',  ( 1.000000000000000000, -1.110223024625155594E-14, 0.000000000000000000 ) ) ;
#333 = DIRECTION ( 'NONE',  ( 0.000000000000000000, 0.000000000000000000, 1.000000000000000000 ) ) ;
#334 = VERTEX_POINT ( 'NONE', #3282 ) ;
#335 = CARTESIAN_POINT ( 'NONE',  ( 378.2842712474619589, 8.000000000000001776, -8.000000000000000000 ) ) ;
#336 = ORIENTED_EDGE ( 'NONE', *, *, #5216, .T. ) ;
#337 = LINE ( 'NONE', #4000, #5036 ) ;
#338 = ORIENTED_EDGE ( 'NONE', *, *, #5181, .F. ) ;
#339 = VERTEX_POINT ( 'NONE', #477 ) ;
#340 = ADVANCED_FACE ( 'NONE', ( #5012 ), #898, .T. ) ;
#341 = DIRECTION ( 'NONE',  ( 0.000000000000000000, 0.000000000000000000, 1.000000000000000000 ) ) ;
#342 = EDGE_LOOP ( 'NONE', ( #743, #892, #1039, #4906, #432, #4739 ) ) ;
#343 = DIRECTION ( 'NONE',  ( -1.000000000000000000, -3.700743415417254206E-15, 0.000000000000000000 ) ) ;
#344 = DIRECTION ( 'NONE',  ( 0.000000000000000000, -0.000000000000000000, 1.000000000000000000 ) ) ;
#345 = EDGE_LOOP ( 'NONE', ( #1967, #5446, #1933, #3436 ) ) ;
#346 = ORIENTED_EDGE ( 'NONE', *, *, #3226, .F. ) ;
#347 = EDGE_CURVE ( 'NONE', #271, #2672, #1852, .T. ) ;
#348 = CARTESIAN_POINT ( 'NONE',  ( -215.0000000000006253, 430.0000000000000568, 42.00000000000000000 ) ) ;
#349 = DIRECTION ( 'NONE',  ( -0.000000000000000000, -0.000000000000000000, -1.000000000000000000 ) ) ;
#350 = VECTOR ( 'NONE', #1502, 1000.000000000000000 ) ;
#351 = DIRECTION ( 'NONE',  ( -0.000000000000000000, -0.000000000000000000, -1.000000000000000000 ) ) ;
#352 = VECTOR ( 'NONE', #280, 1000.000000000000000 ) ;
#353 = DIRECTION ( 'NONE',  ( -1.000000000000000000, 0.000000000000000000, 0.000000000000000000 ) ) ;
#354 = EDGE_CURVE ( 'NONE', #2857, #3058, #1401, .T. ) ;
#355 = VERTEX_POINT ( 'NONE', #5443 ) ;
#356 = CARTESIAN_POINT ( 'NONE',  ( -350.0000000000004547, 215.0665089980102209, 42.00000000000000000 ) ) ;
#357 = CARTESIAN_POINT ( 'NONE',  ( -335.0000000000007390, 304.9334910019899780, 42.00000000000000000 ) ) ;
#358 = VECTOR ( 'NONE', #4036, 1000.000000000000000 ) ;
#359 = ORIENTED_EDGE ( 'NONE', *, *, #1714, .T. ) ;
#360 = DIRECTION ( 'NONE',  ( -1.000000000000000000, 0.000000000000000000, 0.000000000000000000 ) ) ;
#361 = VECTOR ( 'NONE', #4894, 1000.000000000000000 ) ;
#362 = CARTESIAN_POINT ( 'NONE',  ( -335.0000000000007390, 334.9334910019898643, 2.000000000000000000 ) ) ;
#363 = ADVANCED_FACE ( 'NONE', ( #1825 ), #2777, .T. ) ;
#364 = ORIENTED_EDGE ( 'NONE', *, *, #2612, .T. ) ;
#365 = LINE ( 'NONE', #5447, #4942 ) ;
#366 = VECTOR ( 'NONE', #5743, 1000.000000000000000 ) ;
#367 = AXIS2_PLACEMENT_3D ( 'NONE', #1320, #1233, #311 ) ;
#368 = ORIENTED_EDGE ( 'NONE', *, *, #979, .T. ) ;
#369 = ORIENTED_EDGE ( 'NONE', *, *, #1677, .F. ) ;
#370 = VECTOR ( 'NONE', #1189, 1000.000000000000000 ) ;
#371 = VECTOR ( 'NONE', #1557, 1000.000000000000000 ) ;
#372 = LINE ( 'NONE', #3537, #5550 ) ;
#373 = ORIENTED_EDGE ( 'NONE', *, *, #3060, .T. ) ;
#374 = LINE ( 'NONE', #3029, #2267 ) ;
#375 = LINE ( 'NONE', #4910, #4561 ) ;
#376 = ORIENTED_EDGE ( 'NONE', *, *, #1333, .F. ) ;
#377 = ORIENTED_EDGE ( 'NONE', *, *, #5400, .T. ) ;
#378 = CARTESIAN_POINT ( 'NONE',  ( -210.0000000000006537, 309.9334910019899212, 42.00000000000000000 ) ) ;
#379 = CARTESIAN_POINT ( 'NONE',  ( -49.99999999999965894, 215.0665089980102209, 2.000000000000000000 ) ) ;
#380 = LINE ( 'NONE', #408, #562 ) ;
#381 = EDGE_CURVE ( 'NONE', #1486, #77, #5101, .T. ) ;
#382 = PLANE ( 'NONE',  #2642 ) ;
#383 = SURFACE_SIDE_STYLE ('',( #329 ) ) ;
#384 = ORIENTED_EDGE ( 'NONE', *, *, #4502, .T. ) ;
#385 = DIRECTION ( 'NONE',  ( 0.000000000000000000, 1.000000000000000000, 0.000000000000000000 ) ) ;
#386 = LINE ( 'NONE', #5318, #2654 ) ;
#387 = AXIS2_PLACEMENT_3D ( 'NONE', #5742, #5317, #2926 ) ;
#388 = ADVANCED_FACE ( 'NONE', ( #3254 ), #2269, .F. ) ;
#389 = VECTOR ( 'NONE', #5699, 1000.000000000000000 ) ;
#390 = VERTEX_POINT ( 'NONE', #956 ) ;
#391 = LINE ( 'NONE', #784, #4161 ) ;
#392 = LINE ( 'NONE', #1263, #4113 ) ;
#393 = ORIENTED_EDGE ( 'NONE', *, *, #2344, .T. ) ;
#394 = CARTESIAN_POINT ( 'NONE',  ( -215.0000000000006253, 430.0000000000000568, 42.00000000000000000 ) ) ;
#395 = AXIS2_PLACEMENT_3D ( 'NONE', #1683, #2136, #3028 ) ;
#396 = ADVANCED_FACE ( 'NONE', ( #532 ), #1790, .T. ) ;
#397 = EDGE_CURVE ( 'NONE', #4200, #3860, #5074, .T. ) ;
#398 = VERTEX_POINT ( 'NONE', #604 ) ;
#399 = ORIENTED_EDGE ( 'NONE', *, *, #1640, .F. ) ;
#400 = DIRECTION ( 'NONE',  ( -1.000000000000000000, 3.700743415417198986E-15, 0.000000000000000000 ) ) ;
#401 = LINE ( 'NONE', #486, #5880 ) ;
#402 = CARTESIAN_POINT ( 'NONE',  ( -350.0000000000005116, 430.0000000000000000, 2.000000000000000000 ) ) ;
#403 = ORIENTED_EDGE ( 'NONE', *, *, #5143, .T. ) ;
#404 = ORIENTED_EDGE ( 'NONE', *, *, #4699, .F. ) ;
#405 = CARTESIAN_POINT ( 'NONE',  ( 340.0000000000000568, 8.000000000000000000, 8.000000000000000000 ) ) ;
#406 =( REPRESENTATION_RELATIONSHIP ('NONE','NONE', #4154, #5620 ) REPRESENTATION_RELATIONSHIP_WITH_TRANSFORMATION ( #4319 )SHAPE_REPRESENTATION_RELATIONSHIP( ) );
#407 = LINE ( 'NONE', #4552, #2548 ) ;
#408 = CARTESIAN_POINT ( 'NONE',  ( -350.0000000000004547, 90.00000000000002842, 2.000000000000000000 ) ) ;
#409 = ORIENTED_EDGE ( 'NONE', *, *, #5623, .T. ) ;
#410 = CARTESIAN_POINT ( 'NONE',  ( -169.9999999999996021, 90.00000000000005684, 42.00000000000000000 ) ) ;
#411 = PRESENTATION_STYLE_ASSIGNMENT (( #1308 ) ) ;
#412 = ORIENTED_EDGE ( 'NONE', *, *, #3094, .T. ) ;
#413 = CARTESIAN_POINT ( 'NONE',  ( -335.0000000000007390, 309.9334910019899780, 2.000000000000000000 ) ) ;
#414 = CARTESIAN_POINT ( 'NONE',  ( 0.000000000000000000, 0.000000000000000000, 0.000000000000000000 ) ) ;
#415 = ADVANCED_FACE ( 'NONE', ( #3829 ), #5715, .F. ) ;
#416 = DIRECTION ( 'NONE',  ( -0.000000000000000000, -0.000000000000000000, -1.000000000000000000 ) ) ;
#417 = CARTESIAN_POINT ( 'NONE',  ( -64.99999999999961631, 334.9334910019898643, 42.00000000000000000 ) ) ;
#418 = LINE ( 'NONE', #3083, #1549 ) ;
#419 = VERTEX_POINT ( 'NONE', #5629 ) ;
#420 = CARTESIAN_POINT ( 'NONE',  ( -335.0000000000005684, 434.9999999999999432, 42.00000000000000000 ) ) ;
#421 = EDGE_CURVE ( 'NONE', #1, #3671, #4358, .T. ) ;
#422 = ORIENTED_EDGE ( 'NONE', *, *, #495, .T. ) ;
#423 = EDGE_LOOP ( 'NONE', ( #859, #42, #1590, #514 ) ) ;
#424 = CARTESIAN_POINT ( 'NONE',  ( -49.99999999999965894, 215.0665089980102209, 2.000000000000000000 ) ) ;
#425 = ADVANCED_FACE ( 'NONE', ( #3321 ), #5146, .F. ) ;
#426 = FACE_OUTER_BOUND ( 'NONE', #1888, .T. ) ;
#427 = DIRECTION ( 'NONE',  ( 1.000000000000000000, -3.700743415417198986E-15, 0.000000000000000000 ) ) ;
#428 = EDGE_CURVE ( 'NONE', #22, #5803, #3383, .T. ) ;
#429 = CARTESIAN_POINT ( 'NONE',  ( -230.0000000000005400, 210.0665089980102493, 42.00000000000000000 ) ) ;
#430 = UNCERTAINTY_MEASURE_WITH_UNIT (LENGTH_MEASURE( 1.000000000000000082E-05 ), #4680, 'distance_accuracy_value', 'NONE');
#431 = ORIENTED_EDGE ( 'NONE', *, *, #3569, .T. ) ;
#432 = ORIENTED_EDGE ( 'NONE', *, *, #183, .F. ) ;
#433 = LINE ( 'NONE', #885, #964 ) ;
#434 = CARTESIAN_POINT ( 'NONE',  ( -10.00000000000000000, 8.000000000000000000, -17.99999999999999645 ) ) ;
#435 = CARTESIAN_POINT ( 'NONE',  ( -189.9999999999995453, 105.0000000000000426, 42.00000000000000000 ) ) ;
#436 = VERTEX_POINT ( 'NONE', #695 ) ;
#437 = CARTESIAN_POINT ( 'NONE',  ( -215.0000000000005684, 289.9334910019899780, 42.00000000000000000 ) ) ;
#438 = VECTOR ( 'NONE', #96, 1000.000000000000000 ) ;
#439 = LINE ( 'NONE', #4413, #5352 ) ;
#440 = EDGE_LOOP ( 'NONE', ( #3538, #752, #4227, #2367, #5566, #1117 ) ) ;
#441 = CARTESIAN_POINT ( 'NONE',  ( -215.0000000000005684, 105.0000000000000995, 42.00000000000000000 ) ) ;
#442 = CARTESIAN_POINT ( 'NONE',  ( 0.000000000000000000, -10.00000000000000000, -10.00000000000000000 ) ) ;
#443 = LINE ( 'NONE', #476, #3795 ) ;
#444 = DIRECTION ( 'NONE',  ( 0.000000000000000000, -1.000000000000000000, 0.000000000000000000 ) ) ;
#445 = EDGE_CURVE ( 'NONE', #5158, #3335, #1588, .T. ) ;
#446 = CARTESIAN_POINT ( 'NONE',  ( -64.99999999999961631, 90.00000000000005684, 2.000000000000000000 ) ) ;
#447 = DIRECTION ( 'NONE',  ( 1.000000000000000000, 0.000000000000000000, 0.000000000000000000 ) ) ;
#448 = ORIENTED_EDGE ( 'NONE', *, *, #1839, .T. ) ;
#449 = CARTESIAN_POINT ( 'NONE',  ( -169.9999999999996021, 90.00000000000005684, 42.00000000000000000 ) ) ;
#450 = AXIS2_PLACEMENT_3D ( 'NONE', #2590, #1214, #3954 ) ;
#451 = VECTOR ( 'NONE', #3708, 1000.000000000000000 ) ;
#452 = ADVANCED_FACE ( 'NONE', ( #3443 ), #2512, .F. ) ;
#453 = EDGE_LOOP ( 'NONE', ( #3828, #21, #4038, #2692 ) ) ;
#454 = ORIENTED_EDGE ( 'NONE', *, *, #3158, .T. ) ;
#455 = DIRECTION ( 'NONE',  ( -1.000000000000000000, 0.000000000000000000, -0.000000000000000000 ) ) ;
#456 = CARTESIAN_POINT ( 'NONE',  ( -210.0000000000005400, 434.9999999999999432, -2.000000000000000000 ) ) ;
#457 = FACE_OUTER_BOUND ( 'NONE', #3770, .T. ) ;
#458 = VECTOR ( 'NONE', #5710, 1000.000000000000000 ) ;
#459 = VECTOR ( 'NONE', #715, 1000.000000000000000 ) ;
#460 = EDGE_CURVE ( 'NONE', #1742, #5357, #2965, .T. ) ;
#461 = VECTOR ( 'NONE', #3455, 1000.000000000000000 ) ;
#462 = ORIENTED_EDGE ( 'NONE', *, *, #5769, .T. ) ;
#463 = VECTOR ( 'NONE', #3039, 1000.000000000000000 ) ;
#464 = ORIENTED_EDGE ( 'NONE', *, *, #5825, .F. ) ;
#465 = CARTESIAN_POINT ( 'NONE',  ( -49.99999999999965894, 230.0665089980102778, 42.00000000000000000 ) ) ;
#466 = DIRECTION ( 'NONE',  ( 1.000000000000000000, 0.000000000000000000, -0.000000000000000000 ) ) ;
#467 = PLANE ( 'NONE',  #5240 ) ;
#468 = VECTOR ( 'NONE', #168, 1000.000000000000000 ) ;
#469 = ADVANCED_FACE ( 'NONE', ( #663 ), #4721, .F. ) ;
#470 = VERTEX_POINT ( 'NONE', #1980 ) ;
#471 = DIRECTION ( 'NONE',  ( 0.000000000000000000, 1.000000000000000000, 0.000000000000000000 ) ) ;
#472 = DIRECTION ( 'NONE',  ( 0.000000000000000000, -4.818676322157798854E-17, 1.000000000000000000 ) ) ;
#473 = EDGE_LOOP ( 'NONE', ( #1042, #2539, #3744, #2947 ) ) ;
#474 = DIRECTION ( 'NONE',  ( 0.000000000000000000, 0.000000000000000000, 1.000000000000000000 ) ) ;
#475 = LINE ( 'NONE', #4984, #5250 ) ;
#476 = CARTESIAN_POINT ( 'NONE',  ( -350.0000000000004547, 215.0665089980102209, 2.000000000000000000 ) ) ;
#477 = CARTESIAN_POINT ( 'NONE',  ( -215.0000000000005684, 230.0665089980102778, 2.000000000000000000 ) ) ;
#478 = DIRECTION ( 'NONE',  ( 1.000000000000000000, 0.000000000000000000, -0.000000000000000000 ) ) ;
#479 = LINE ( 'NONE', #38, #4306 ) ;
#480 = ORIENTED_EDGE ( 'NONE', *, *, #1262, .F. ) ;
#481 = LINE ( 'NONE', #5562, #4846 ) ;
#482 = VECTOR ( 'NONE', #2772, 1000.000000000000000 ) ;
#483 = VERTEX_POINT ( 'NONE', #3910 ) ;
#484 = ORIENTED_EDGE ( 'NONE', *, *, #4979, .T. ) ;
#485 = CARTESIAN_POINT ( 'NONE',  ( 0.000000000000000000, 0.000000000000000000, 42.00000000000000000 ) ) ;
#486 = CARTESIAN_POINT ( 'NONE',  ( 0.000000000000000000, -8.000000000000000000, 8.000000000000000000 ) ) ;
#487 = VECTOR ( 'NONE', #4309, 1000.000000000000000 ) ;
#488 = DIRECTION ( 'NONE',  ( -0.000000000000000000, -0.000000000000000000, -1.000000000000000000 ) ) ;
#489 = EDGE_CURVE ( 'NONE', #2142, #855, #1146, .T. ) ;
#490 = AXIS2_PLACEMENT_3D ( 'NONE', #4098, #24, #80 ) ;
#491 = ORIENTED_EDGE ( 'NONE', *, *, #4919, .F. ) ;
#492 = VERTEX_POINT ( 'NONE', #248 ) ;
#493 = DIRECTION ( 'NONE',  ( -0.000000000000000000, 0.000000000000000000, -1.000000000000000000 ) ) ;
#494 = LINE ( 'NONE', #2675, #931 ) ;
#495 = EDGE_CURVE ( 'NONE', #4308, #520, #160, .T. ) ;
#496 = CARTESIAN_POINT ( 'NONE',  ( 340.0000000000000568, -8.000000000000000000, -8.000000000000000000 ) ) ;
#497 = VECTOR ( 'NONE', #3284, 1000.000000000000000 ) ;
#498 = EDGE_CURVE ( 'NONE', #3143, #5066, #2486, .T. ) ;
#499 = ORIENTED_EDGE ( 'NONE', *, *, #1088, .F. ) ;
#500 = ORIENTED_EDGE ( 'NONE', *, *, #67, .T. ) ;
#501 = FACE_OUTER_BOUND ( 'NONE', #4936, .T. ) ;
#502 = CARTESIAN_POINT ( 'NONE',  ( -355.0000000000005684, 309.9334910019899780, 2.000000000000000000 ) ) ;
#503 = EDGE_LOOP ( 'NONE', ( #3185, #4013, #1457, #3320 ) ) ;
#504 = CARTESIAN_POINT ( 'NONE',  ( -49.99999999999965894, 339.9334910019898075, 42.00000000000000000 ) ) ;
#505 = EDGE_CURVE ( 'NONE', #5561, #54, #2993, .T. ) ;
#506 = LINE ( 'NONE', #1463, #1416 ) ;
#507 = ADVANCED_FACE ( 'NONE', ( #2874 ), #194, .T. ) ;
#508 = DIRECTION ( 'NONE',  ( 0.000000000000000000, -1.000000000000000000, 0.000000000000000000 ) ) ;
#509 = CARTESIAN_POINT ( 'NONE',  ( -230.0000000000005400, 334.9334910019898643, 42.00000000000000000 ) ) ;
#510 = CARTESIAN_POINT ( 'NONE',  ( -64.99999999999961631, 185.0665089980103915, 42.00000000000000000 ) ) ;
#511 = VERTEX_POINT ( 'NONE', #4272 ) ;
#512 = LINE ( 'NONE', #4626, #4752 ) ;
#513 = VERTEX_POINT ( 'NONE', #1111 ) ;
#514 = ORIENTED_EDGE ( 'NONE', *, *, #796, .T. ) ;
#515 = CARTESIAN_POINT ( 'NONE',  ( -184.9999999999995453, 304.9334910019900349, 2.000000000000000000 ) ) ;
#516 = DIRECTION ( 'NONE',  ( 0.000000000000000000, 1.000000000000000000, 0.000000000000000000 ) ) ;
#517 = DIRECTION ( 'NONE',  ( 1.000000000000000000, 0.000000000000000000, 0.000000000000000000 ) ) ;
#518 = ORIENTED_EDGE ( 'NONE', *, *, #4029, .F. ) ;
#519 = EDGE_CURVE ( 'NONE', #2800, #54, #2929, .T. ) ;
#520 = VERTEX_POINT ( 'NONE', #2068 ) ;
#521 = FACE_OUTER_BOUND ( 'NONE', #5210, .T. ) ;
#522 = DIRECTION ( 'NONE',  ( 0.000000000000000000, 1.000000000000000000, 0.000000000000000000 ) ) ;
#523 = CARTESIAN_POINT ( 'NONE',  ( -350.0000000000004547, 304.9334910019900349, 42.00000000000000000 ) ) ;
#524 = ADVANCED_FACE ( 'NONE', ( #3880 ), #5686, .T. ) ;
#525 = EDGE_LOOP ( 'NONE', ( #3975, #2741, #3336, #4707 ) ) ;
#526 = FACE_OUTER_BOUND ( 'NONE', #140, .T. ) ;
#527 = CARTESIAN_POINT ( 'NONE',  ( -64.99999999999961631, 334.9334910019898643, 2.000000000000000000 ) ) ;
#528 = ORIENTED_EDGE ( 'NONE', *, *, #428, .F. ) ;
#529 = DIRECTION ( 'NONE',  ( -0.000000000000000000, -0.000000000000000000, -1.000000000000000000 ) ) ;
#530 = DIRECTION ( 'NONE',  ( 0.000000000000000000, 0.000000000000000000, 1.000000000000000000 ) ) ;
#531 = CARTESIAN_POINT ( 'NONE',  ( -189.9999999999994884, 334.9334910019899212, 42.00000000000000000 ) ) ;
#532 = FACE_OUTER_BOUND ( 'NONE', #129, .T. ) ;
#533 = EDGE_CURVE ( 'NONE', #2220, #2703, #2158, .T. ) ;
#534 = PRESENTATION_STYLE_ASSIGNMENT (( #2302 ) ) ;
#535 = DIRECTION ( 'NONE',  ( -1.000000000000000000, 0.000000000000000000, 0.000000000000000000 ) ) ;
#536 = EDGE_LOOP ( 'NONE', ( #4545, #4209, #5785, #4235 ) ) ;
#537 = CARTESIAN_POINT ( 'NONE',  ( -215.0000000000007958, 304.9334910019900349, 42.00000000000000000 ) ) ;
#538 = CARTESIAN_POINT ( 'NONE',  ( -230.0000000000005400, 85.00000000000004263, 2.000000000000000000 ) ) ;
#539 = VECTOR ( 'NONE', #2760, 1000.000000000000000 ) ;
#540 = EDGE_CURVE ( 'NONE', #1584, #3355, #309, .T. ) ;
#541 = ORIENTED_EDGE ( 'NONE', *, *, #5840, .T. ) ;
#542 = ORIENTED_EDGE ( 'NONE', *, *, #3968, .F. ) ;
#543 = CARTESIAN_POINT ( 'NONE',  ( -230.0000000000005400, 90.00000000000005684, 42.00000000000000000 ) ) ;
#544 = FACE_OUTER_BOUND ( 'NONE', #217, .T. ) ;
#545 = LINE ( 'NONE', #2534, #83 ) ;
#546 =( GEOMETRIC_REPRESENTATION_CONTEXT ( 3 ) GLOBAL_UNCERTAINTY_ASSIGNED_CONTEXT ( ( #74 ) ) GLOBAL_UNIT_ASSIGNED_CONTEXT ( ( #3256, #3194, #4050 ) ) REPRESENTATION_CONTEXT ( 'NONE', 'WORKASPACE' ) );
#547 = ORIENTED_EDGE ( 'NONE', *, *, #5784, .F. ) ;
#548 = VERTEX_POINT ( 'NONE', #5384 ) ;
#549 = VECTOR ( 'NONE', #2714, 1000.000000000000000 ) ;
#550 = VECTOR ( 'NONE', #5759, 1000.000000000000000 ) ;
#551 = LINE ( 'NONE', #4156, #5361 ) ;
#552 = DIRECTION ( 'NONE',  ( -0.000000000000000000, -0.000000000000000000, -1.000000000000000000 ) ) ;
#553 = FACE_OUTER_BOUND ( 'NONE', #3473, .T. ) ;
#554 = VECTOR ( 'NONE', #5575, 1000.000000000000000 ) ;
#555 = VECTOR ( 'NONE', #15, 1000.000000000000000 ) ;
#556 = EDGE_LOOP ( 'NONE', ( #3300, #2669, #5367, #4880, #2309, #2038 ) ) ;
#557 = VERTEX_POINT ( 'NONE', #2627 ) ;
#558 = LINE ( 'NONE', #2438, #1219 ) ;
#559 = CARTESIAN_POINT ( 'NONE',  ( -49.99999999999965894, 215.0665089980102209, 42.00000000000000000 ) ) ;
#560 = EDGE_LOOP ( 'NONE', ( #3034, #3854, #261, #1411 ) ) ;
#561 = LINE ( 'NONE', #1397, #1802 ) ;
#562 = VECTOR ( 'NONE', #3929, 1000.000000000000000 ) ;
#563 = DIRECTION ( 'NONE',  ( 0.000000000000000000, 0.000000000000000000, 1.000000000000000000 ) ) ;
#564 = AXIS2_PLACEMENT_3D ( 'NONE', #2653, #2236, #2213 ) ;
#565 = DIRECTION ( 'NONE',  ( -0.000000000000000000, -0.000000000000000000, -1.000000000000000000 ) ) ;
#566 = EDGE_CURVE ( 'NONE', #5796, #5104, #3580, .T. ) ;
#567 = CARTESIAN_POINT ( 'NONE',  ( -184.9999999999995453, 304.9334910019900349, 42.00000000000000000 ) ) ;
#568 = SURFACE_STYLE_FILL_AREA ( #1348 ) ;
#569 = DIRECTION ( 'NONE',  ( -0.000000000000000000, -0.000000000000000000, -1.000000000000000000 ) ) ;
#570 = EDGE_LOOP ( 'NONE', ( #5646, #5543, #1426, #875 ) ) ;
#571 = DIRECTION ( 'NONE',  ( 1.000000000000000000, -1.850371707708599493E-15, 0.000000000000000000 ) ) ;
#572 = DIRECTION ( 'NONE',  ( -0.000000000000000000, 0.000000000000000000, -1.000000000000000000 ) ) ;
#573 = ADVANCED_FACE ( 'NONE', ( #4477 ), #5746, .T. ) ;
#574 = AXIS2_PLACEMENT_3D ( 'NONE', #1850, #3665, #5072 ) ;
#575 = ORIENTED_EDGE ( 'NONE', *, *, #962, .T. ) ;
#576 = ORIENTED_EDGE ( 'NONE', *, *, #1812, .F. ) ;
#577 = LINE ( 'NONE', #3766, #1417 ) ;
#578 = CARTESIAN_POINT ( 'NONE',  ( -210.0000000000006537, 210.0665089980103346, 42.00000000000000000 ) ) ;
#579 = PLANE ( 'NONE',  #1608 ) ;
#580 = EDGE_CURVE ( 'NONE', #3179, #4711, #5294, .T. ) ;
#581 = EDGE_CURVE ( 'NONE', #2280, #4376, #2191, .T. ) ;
#582 = EDGE_LOOP ( 'NONE', ( #1518, #5697, #5747, #4302 ) ) ;
#583 = VECTOR ( 'NONE', #2180, 1000.000000000000000 ) ;
#584 = ORIENTED_EDGE ( 'NONE', *, *, #1530, .F. ) ;
#585 = DIRECTION ( 'NONE',  ( 1.110223024625155752E-14, 1.000000000000000000, -0.000000000000000000 ) ) ;
#586 = DIRECTION ( 'NONE',  ( 0.000000000000000000, -0.000000000000000000, -1.000000000000000000 ) ) ;
#587 = CARTESIAN_POINT ( 'NONE',  ( -189.9999999999994884, 309.9334910019899780, 2.000000000000000000 ) ) ;
#588 = VECTOR ( 'NONE', #4703, 1000.000000000000000 ) ;
#589 = ORIENTED_EDGE ( 'NONE', *, *, #2422, .T. ) ;
#590 = EDGE_LOOP ( 'NONE', ( #641, #4817, #3249, #5628, #1762, #5811 ) ) ;
#591 = DIRECTION ( 'NONE',  ( 0.000000000000000000, -1.000000000000000000, 0.000000000000000000 ) ) ;
#592 = CARTESIAN_POINT ( 'NONE',  ( -169.9999999999996021, 215.0665089980102493, 42.00000000000000000 ) ) ;
#593 = VECTOR ( 'NONE', #3615, 1000.000000000000000 ) ;
#594 = ORIENTED_EDGE ( 'NONE', *, *, #4100, .F. ) ;
#595 = CARTESIAN_POINT ( 'NONE',  ( -184.9999999999994884, 430.0000000000000568, 42.00000000000000000 ) ) ;
#596 = CARTESIAN_POINT ( 'NONE',  ( -355.0000000000006821, 354.9334910019898643, 42.00000000000000000 ) ) ;
#597 = CARTESIAN_POINT ( 'NONE',  ( 378.2842712474619589, -10.00000000000000000, 10.00000000000000000 ) ) ;
#598 = EDGE_CURVE ( 'NONE', #77, #2502, #5354, .T. ) ;
#599 = CARTESIAN_POINT ( 'NONE',  ( -64.99999999999961631, 339.9334910019898643, 2.000000000000000000 ) ) ;
#600 = ORIENTED_EDGE ( 'NONE', *, *, #1001, .T. ) ;
#601 = DIRECTION ( 'NONE',  ( -1.000000000000000000, 1.110223024625155594E-14, 0.000000000000000000 ) ) ;
#602 = PLANE ( 'NONE',  #5063 ) ;
#603 = VERTEX_POINT ( 'NONE', #1316 ) ;
#604 = CARTESIAN_POINT ( 'NONE',  ( -169.9999999999996021, 85.00000000000004263, 42.00000000000000000 ) ) ;
#605 = EDGE_CURVE ( 'NONE', #3797, #2615, #391, .T. ) ;
#606 = ORIENTED_EDGE ( 'NONE', *, *, #5065, .T. ) ;
#607 = CARTESIAN_POINT ( 'NONE',  ( -210.0000000000005684, 165.0665089980103915, 42.00000000000000000 ) ) ;
#608 = CARTESIAN_POINT ( 'NONE',  ( -335.0000000000005684, 434.9999999999999432, 42.00000000000000000 ) ) ;
#609 = EDGE_LOOP ( 'NONE', ( #814, #3949, #2928, #5390 ) ) ;
#610 = EDGE_CURVE ( 'NONE', #4155, #4089, #5835, .T. ) ;
#611 = EDGE_LOOP ( 'NONE', ( #815, #1941, #2201, #1355, #2836, #4708 ) ) ;
#612 = LINE ( 'NONE', #167, #487 ) ;
#613 = CARTESIAN_POINT ( 'NONE',  ( -355.0000000000006821, 354.9334910019898643, 42.00000000000000000 ) ) ;
#614 = CARTESIAN_POINT ( 'NONE',  ( -215.0000000000007958, 339.9334910019898075, 2.000000000000000000 ) ) ;
#615 = ORIENTED_EDGE ( 'NONE', *, *, #1190, .F. ) ;
#616 = ADVANCED_FACE ( 'NONE', ( #4900 ), #3939, .F. ) ;
#617 = EDGE_LOOP ( 'NONE', ( #3999, #2129, #2043, #542 ) ) ;
#618 = LINE ( 'NONE', #3301, #174 ) ;
#619 = CARTESIAN_POINT ( 'NONE',  ( -335.0000000000007390, 334.9334910019898643, 42.00000000000000000 ) ) ;
#620 = VERTEX_POINT ( 'NONE', #2690 ) ;
#621 = DIRECTION ( 'NONE',  ( 0.000000000000000000, -0.000000000000000000, -1.000000000000000000 ) ) ;
#622 = DIRECTION ( 'NONE',  ( -0.000000000000000000, -0.000000000000000000, -1.000000000000000000 ) ) ;
#623 = DIRECTION ( 'NONE',  ( -0.000000000000000000, -0.000000000000000000, -1.000000000000000000 ) ) ;
#624 = EDGE_LOOP ( 'NONE', ( #5205, #384, #3841, #4485, #193, #5428 ) ) ;
#625 = FACE_OUTER_BOUND ( 'NONE', #1449, .T. ) ;
#626 = DIRECTION ( 'NONE',  ( -0.000000000000000000, -0.000000000000000000, -1.000000000000000000 ) ) ;
#627 = ORIENTED_EDGE ( 'NONE', *, *, #1706, .T. ) ;
#628 = DIRECTION ( 'NONE',  ( 0.000000000000000000, -0.000000000000000000, 1.000000000000000000 ) ) ;
#629 = ORIENTED_EDGE ( 'NONE', *, *, #4403, .F. ) ;
#630 = PLANE ( 'NONE',  #3891 ) ;
#631 = DIRECTION ( 'NONE',  ( 0.000000000000000000, -0.000000000000000000, 1.000000000000000000 ) ) ;
#632 = ADVANCED_FACE ( 'NONE', ( #5322 ), #3529, .T. ) ;
#633 = VECTOR ( 'NONE', #2044, 1000.000000000000000 ) ;
#634 = ORIENTED_EDGE ( 'NONE', *, *, #2643, .T. ) ;
#635 = VERTEX_POINT ( 'NONE', #810 ) ;
#636 = LINE ( 'NONE', #4729, #4879 ) ;
#637 = CARTESIAN_POINT ( 'NONE',  ( -355.0000000000005684, 434.9999999999999432, 2.000000000000000000 ) ) ;
#638 = PRESENTATION_LAYER_ASSIGNMENT (  '', '', ( #1597 ) ) ;
#639 = CARTESIAN_POINT ( 'NONE',  ( -189.9999999999995453, 105.0000000000000426, 42.00000000000000000 ) ) ;
#640 = VECTOR ( 'NONE', #3684, 1000.000000000000000 ) ;
#641 = ORIENTED_EDGE ( 'NONE', *, *, #2042, .F. ) ;
#642 = VECTOR ( 'NONE', #1835, 1000.000000000000000 ) ;
#643 = ORIENTED_EDGE ( 'NONE', *, *, #1037, .T. ) ;
#644 = LINE ( 'NONE', #1098, #932 ) ;
#645 = DIRECTION ( 'NONE',  ( 0.000000000000000000, 0.000000000000000000, 1.000000000000000000 ) ) ;
#646 = ORIENTED_EDGE ( 'NONE', *, *, #5463, .F. ) ;
#647 = CARTESIAN_POINT ( 'NONE',  ( -350.0000000000006821, 289.9334910019899780, 42.00000000000000000 ) ) ;
#648 = CONTEXT_DEPENDENT_SHAPE_REPRESENTATION ( #5407, #2729 ) ;
#649 = CARTESIAN_POINT ( 'NONE',  ( -184.9999999999995453, 180.0665089980104199, 2.000000000000000000 ) ) ;
#650 = VECTOR ( 'NONE', #717, 1000.000000000000000 ) ;
#651 = VECTOR ( 'NONE', #4177, 1000.000000000000000 ) ;
#652 = ADVANCED_FACE ( 'NONE', ( #4504 ), #1287, .T. ) ;
#653 = EDGE_CURVE ( 'NONE', #1904, #5304, #1675, .T. ) ;
#654 = VECTOR ( 'NONE', #4433, 1000.000000000000000 ) ;
#655 = CARTESIAN_POINT ( 'NONE',  ( -210.0000000000005684, 289.9334910019900349, 42.00000000000000000 ) ) ;
#656 = VECTOR ( 'NONE', #2118, 1000.000000000000000 ) ;
#657 = DIRECTION ( 'NONE',  ( -0.000000000000000000, -0.000000000000000000, -1.000000000000000000 ) ) ;
#658 = EDGE_LOOP ( 'NONE', ( #4246, #984, #2162, #4762, #4298, #3626, #2554, #393, #3068, #2544, #3650, #2819, #2641, #783, #4226, #282, #4317, #4341, #4103, #4483, #4524, #594, #4761, #1746, #3856, #2660, #4239, #3701, #4538, #4645, #1410, #1979, #4160, #4119, #5007, #2537, #165, #189, #2067, #846, #1159, #1494, #2869, #2419, #368, #4806, #1160, #320, #3981, #4574, #5609, #812, #4222, #3804, #4377, #4886, #5410, #4279, #3246, #2697, #5675, #3445, #499, #1476, #1264, #2883, #1784, #5340 ) ) ;
#659 = LINE ( 'NONE', #4747, #3137 ) ;
#660 = CARTESIAN_POINT ( 'NONE',  ( -49.99999999999965894, 165.0665089980103346, 42.00000000000000000 ) ) ;
#661 = SHAPE_REPRESENTATION ( 'Shaker_2DSketch', ( #4192 ), #2484 ) ;
#662 = VERTEX_POINT ( 'NONE', #4839 ) ;
#663 = FACE_OUTER_BOUND ( 'NONE', #2296, .T. ) ;
#664 = ORIENTED_EDGE ( 'NONE', *, *, #711, .F. ) ;
#665 = PLANE ( 'NONE',  #2462 ) ;
#666 = CARTESIAN_POINT ( 'NONE',  ( -335.0000000000006253, 434.9999999999999432, 2.000000000000000000 ) ) ;
#667 = ORIENTED_EDGE ( 'NONE', *, *, #2619, .T. ) ;
#668 = VERTEX_POINT ( 'NONE', #3557 ) ;
#669 = EDGE_CURVE ( 'NONE', #5150, #1614, #3053, .T. ) ;
#670 = DIRECTION ( 'NONE',  ( 0.000000000000000000, -0.000000000000000000, 1.000000000000000000 ) ) ;
#671 = AXIS2_PLACEMENT_3D ( 'NONE', #3467, #5291, #5439 ) ;
#672 = CARTESIAN_POINT ( 'NONE',  ( -44.99999999999965183, 105.0000000000000426, 42.00000000000000000 ) ) ;
#673 = DIRECTION ( 'NONE',  ( -0.000000000000000000, -0.000000000000000000, 1.000000000000000000 ) ) ;
#674 = AXIS2_PLACEMENT_3D ( 'NONE', #2860, #3303, #472 ) ;
#675 = ORIENTED_EDGE ( 'NONE', *, *, #4911, .T. ) ;
#676 = ORIENTED_EDGE ( 'NONE', *, *, #1814, .F. ) ;
#677 = CARTESIAN_POINT ( 'NONE',  ( 410.0000000000001137, 9.999999999999998224, 19.99999999999999645 ) ) ;
#678 = EDGE_CURVE ( 'NONE', #5723, #2977, #3107, .T. ) ;
#679 = CARTESIAN_POINT ( 'NONE',  ( -44.99999999999959499, 309.9334910019899780, 42.00000000000000000 ) ) ;
#680 = VERTEX_POINT ( 'NONE', #4391 ) ;
#681 = CARTESIAN_POINT ( 'NONE',  ( 0.000000000000000000, 0.000000000000000000, -2.000000000000000000 ) ) ;
#682 = CONTEXT_DEPENDENT_SHAPE_REPRESENTATION ( #4251, #4873 ) ;
#683 = LINE ( 'NONE', #2504, #1514 ) ;
#684 = AXIS2_PLACEMENT_3D ( 'NONE', #2377, #2732, #1934 ) ;
#685 = AXIS2_PLACEMENT_3D ( 'NONE', #2037, #4745, #2479 ) ;
#686 = CARTESIAN_POINT ( 'NONE',  ( -169.9999999999996021, 304.9334910019899780, 42.00000000000000000 ) ) ;
#687 = ADVANCED_FACE ( 'NONE', ( #1261 ), #925, .T. ) ;
#688 = DIRECTION ( 'NONE',  ( 1.000000000000000000, 1.110223024625155594E-14, 0.000000000000000000 ) ) ;
#689 = ADVANCED_FACE ( 'NONE', ( #37 ), #957, .F. ) ;
#690 = ORIENTED_EDGE ( 'NONE', *, *, #4596, .F. ) ;
#691 = DIRECTION ( 'NONE',  ( 1.000000000000000000, 1.110223024625155752E-14, 0.000000000000000000 ) ) ;
#692 = CARTESIAN_POINT ( 'NONE',  ( -355.0000000000006253, 309.9334910019899212, 42.00000000000000000 ) ) ;
#693 = LINE ( 'NONE', #5542, #4940 ) ;
#694 = ORIENTED_EDGE ( 'NONE', *, *, #1197, .T. ) ;
#695 = CARTESIAN_POINT ( 'NONE',  ( -230.0000000000005969, 435.0000000000000568, 2.000000000000000000 ) ) ;
#696 = ORIENTED_EDGE ( 'NONE', *, *, #495, .F. ) ;
#697 = CARTESIAN_POINT ( 'NONE',  ( -210.0000000000006537, 334.9334910019899212, 42.00000000000000000 ) ) ;
#698 = EDGE_LOOP ( 'NONE', ( #950, #1396, #1141, #3681 ) ) ;
#699 = VERTEX_POINT ( 'NONE', #1855 ) ;
#700 = CARTESIAN_POINT ( 'NONE',  ( 340.0000000000000568, -10.00000000000000000, 10.00000000000000000 ) ) ;
#701 = FACE_OUTER_BOUND ( 'NONE', #2485, .T. ) ;
#702 = FACE_BOUND ( 'NONE', #714, .T. ) ;
#703 = ADVANCED_FACE ( 'NONE', ( #4529 ), #5473, .F. ) ;
#704 = VERTEX_POINT ( 'NONE', #446 ) ;
#705 = ORIENTED_EDGE ( 'NONE', *, *, #354, .F. ) ;
#706 = PLANE ( 'NONE',  #5514 ) ;
#707 = CARTESIAN_POINT ( 'NONE',  ( -49.99999999999965894, 180.0665089980104199, 2.000000000000000000 ) ) ;
#708 = CARTESIAN_POINT ( 'NONE',  ( -350.0000000000004547, 339.9334910019898075, 2.000000000000000000 ) ) ;
#709 = APPLICATION_PROTOCOL_DEFINITION ( 'draft international standard', 'automotive_design', 1998, #5716 ) ;
#710 = FACE_OUTER_BOUND ( 'NONE', #2609, .T. ) ;
#711 = EDGE_CURVE ( 'NONE', #4020, #3378, #4598, .T. ) ;
#712 = CARTESIAN_POINT ( 'NONE',  ( -10.00000000000000000, 8.000000000000000000, 8.000000000000001776 ) ) ;
#713 = CARTESIAN_POINT ( 'NONE',  ( -355.0000000000005116, 415.0000000000000000, 42.00000000000000000 ) ) ;
#714 = EDGE_LOOP ( 'NONE', ( #2809, #1246, #3480, #2332 ) ) ;
#715 = DIRECTION ( 'NONE',  ( 0.000000000000000000, 1.000000000000000000, 0.000000000000000000 ) ) ;
#716 = CARTESIAN_POINT ( 'NONE',  ( -184.9999999999995453, 339.9334910019898075, 2.000000000000000000 ) ) ;
#717 = DIRECTION ( 'NONE',  ( 0.000000000000000000, 1.000000000000000000, 0.000000000000000000 ) ) ;
#718 = ADVANCED_FACE ( 'NONE', ( #5013 ), #1435, .T. ) ;
#719 = VERTEX_POINT ( 'NONE', #3731 ) ;
#720 = DIRECTION ( 'NONE',  ( -0.000000000000000000, -0.000000000000000000, -1.000000000000000000 ) ) ;
#721 = ORIENTED_EDGE ( 'NONE', *, *, #5010, .T. ) ;
#722 = DIRECTION ( 'NONE',  ( 1.850371707708627103E-15, -1.000000000000000000, 0.000000000000000000 ) ) ;
#723 = ADVANCED_FACE ( 'NONE', ( #1402 ), #5559, .T. ) ;
#724 = ORIENTED_EDGE ( 'NONE', *, *, #3811, .F. ) ;
#725 = VECTOR ( 'NONE', #3147, 1000.000000000000000 ) ;
#726 = ORIENTED_EDGE ( 'NONE', *, *, #4530, .F. ) ;
#727 = DIRECTION ( 'NONE',  ( 1.000000000000000000, -1.110223024625155594E-14, 0.000000000000000000 ) ) ;
#728 = CARTESIAN_POINT ( 'NONE',  ( -189.9999999999995453, 165.0665089980103915, 42.00000000000000000 ) ) ;
#729 = LINE ( 'NONE', #764, #4079 ) ;
#730 = VECTOR ( 'NONE', #1880, 1000.000000000000000 ) ;
#731 = ORIENTED_EDGE ( 'NONE', *, *, #4783, .F. ) ;
#732 = ORIENTED_EDGE ( 'NONE', *, *, #3169, .F. ) ;
#733 = DIRECTION ( 'NONE',  ( 0.000000000000000000, 0.000000000000000000, 1.000000000000000000 ) ) ;
#734 = AXIS2_PLACEMENT_3D ( 'NONE', #3966, #1200, #5804 ) ;
#735 = DIRECTION ( 'NONE',  ( 0.000000000000000000, 1.000000000000000000, 0.000000000000000000 ) ) ;
#736 = LINE ( 'NONE', #2557, #5029 ) ;
#737 = PRODUCT_CONTEXT ( 'NONE', #3648, 'mechanical' ) ;
#738 = LINE ( 'NONE', #5398, #1610 ) ;
#739 = AXIS2_PLACEMENT_3D ( 'NONE', #4705, #1512, #4224 ) ;
#740 = VECTOR ( 'NONE', #3214, 1000.000000000000000 ) ;
#741 = DIRECTION ( 'NONE',  ( -1.000000000000000000, -0.000000000000000000, -0.000000000000000000 ) ) ;
#742 = DIRECTION ( 'NONE',  ( -0.000000000000000000, -0.000000000000000000, -1.000000000000000000 ) ) ;
#743 = ORIENTED_EDGE ( 'NONE', *, *, #519, .F. ) ;
#744 = CARTESIAN_POINT ( 'NONE',  ( -215.0000000000007958, 180.0665089980104199, 2.000000000000000000 ) ) ;
#745 = VECTOR ( 'NONE', #2128, 1000.000000000000000 ) ;
#746 = LINE ( 'NONE', #2599, #1723 ) ;
#747 = VECTOR ( 'NONE', #3055, 1000.000000000000000 ) ;
#748 = EDGE_CURVE ( 'NONE', #3663, #2584, #2807, .T. ) ;
#749 = CARTESIAN_POINT ( 'NONE',  ( -184.9999999999995453, 215.0665089980102209, 42.00000000000000000 ) ) ;
#750 = VECTOR ( 'NONE', #2409, 1000.000000000000000 ) ;
#751 = VECTOR ( 'NONE', #2981, 1000.000000000000000 ) ;
#752 = ORIENTED_EDGE ( 'NONE', *, *, #1184, .T. ) ;
#753 = CARTESIAN_POINT ( 'NONE',  ( -350.0000000000004547, 339.9334910019898075, 42.00000000000000000 ) ) ;
#754 = ORIENTED_EDGE ( 'NONE', *, *, #3389, .F. ) ;
#755 = DIRECTION ( 'NONE',  ( 1.000000000000000000, 0.000000000000000000, -0.000000000000000000 ) ) ;
#756 = EDGE_CURVE ( 'NONE', #5856, #22, #4654, .T. ) ;
#757 = AXIS2_PLACEMENT_3D ( 'NONE', #5556, #3189, #954 ) ;
#758 = ORIENTED_EDGE ( 'NONE', *, *, #4427, .T. ) ;
#759 = ORIENTED_EDGE ( 'NONE', *, *, #5365, .F. ) ;
#760 = EDGE_CURVE ( 'NONE', #4522, #1573, #5046, .T. ) ;
#761 = LINE ( 'NONE', #2546, #118 ) ;
#762 = EDGE_CURVE ( 'NONE', #5127, #4449, #2834, .T. ) ;
#763 = DIRECTION ( 'NONE',  ( 2.775557561562892929E-15, -1.000000000000000000, 0.000000000000000000 ) ) ;
#764 = CARTESIAN_POINT ( 'NONE',  ( -355.0000000000006253, 309.9334910019899212, 42.00000000000000000 ) ) ;
#765 = VERTEX_POINT ( 'NONE', #3614 ) ;
#766 = VECTOR ( 'NONE', #2447, 1000.000000000000000 ) ;
#767 = VERTEX_POINT ( 'NONE', #4142 ) ;
#768 = CARTESIAN_POINT ( 'NONE',  ( -49.99999999999965894, 339.9334910019898075, 42.00000000000000000 ) ) ;
#769 = CARTESIAN_POINT ( 'NONE',  ( -210.0000000000005400, 434.9999999999999432, 2.000000000000000000 ) ) ;
#770 = DIRECTION ( 'NONE',  ( 1.000000000000000000, 0.000000000000000000, -0.000000000000000000 ) ) ;
#771 = CARTESIAN_POINT ( 'NONE',  ( -169.9999999999996021, 334.9334910019898643, 42.00000000000000000 ) ) ;
#772 = PRODUCT ( 'Shaker_2DSketch', 'Shaker_2DSketch', '', ( #3817 ) ) ;
#773 = DIRECTION ( 'NONE',  ( 2.775557561562900423E-15, 1.000000000000000000, 0.000000000000000000 ) ) ;
#774 = CARTESIAN_POINT ( 'NONE',  ( -350.0000000000004547, 339.9334910019898075, 2.000000000000000000 ) ) ;
#775 = VECTOR ( 'NONE', #3153, 1000.000000000000000 ) ;
#776 = ORIENTED_EDGE ( 'NONE', *, *, #5098, .T. ) ;
#777 = CARTESIAN_POINT ( 'NONE',  ( -189.9999999999995737, 85.00000000000005684, -2.000000000000000000 ) ) ;
#778 = MANIFOLD_SOLID_BREP ( 'Boss-Extrude1', #4632 ) ;
#779 = DIRECTION ( 'NONE',  ( -0.000000000000000000, -0.000000000000000000, -1.000000000000000000 ) ) ;
#780 = PLANE ( 'NONE',  #3698 ) ;
#781 = VECTOR ( 'NONE', #975, 1000.000000000000000 ) ;
#782 = EDGE_CURVE ( 'NONE', #5863, #863, #2716, .T. ) ;
#783 = ORIENTED_EDGE ( 'NONE', *, *, #2331, .T. ) ;
#784 = CARTESIAN_POINT ( 'NONE',  ( -189.9999999999994884, 309.9334910019899780, 42.00000000000000000 ) ) ;
#785 = ORIENTED_EDGE ( 'NONE', *, *, #5204, .T. ) ;
#786 = DIRECTION ( 'NONE',  ( -0.000000000000000000, -0.000000000000000000, -1.000000000000000000 ) ) ;
#787 = VECTOR ( 'NONE', #5806, 1000.000000000000000 ) ;
#788 = EDGE_CURVE ( 'NONE', #2142, #699, #63, .T. ) ;
#789 = ORIENTED_EDGE ( 'NONE', *, *, #3334, .T. ) ;
#790 = ORIENTED_EDGE ( 'NONE', *, *, #2363, .F. ) ;
#791 = DIRECTION ( 'NONE',  ( 1.000000000000000000, 0.000000000000000000, 0.000000000000000000 ) ) ;
#792 = ORIENTED_EDGE ( 'NONE', *, *, #3645, .F. ) ;
#793 = DIRECTION ( 'NONE',  ( 0.000000000000000000, 0.000000000000000000, -1.000000000000000000 ) ) ;
#794 = DIRECTION ( 'NONE',  ( 0.000000000000000000, 1.000000000000000000, 0.000000000000000000 ) ) ;
#795 = APPLICATION_CONTEXT ( 'automotive_design' ) ;
#796 = EDGE_CURVE ( 'NONE', #4711, #334, #3345, .T. ) ;
#797 = EDGE_CURVE ( 'NONE', #5717, #5086, #1974, .T. ) ;
#798 = ORIENTED_EDGE ( 'NONE', *, *, #4214, .T. ) ;
#799 = ORIENTED_EDGE ( 'NONE', *, *, #3489, .F. ) ;
#800 = LINE ( 'NONE', #5429, #5833 ) ;
#801 = FACE_OUTER_BOUND ( 'NONE', #3842, .T. ) ;
#802 = CARTESIAN_POINT ( 'NONE',  ( 0.000000000000000000, 10.00000000000000000, -10.00000000000000000 ) ) ;
#803 = EDGE_CURVE ( 'NONE', #5723, #2440, #1611, .T. ) ;
#804 = LINE ( 'NONE', #3903, #836 ) ;
#805 = DIRECTION ( 'NONE',  ( 1.000000000000000000, -1.110223024625155594E-14, 0.000000000000000000 ) ) ;
#806 = ORIENTED_EDGE ( 'NONE', *, *, #5839, .T. ) ;
#807 = CARTESIAN_POINT ( 'NONE',  ( -10.00000000000000000, 9.999999999999998224, -19.99999999999999645 ) ) ;
#808 = DIRECTION ( 'NONE',  ( 1.000000000000000000, 0.000000000000000000, -0.000000000000000000 ) ) ;
#809 = ORIENTED_EDGE ( 'NONE', *, *, #2407, .F. ) ;
#810 = CARTESIAN_POINT ( 'NONE',  ( 0.000000000000000000, -10.00000000000000000, 10.00000000000000000 ) ) ;
#811 = CARTESIAN_POINT ( 'NONE',  ( 340.0000000000000568, -10.00000000000000000, -10.00000000000000000 ) ) ;
#812 = ORIENTED_EDGE ( 'NONE', *, *, #106, .F. ) ;
#813 = DIRECTION ( 'NONE',  ( 1.000000000000000000, 0.000000000000000000, 0.000000000000000000 ) ) ;
#814 = ORIENTED_EDGE ( 'NONE', *, *, #1297, .T. ) ;
#815 = ORIENTED_EDGE ( 'NONE', *, *, #2865, .F. ) ;
#816 = CARTESIAN_POINT ( 'NONE',  ( -44.99999999999959499, 185.0665089980103915, 2.000000000000000000 ) ) ;
#817 = ORIENTED_EDGE ( 'NONE', *, *, #3454, .F. ) ;
#818 = CARTESIAN_POINT ( 'NONE',  ( 0.000000000000000000, 0.000000000000000000, 42.00000000000000000 ) ) ;
#819 = EDGE_CURVE ( 'NONE', #5729, #5298, #3309, .T. ) ;
#820 = CARTESIAN_POINT ( 'NONE',  ( -215.0000000000005684, 90.00000000000002842, 2.000000000000000000 ) ) ;
#821 = EDGE_LOOP ( 'NONE', ( #1078, #3654, #3567, #1145, #664, #792 ) ) ;
#822 = EDGE_LOOP ( 'NONE', ( #1682, #57, #1539, #4869 ) ) ;
#823 = CARTESIAN_POINT ( 'NONE',  ( -49.99999999999965894, 180.0665089980104199, 2.000000000000000000 ) ) ;
#824 = LINE ( 'NONE', #2087, #656 ) ;
#825 = VECTOR ( 'NONE', #516, 1000.000000000000000 ) ;
#826 = DIRECTION ( 'NONE',  ( 0.000000000000000000, -1.000000000000000000, 0.000000000000000000 ) ) ;
#827 = VECTOR ( 'NONE', #989, 1000.000000000000000 ) ;
#828 = PLANE ( 'NONE',  #2361 ) ;
#829 = SURFACE_STYLE_FILL_AREA ( #5827 ) ;
#830 = ORIENTED_EDGE ( 'NONE', *, *, #5257, .T. ) ;
#831 = CARTESIAN_POINT ( 'NONE',  ( -184.9999999999995453, 304.9334910019900349, 42.00000000000000000 ) ) ;
#832 = CARTESIAN_POINT ( 'NONE',  ( -10.00000000000000000, -10.00000000000000178, -19.99999999999999645 ) ) ;
#833 = ADVANCED_FACE ( 'NONE', ( #3434 ), #2894, .F. ) ;
#834 = DIRECTION ( 'NONE',  ( 0.000000000000000000, -1.000000000000000000, 0.000000000000000000 ) ) ;
#835 = EDGE_CURVE ( 'NONE', #5779, #3150, #5167, .T. ) ;
#836 = VECTOR ( 'NONE', #773, 1000.000000000000000 ) ;
#837 = VECTOR ( 'NONE', #5822, 1000.000000000000000 ) ;
#838 = VERTEX_POINT ( 'NONE', #4776 ) ;
#839 = CARTESIAN_POINT ( 'NONE',  ( -335.0000000000005116, 85.00000000000004263, 42.00000000000000000 ) ) ;
#840 = AXIS2_PLACEMENT_3D ( 'NONE', #3688, #5067, #5553 ) ;
#841 = LINE ( 'NONE', #3967, #787 ) ;
#842 = ORIENTED_EDGE ( 'NONE', *, *, #1092, .T. ) ;
#843 = DIRECTION ( 'NONE',  ( 1.000000000000000000, 1.110223024625155594E-14, 0.000000000000000000 ) ) ;
#844 = VECTOR ( 'NONE', #1164, 1000.000000000000000 ) ;
#845 = VECTOR ( 'NONE', #2786, 1000.000000000000000 ) ;
#846 = ORIENTED_EDGE ( 'NONE', *, *, #581, .F. ) ;
#847 = ORIENTED_EDGE ( 'NONE', *, *, #3853, .T. ) ;
#848 = VECTOR ( 'NONE', #4130, 1000.000000000000000 ) ;
#849 = VECTOR ( 'NONE', #4290, 1000.000000000000000 ) ;
#850 = DIRECTION ( 'NONE',  ( 1.000000000000000000, -1.480297366166868866E-14, 0.000000000000000000 ) ) ;
#851 = ORIENTED_EDGE ( 'NONE', *, *, #1582, .T. ) ;
#852 = CARTESIAN_POINT ( 'NONE',  ( -335.0000000000007390, 304.9334910019899780, 2.000000000000000000 ) ) ;
#853 = ORIENTED_EDGE ( 'NONE', *, *, #5457, .F. ) ;
#854 = EDGE_CURVE ( 'NONE', #5304, #635, #5679, .T. ) ;
#855 = VERTEX_POINT ( 'NONE', #2984 ) ;
#856 = CARTESIAN_POINT ( 'NONE',  ( -189.9999999999994884, 334.9334910019899212, 42.00000000000000000 ) ) ;
#857 = PLANE ( 'NONE',  #4067 ) ;
#858 = DIRECTION ( 'NONE',  ( 0.000000000000000000, 1.000000000000000000, 0.000000000000000000 ) ) ;
#859 = ORIENTED_EDGE ( 'NONE', *, *, #5650, .T. ) ;
#860 = EDGE_CURVE ( 'NONE', #4889, #3579, #2417, .T. ) ;
#861 = DIRECTION ( 'NONE',  ( -0.000000000000000000, -0.000000000000000000, -1.000000000000000000 ) ) ;
#862 = SURFACE_SIDE_STYLE ('',( #829 ) ) ;
#863 = VERTEX_POINT ( 'NONE', #154 ) ;
#864 = CARTESIAN_POINT ( 'NONE',  ( -184.9999999999994884, 430.0000000000000568, 42.00000000000000000 ) ) ;
#865 = CARTESIAN_POINT ( 'NONE',  ( -49.99999999999965894, 90.00000000000002842, 2.000000000000000000 ) ) ;
#866 = EDGE_CURVE ( 'NONE', #520, #2106, #1492, .T. ) ;
#867 = ADVANCED_FACE ( 'NONE', ( #5652 ), #4233, .F. ) ;
#868 = STYLED_ITEM ( 'NONE', ( #411 ), #4693 ) ;
#869 = VERTEX_POINT ( 'NONE', #686 ) ;
#870 = DIRECTION ( 'NONE',  ( 1.000000000000000000, 0.000000000000000000, 0.000000000000000000 ) ) ;
#871 = LINE ( 'NONE', #2751, #3166 ) ;
#872 = ORIENTED_EDGE ( 'NONE', *, *, #205, .F. ) ;
#873 = CARTESIAN_POINT ( 'NONE',  ( -44.99999999999965183, 354.9334910019898643, 42.00000000000000000 ) ) ;
#874 = VECTOR ( 'NONE', #1180, 1000.000000000000000 ) ;
#875 = ORIENTED_EDGE ( 'NONE', *, *, #2035, .T. ) ;
#876 = MECHANICAL_DESIGN_GEOMETRIC_PRESENTATION_REPRESENTATION (  '', ( #1258 ), #2026 ) ;
#877 = ORIENTED_EDGE ( 'NONE', *, *, #803, .T. ) ;
#878 = DIRECTION ( 'NONE',  ( -1.000000000000000000, -1.110223024625155594E-14, 0.000000000000000000 ) ) ;
#879 = DIRECTION ( 'NONE',  ( -0.000000000000000000, -0.000000000000000000, -1.000000000000000000 ) ) ;
#880 = DIRECTION ( 'NONE',  ( -0.000000000000000000, -0.000000000000000000, -1.000000000000000000 ) ) ;
#881 = DIRECTION ( 'NONE',  ( -1.000000000000000000, 1.110223024625155752E-14, 0.000000000000000000 ) ) ;
#882 = MANIFOLD_SOLID_BREP ( 'Boss-Extrude3[2]', #5214 ) ;
#883 = VERTEX_POINT ( 'NONE', #5587 ) ;
#884 = ORIENTED_EDGE ( 'NONE', *, *, #835, .T. ) ;
#885 = CARTESIAN_POINT ( 'NONE',  ( -210.0000000000005969, 435.0000000000000000, 42.00000000000000000 ) ) ;
#886 = CARTESIAN_POINT ( 'NONE',  ( -189.9999999999994884, 334.9334910019899212, 2.000000000000000000 ) ) ;
#887 = CARTESIAN_POINT ( 'NONE',  ( -44.99999999999959499, 415.0000000000000000, 2.000000000000000000 ) ) ;
#888 = ADVANCED_FACE ( 'NONE', ( #3376 ), #4744, .T. ) ;
#889 = ORIENTED_EDGE ( 'NONE', *, *, #2112, .F. ) ;
#890 = CARTESIAN_POINT ( 'NONE',  ( -184.9999999999995453, 90.00000000000002842, 2.000000000000000000 ) ) ;
#891 =( LENGTH_UNIT ( ) NAMED_UNIT ( * ) SI_UNIT ( .MILLI., .METRE. ) );
#892 = ORIENTED_EDGE ( 'NONE', *, *, #4704, .T. ) ;
#893 = DIRECTION ( 'NONE',  ( -1.000000000000000000, 2.775557561562908312E-15, 0.000000000000000000 ) ) ;
#894 = DIRECTION ( 'NONE',  ( 0.000000000000000000, -1.000000000000000000, 0.000000000000000000 ) ) ;
#895 = PLANE ( 'NONE',  #2371 ) ;
#896 = EDGE_CURVE ( 'NONE', #5642, #5766, #4468, .T. ) ;
#897 = ADVANCED_BREP_SHAPE_REPRESENTATION ( '', ( #4684, #4192 ), #4671 ) ;
#898 = PLANE ( 'NONE',  #1204 ) ;
#899 = DIRECTION ( 'NONE',  ( -1.000000000000000000, 0.000000000000000000, 0.000000000000000000 ) ) ;
#900 = CARTESIAN_POINT ( 'NONE',  ( 350.0000000000000568, 7.999999999999996447, 8.000000000000001776 ) ) ;
#901 = ORIENTED_EDGE ( 'NONE', *, *, #5165, .F. ) ;
#902 = CARTESIAN_POINT ( 'NONE',  ( -49.99999999999965894, 180.0665089980104199, 42.00000000000000000 ) ) ;
#903 = ADVANCED_FACE ( 'NONE', ( #4829 ), #828, .F. ) ;
#904 = VERTEX_POINT ( 'NONE', #4348 ) ;
#905 = EDGE_LOOP ( 'NONE', ( #3865, #3052, #178, #5324 ) ) ;
#906 = DIRECTION ( 'NONE',  ( -0.000000000000000000, 0.000000000000000000, -1.000000000000000000 ) ) ;
#907 = CARTESIAN_POINT ( 'NONE',  ( 0.000000000000000000, 0.000000000000000000, 42.00000000000000000 ) ) ;
#908 = LINE ( 'NONE', #1890, #4925 ) ;
#909 = CARTESIAN_POINT ( 'NONE',  ( -44.99999999999953815, 85.00000000000005684, 2.000000000000000000 ) ) ;
#910 = ADVANCED_FACE ( 'NONE', ( #3956 ), #382, .F. ) ;
#911 = EDGE_CURVE ( 'NONE', #4030, #1600, #5313, .T. ) ;
#912 = ORIENTED_EDGE ( 'NONE', *, *, #2733, .T. ) ;
#913 = ORIENTED_EDGE ( 'NONE', *, *, #4369, .T. ) ;
#914 = CARTESIAN_POINT ( 'NONE',  ( -355.0000000000006821, 230.0665089980102209, 42.00000000000000000 ) ) ;
#915 = CARTESIAN_POINT ( 'NONE',  ( -169.9999999999995453, 435.0000000000000568, 42.00000000000000000 ) ) ;
#916 = PLANE ( 'NONE',  #4465 ) ;
#917 = PRODUCT_DEFINITION_SHAPE ( 'NONE', 'NONE',  #5907 ) ;
#918 = ORIENTED_EDGE ( 'NONE', *, *, #5545, .F. ) ;
#919 = CARTESIAN_POINT ( 'NONE',  ( -184.9999999999995453, 304.9334910019900349, 42.00000000000000000 ) ) ;
#920 = DIRECTION ( 'NONE',  ( -1.850371707708599493E-15, -1.000000000000000000, 0.000000000000000000 ) ) ;
#921 = EDGE_LOOP ( 'NONE', ( #1497, #2460, #14, #431 ) ) ;
#922 = DIRECTION ( 'NONE',  ( 1.000000000000000000, 0.000000000000000000, 0.000000000000000000 ) ) ;
#923 = PLANE ( 'NONE',  #4457 ) ;
#924 = DIRECTION ( 'NONE',  ( 1.000000000000000000, 0.000000000000000000, -0.000000000000000000 ) ) ;
#925 = PLANE ( 'NONE',  #267 ) ;
#926 = EDGE_CURVE ( 'NONE', #2937, #5020, #804, .T. ) ;
#927 = DIRECTION ( 'NONE',  ( -0.000000000000000000, -0.000000000000000000, -1.000000000000000000 ) ) ;
#928 = ORIENTED_EDGE ( 'NONE', *, *, #4074, .T. ) ;
#929 = DIRECTION ( 'NONE',  ( 1.000000000000000000, 0.000000000000000000, -0.000000000000000000 ) ) ;
#930 = AXIS2_PLACEMENT_3D ( 'NONE', #335, #1740, #5773 ) ;
#931 = VECTOR ( 'NONE', #5061, 1000.000000000000000 ) ;
#932 = VECTOR ( 'NONE', #233, 1000.000000000000000 ) ;
#933 = ORIENTED_EDGE ( 'NONE', *, *, #2756, .T. ) ;
#934 = ADVANCED_FACE ( 'NONE', ( #1220 ), #4920, .F. ) ;
#935 = VERTEX_POINT ( 'NONE', #3490 ) ;
#936 = LINE ( 'NONE', #3740, #1991 ) ;
#937 = CARTESIAN_POINT ( 'NONE',  ( 340.0000000000000568, 10.00000000000000000, 10.00000000000000000 ) ) ;
#938 = CARTESIAN_POINT ( 'NONE',  ( -10.00000000000000000, -8.000000000000000000, 8.000000000000000000 ) ) ;
#939 = AXIS2_PLACEMENT_3D ( 'NONE', #1638, #2089, #4291 ) ;
#940 = VECTOR ( 'NONE', #4447, 1000.000000000000000 ) ;
#941 = VECTOR ( 'NONE', #3000, 1000.000000000000000 ) ;
#942 = ORIENTED_EDGE ( 'NONE', *, *, #3749, .T. ) ;
#943 = VECTOR ( 'NONE', #2182, 1000.000000000000000 ) ;
#944 = EDGE_CURVE ( 'NONE', #1834, #1546, #2595, .T. ) ;
#945 = EDGE_CURVE ( 'NONE', #4848, #310, #3522, .T. ) ;
#946 = ORIENTED_EDGE ( 'NONE', *, *, #2542, .F. ) ;
#947 = CARTESIAN_POINT ( 'NONE',  ( -49.99999999999965894, 180.0665089980104199, 42.00000000000000000 ) ) ;
#948 = LINE ( 'NONE', #3598, #5230 ) ;
#949 = CARTESIAN_POINT ( 'NONE',  ( -210.0000000000005684, 230.0665089980102209, 42.00000000000000000 ) ) ;
#950 = ORIENTED_EDGE ( 'NONE', *, *, #4887, .T. ) ;
#951 = CARTESIAN_POINT ( 'NONE',  ( -230.0000000000005969, 430.0000000000000568, 42.00000000000000000 ) ) ;
#952 = FACE_OUTER_BOUND ( 'NONE', #1427, .T. ) ;
#953 = ORIENTED_EDGE ( 'NONE', *, *, #1423, .T. ) ;
#954 = DIRECTION ( 'NONE',  ( -0.000000000000000000, 0.000000000000000000, -1.000000000000000000 ) ) ;
#955 = LINE ( 'NONE', #4595, #5035 ) ;
#956 = CARTESIAN_POINT ( 'NONE',  ( -64.99999999999961631, 180.0665089980103915, 2.000000000000000000 ) ) ;
#957 = PLANE ( 'NONE',  #1406 ) ;
#958 = LINE ( 'NONE', #3788, #5271 ) ;
#959 = PRODUCT_DEFINITION_FORMATION_WITH_SPECIFIED_SOURCE ( 'ANY', '', #5736, .NOT_KNOWN. ) ;
#960 = VERTEX_POINT ( 'NONE', #3990 ) ;
#961 = CARTESIAN_POINT ( 'NONE',  ( -335.0000000000007390, 334.9334910019898643, 42.00000000000000000 ) ) ;
#962 = EDGE_CURVE ( 'NONE', #5717, #3646, #5344, .T. ) ;
#963 = PRODUCT_DEFINITION_FORMATION_WITH_SPECIFIED_SOURCE ( 'ANY', '', #5399, .NOT_KNOWN. ) ;
#964 = VECTOR ( 'NONE', #1247, 1000.000000000000000 ) ;
#965 = ORIENTED_EDGE ( 'NONE', *, *, #5123, .T. ) ;
#966 = EDGE_LOOP ( 'NONE', ( #2988, #4755, #2903, #2473 ) ) ;
#967 = LINE ( 'NONE', #4604, #3793 ) ;
#968 = LINE ( 'NONE', #2814, #1773 ) ;
#969 = VECTOR ( 'NONE', #1511, 1000.000000000000000 ) ;
#970 = CARTESIAN_POINT ( 'NONE',  ( -350.0000000000004547, 215.0665089980102209, 42.00000000000000000 ) ) ;
#971 = UNCERTAINTY_MEASURE_WITH_UNIT (LENGTH_MEASURE( 1.000000000000000082E-05 ), #3756, 'distance_accuracy_value', 'NONE');
#972 = EDGE_CURVE ( 'NONE', #492, #4241, #3932, .T. ) ;
#973 = VERTEX_POINT ( 'NONE', #4412 ) ;
#974 = VERTEX_POINT ( 'NONE', #4018 ) ;
#975 = DIRECTION ( 'NONE',  ( -0.000000000000000000, -0.000000000000000000, -1.000000000000000000 ) ) ;
#976 = DIRECTION ( 'NONE',  ( -1.110223024625155752E-14, -1.000000000000000000, 0.000000000000000000 ) ) ;
#977 = CARTESIAN_POINT ( 'NONE',  ( -189.9999999999995737, 85.00000000000005684, 2.000000000000000000 ) ) ;
#978 = ADVANCED_FACE ( 'NONE', ( #2649 ), #4862, .F. ) ;
#979 = EDGE_CURVE ( 'NONE', #5779, #1384, #1666, .T. ) ;
#980 = ORIENTED_EDGE ( 'NONE', *, *, #1677, .T. ) ;
#981 = ORIENTED_EDGE ( 'NONE', *, *, #5144, .T. ) ;
#982 = CARTESIAN_POINT ( 'NONE',  ( -189.9999999999995737, 165.0665089980103630, 2.000000000000000000 ) ) ;
#983 = LINE ( 'NONE', #5006, #5164 ) ;
#984 = ORIENTED_EDGE ( 'NONE', *, *, #1382, .T. ) ;
#985 = LINE ( 'NONE', #2801, #3329 ) ;
#986 = CARTESIAN_POINT ( 'NONE',  ( -400.0000000000000000, 0.000000000000000000, -9.999999999999996447 ) ) ;
#987 = PLANE ( 'NONE',  #4072 ) ;
#988 = EDGE_CURVE ( 'NONE', #2887, #1209, #3127, .T. ) ;
#989 = DIRECTION ( 'NONE',  ( -0.000000000000000000, -0.000000000000000000, -1.000000000000000000 ) ) ;
#990 = DIRECTION ( 'NONE',  ( -1.000000000000000000, 0.000000000000000000, 0.000000000000000000 ) ) ;
#991 = LINE ( 'NONE', #3759, #5069 ) ;
#992 = VERTEX_POINT ( 'NONE', #712 ) ;
#993 = DIRECTION ( 'NONE',  ( 0.000000000000000000, 1.000000000000000000, 0.000000000000000000 ) ) ;
#994 = EDGE_LOOP ( 'NONE', ( #3364, #4941, #3394, #5895 ) ) ;
#995 = VERTEX_POINT ( 'NONE', #1730 ) ;
#996 = LINE ( 'NONE', #2813, #5519 ) ;
#997 = CARTESIAN_POINT ( 'NONE',  ( -210.0000000000005684, 230.0665089980102209, 42.00000000000000000 ) ) ;
#998 = DIRECTION ( 'NONE',  ( 1.000000000000000000, -1.110223024625155594E-14, 0.000000000000000000 ) ) ;
#999 = EDGE_LOOP ( 'NONE', ( #2909, #1875, #5262, #104 ) ) ;
#1000 = ORIENTED_EDGE ( 'NONE', *, *, #4063, .F. ) ;
#1001 = EDGE_CURVE ( 'NONE', #3095, #5667, #1643, .T. ) ;
#1002 = CARTESIAN_POINT ( 'NONE',  ( 0.000000000000000000, 0.000000000000000000, 42.00000000000000000 ) ) ;
#1003 = CARTESIAN_POINT ( 'NONE',  ( -169.9999999999996021, 309.9334910019899780, 2.000000000000000000 ) ) ;
#1004 = DIRECTION ( 'NONE',  ( -1.110223024625155752E-14, 1.000000000000000000, 0.000000000000000000 ) ) ;
#1005 = ORIENTED_EDGE ( 'NONE', *, *, #4371, .F. ) ;
#1006 = EDGE_LOOP ( 'NONE', ( #1887, #3036, #290, #981, #399, #4994 ) ) ;
#1007 = CARTESIAN_POINT ( 'NONE',  ( -184.9999999999995453, 105.0000000000000995, 42.00000000000000000 ) ) ;
#1008 = PLANE ( 'NONE',  #674 ) ;
#1009 = ORIENTED_EDGE ( 'NONE', *, *, #5769, .F. ) ;
#1010 = DIRECTION ( 'NONE',  ( -1.000000000000000000, -4.163336342344362270E-15, 0.000000000000000000 ) ) ;
#1011 = LINE ( 'NONE', #4203, #3602 ) ;
#1012 = CARTESIAN_POINT ( 'NONE',  ( -335.0000000000007390, 210.0665089980102493, 42.00000000000000000 ) ) ;
#1013 = AXIS2_PLACEMENT_3D ( 'NONE', #5470, #2301, #2833 ) ;
#1014 = DIRECTION ( 'NONE',  ( 0.000000000000000000, 1.000000000000000000, 0.000000000000000000 ) ) ;
#1015 = EDGE_CURVE ( 'NONE', #4522, #960, #5376, .T. ) ;
#1016 = CARTESIAN_POINT ( 'NONE',  ( -355.0000000000005684, 85.00000000000005684, -2.000000000000000000 ) ) ;
#1017 = EDGE_CURVE ( 'NONE', #1573, #3493, #5285, .T. ) ;
#1018 = ORIENTED_EDGE ( 'NONE', *, *, #3952, .T. ) ;
#1019 = DIRECTION ( 'NONE',  ( -1.000000000000000000, -1.850371707708599493E-15, 0.000000000000000000 ) ) ;
#1020 = LINE ( 'NONE', #538, #1732 ) ;
#1021 = ORIENTED_EDGE ( 'NONE', *, *, #756, .T. ) ;
#1022 = ORIENTED_EDGE ( 'NONE', *, *, #3693, .T. ) ;
#1023 = FACE_OUTER_BOUND ( 'NONE', #3771, .T. ) ;
#1024 = CARTESIAN_POINT ( 'NONE',  ( -335.0000000000005684, 434.9999999999999432, 42.00000000000000000 ) ) ;
#1025 = PLANE ( 'NONE',  #5131 ) ;
#1026 = PRODUCT_DEFINITION_CONTEXT ( 'detailed design', #3351, 'design' ) ;
#1027 = AXIS2_PLACEMENT_3D ( 'NONE', #5212, #2942, #3808 ) ;
#1028 = ORIENTED_EDGE ( 'NONE', *, *, #4537, .T. ) ;
#1029 = ORIENTED_EDGE ( 'NONE', *, *, #3117, .F. ) ;
#1030 = AXIS2_PLACEMENT_3D ( 'NONE', #1399, #4621, #95 ) ;
#1031 = VECTOR ( 'NONE', #1325, 1000.000000000000000 ) ;
#1032 = LINE ( 'NONE', #3181, #3360 ) ;
#1033 = FACE_OUTER_BOUND ( 'NONE', #5546, .T. ) ;
#1034 = DIRECTION ( 'NONE',  ( 1.000000000000000000, -1.850371707708599493E-15, 0.000000000000000000 ) ) ;
#1035 = VECTOR ( 'NONE', #4311, 1000.000000000000000 ) ;
#1036 = VECTOR ( 'NONE', #813, 1000.000000000000000 ) ;
#1037 = EDGE_CURVE ( 'NONE', #2324, #1482, #4104, .T. ) ;
#1038 = ORIENTED_EDGE ( 'NONE', *, *, #5564, .T. ) ;
#1039 = ORIENTED_EDGE ( 'NONE', *, *, #3858, .F. ) ;
#1040 = CARTESIAN_POINT ( 'NONE',  ( -215.0000000000007958, 180.0665089980104199, 42.00000000000000000 ) ) ;
#1041 = CARTESIAN_POINT ( 'NONE',  ( -64.99999999999961631, 85.00000000000004263, 42.00000000000000000 ) ) ;
#1042 = ORIENTED_EDGE ( 'NONE', *, *, #4587, .F. ) ;
#1043 = CARTESIAN_POINT ( 'NONE',  ( -10.00000000000000000, -10.00000000000000178, 19.99999999999999645 ) ) ;
#1044 = CARTESIAN_POINT ( 'NONE',  ( -199.9999999999990621, 84.99999999999997158, 2.949029909160572061E-14 ) ) ;
#1045 = VECTOR ( 'NONE', #2567, 1000.000000000000000 ) ;
#1046 = CARTESIAN_POINT ( 'NONE',  ( -350.0000000000006821, 165.0665089980103346, 2.000000000000000000 ) ) ;
#1047 = EDGE_CURVE ( 'NONE', #4614, #4449, #5038, .T. ) ;
#1048 = DIRECTION ( 'NONE',  ( 1.000000000000000000, -1.110223024625155752E-14, 0.000000000000000000 ) ) ;
#1049 = DIRECTION ( 'NONE',  ( 0.000000000000000000, -1.000000000000000000, 0.000000000000000000 ) ) ;
#1050 = ORIENTED_EDGE ( 'NONE', *, *, #3859, .T. ) ;
#1051 = CARTESIAN_POINT ( 'NONE',  ( -49.99999999999965894, 339.9334910019898075, 2.000000000000000000 ) ) ;
#1052 = CARTESIAN_POINT ( 'NONE',  ( -44.99999999999953815, 165.0665089980103346, 2.000000000000000000 ) ) ;
#1053 = EDGE_CURVE ( 'NONE', #2857, #869, #2681, .T. ) ;
#1054 = EDGE_CURVE ( 'NONE', #103, #838, #1428, .T. ) ;
#1055 = VECTOR ( 'NONE', #4526, 1000.000000000000000 ) ;
#1056 = VERTEX_POINT ( 'NONE', #951 ) ;
#1057 = CARTESIAN_POINT ( 'NONE',  ( -44.99999999999959499, 309.9334910019899780, 42.00000000000000000 ) ) ;
#1058 = VERTEX_POINT ( 'NONE', #437 ) ;
#1059 = LINE ( 'NONE', #5539, #2746 ) ;
#1060 = CARTESIAN_POINT ( 'NONE',  ( 378.2842712474619589, -8.000000000000000000, -8.000000000000000000 ) ) ;
#1061 = ORIENTED_EDGE ( 'NONE', *, *, #2720, .T. ) ;
#1062 = VECTOR ( 'NONE', #4644, 1000.000000000000000 ) ;
#1063 = ORIENTED_EDGE ( 'NONE', *, *, #988, .F. ) ;
#1064 = CARTESIAN_POINT ( 'NONE',  ( -49.99999999999965894, 304.9334910019900349, 2.000000000000000000 ) ) ;
#1065 = DIRECTION ( 'NONE',  ( 2.775557561562896479E-15, 1.000000000000000000, 0.000000000000000000 ) ) ;
#1066 = PLANE ( 'NONE',  #1797 ) ;
#1067 = VECTOR ( 'NONE', #100, 1000.000000000000000 ) ;
#1068 = ORIENTED_EDGE ( 'NONE', *, *, #5839, .F. ) ;
#1069 = EDGE_LOOP ( 'NONE', ( #5643, #5244, #2784, #3111 ) ) ;
#1070 = CARTESIAN_POINT ( 'NONE',  ( -210.0000000000006537, 185.0665089980103346, 42.00000000000000000 ) ) ;
#1071 = LINE ( 'NONE', #4316, #18 ) ;
#1072 = ORIENTED_EDGE ( 'NONE', *, *, #5134, .T. ) ;
#1073 = CARTESIAN_POINT ( 'NONE',  ( -210.0000000000005400, 85.00000000000005684, -2.000000000000000000 ) ) ;
#1074 = ADVANCED_FACE ( 'NONE', ( #526 ), #4163, .F. ) ;
#1075 = CARTESIAN_POINT ( 'NONE',  ( -350.0000000000004547, 90.00000000000002842, 42.00000000000000000 ) ) ;
#1076 = DIRECTION ( 'NONE',  ( 1.000000000000000000, 3.700743415417254206E-15, 0.000000000000000000 ) ) ;
#1077 = LINE ( 'NONE', #128, #2308 ) ;
#1078 = ORIENTED_EDGE ( 'NONE', *, *, #5216, .F. ) ;
#1079 = CARTESIAN_POINT ( 'NONE',  ( -64.99999999999961631, 309.9334910019899780, 2.000000000000000000 ) ) ;
#1080 = DIRECTION ( 'NONE',  ( -2.775557561562904367E-15, 1.000000000000000000, 0.000000000000000000 ) ) ;
#1081 = ADVANCED_FACE ( 'NONE', ( #501, #3722 ), #1905, .T. ) ;
#1082 = ORIENTED_EDGE ( 'NONE', *, *, #3447, .T. ) ;
#1083 = DIRECTION ( 'NONE',  ( -0.000000000000000000, -0.000000000000000000, 1.000000000000000000 ) ) ;
#1084 = ORIENTED_EDGE ( 'NONE', *, *, #2434, .T. ) ;
#1085 = DIRECTION ( 'NONE',  ( 1.000000000000000000, -4.163336342344356748E-15, 0.000000000000000000 ) ) ;
#1086 = EDGE_CURVE ( 'NONE', #2758, #4196, #55, .T. ) ;
#1087 = DIRECTION ( 'NONE',  ( 0.000000000000000000, 0.000000000000000000, -1.000000000000000000 ) ) ;
#1088 = EDGE_CURVE ( 'NONE', #557, #5572, #5464, .T. ) ;
#1089 = ORIENTED_EDGE ( 'NONE', *, *, #4579, .T. ) ;
#1090 = ORIENTED_EDGE ( 'NONE', *, *, #132, .F. ) ;
#1091 = LINE ( 'NONE', #3452, #4397 ) ;
#1092 = EDGE_CURVE ( 'NONE', #2730, #5850, #5879, .T. ) ;
#1093 = LINE ( 'NONE', #613, #5606 ) ;
#1094 = DIRECTION ( 'NONE',  ( -0.000000000000000000, 0.000000000000000000, 1.000000000000000000 ) ) ;
#1095 = EDGE_LOOP ( 'NONE', ( #4728, #330, #159, #4037, #124, #4905, #4503, #2073 ) ) ;
#1096 =( REPRESENTATION_RELATIONSHIP ('NONE','NONE', #4154, #2562 ) REPRESENTATION_RELATIONSHIP_WITH_TRANSFORMATION ( #5223 )SHAPE_REPRESENTATION_RELATIONSHIP( ) );
#1097 = ORIENTED_EDGE ( 'NONE', *, *, #2428, .T. ) ;
#1098 = CARTESIAN_POINT ( 'NONE',  ( -210.0000000000006537, 210.0665089980103346, 42.00000000000000000 ) ) ;
#1099 = DIRECTION ( 'NONE',  ( -0.000000000000000000, -0.000000000000000000, -1.000000000000000000 ) ) ;
#1100 = ORIENTED_EDGE ( 'NONE', *, *, #2620, .T. ) ;
#1101 = DIRECTION ( 'NONE',  ( 1.000000000000000000, 3.700743415417198986E-15, 0.000000000000000000 ) ) ;
#1102 = ITEM_DEFINED_TRANSFORMATION ( 'NONE', 'NONE', #4962,  #4192 ) ;
#1103 = LINE ( 'NONE', #4742, #2939 ) ;
#1104 = SURFACE_SIDE_STYLE ('',( #5196 ) ) ;
#1105 = CARTESIAN_POINT ( 'NONE',  ( -189.9999999999995453, 354.9334910019898643, 2.000000000000000000 ) ) ;
#1106 = VERTEX_POINT ( 'NONE', #982 ) ;
#1107 = PLANE ( 'NONE',  #3514 ) ;
#1108 = CARTESIAN_POINT ( 'NONE',  ( -10.00000000000000000, -8.000000000000001776, -17.99999999999999645 ) ) ;
#1109 = EDGE_CURVE ( 'NONE', #1917, #1482, #4981, .T. ) ;
#1110 = ORIENTED_EDGE ( 'NONE', *, *, #5180, .F. ) ;
#1111 = CARTESIAN_POINT ( 'NONE',  ( -350.0000000000004547, 105.0000000000000995, 42.00000000000000000 ) ) ;
#1112 = EDGE_LOOP ( 'NONE', ( #1556, #260, #4007, #4570 ) ) ;
#1113 = DIRECTION ( 'NONE',  ( 1.000000000000000000, 0.000000000000000000, 0.000000000000000000 ) ) ;
#1114 = VECTOR ( 'NONE', #5452, 1000.000000000000000 ) ;
#1115 = CARTESIAN_POINT ( 'NONE',  ( 0.000000000000000000, 0.000000000000000000, -2.000000000000000000 ) ) ;
#1116 = EDGE_CURVE ( 'NONE', #4089, #5127, #1846, .T. ) ;
#1117 = ORIENTED_EDGE ( 'NONE', *, *, #3204, .T. ) ;
#1118 = ORIENTED_EDGE ( 'NONE', *, *, #5368, .F. ) ;
#1119 = LINE ( 'NONE', #700, #969 ) ;
#1120 = FACE_OUTER_BOUND ( 'NONE', #4974, .T. ) ;
#1121 = VECTOR ( 'NONE', #4293, 1000.000000000000000 ) ;
#1122 = CARTESIAN_POINT ( 'NONE',  ( -44.99999999999953815, 85.00000000000005684, -2.000000000000000000 ) ) ;
#1123 = EDGE_CURVE ( 'NONE', #5774, #935, #1458, .T. ) ;
#1124 = EDGE_CURVE ( 'NONE', #2708, #1921, #2, .T. ) ;
#1125 = AXIS2_PLACEMENT_3D ( 'NONE', #4123, #5899, #2338 ) ;
#1126 = ORIENTED_EDGE ( 'NONE', *, *, #3023, .T. ) ;
#1127 = VECTOR ( 'NONE', #3813, 1000.000000000000000 ) ;
#1128 = VERTEX_POINT ( 'NONE', #2347 ) ;
#1129 = DIRECTION ( 'NONE',  ( 1.000000000000000000, -2.775557561562908706E-15, 0.000000000000000000 ) ) ;
#1130 = CARTESIAN_POINT ( 'NONE',  ( -49.99999999999960210, 414.9999999999999432, 2.000000000000000000 ) ) ;
#1131 = ORIENTED_EDGE ( 'NONE', *, *, #2733, .F. ) ;
#1132 = DIRECTION ( 'NONE',  ( 0.000000000000000000, -1.000000000000000000, 0.000000000000000000 ) ) ;
#1133 = CONTEXT_DEPENDENT_SHAPE_REPRESENTATION ( #1096, #1827 ) ;
#1134 = CARTESIAN_POINT ( 'NONE',  ( -184.9999999999995453, 90.00000000000002842, 42.00000000000000000 ) ) ;
#1135 = VECTOR ( 'NONE', #5701, 1000.000000000000000 ) ;
#1136 = VECTOR ( 'NONE', #243, 1000.000000000000000 ) ;
#1137 = AXIS2_PLACEMENT_3D ( 'NONE', #1249, #2206, #3072 ) ;
#1138 = CARTESIAN_POINT ( 'NONE',  ( -169.9999999999996021, 334.9334910019898643, 2.000000000000000000 ) ) ;
#1139 = AXIS2_PLACEMENT_3D ( 'NONE', #1701, #3078, #2624 ) ;
#1140 = LINE ( 'NONE', #1105, #2783 ) ;
#1141 = ORIENTED_EDGE ( 'NONE', *, *, #4836, .F. ) ;
#1142 = LINE ( 'NONE', #4299, #4459 ) ;
#1143 = CARTESIAN_POINT ( 'NONE',  ( -210.0000000000006537, 185.0665089980103346, 42.00000000000000000 ) ) ;
#1144 = DIRECTION ( 'NONE',  ( -1.000000000000000000, 0.000000000000000000, -0.000000000000000000 ) ) ;
#1145 = ORIENTED_EDGE ( 'NONE', *, *, #3361, .T. ) ;
#1146 = LINE ( 'NONE', #2450, #3118 ) ;
#1147 = EDGE_LOOP ( 'NONE', ( #4245, #48, #5819, #156 ) ) ;
#1148 = DIRECTION ( 'NONE',  ( -0.000000000000000000, -1.000000000000000000, -0.000000000000000000 ) ) ;
#1149 = EDGE_CURVE ( 'NONE', #5158, #3582, #5522, .T. ) ;
#1150 = ORIENTED_EDGE ( 'NONE', *, *, #2010, .F. ) ;
#1151 = ORIENTED_EDGE ( 'NONE', *, *, #2112, .T. ) ;
#1152 = LINE ( 'NONE', #5245, #5455 ) ;
#1153 = VECTOR ( 'NONE', #2990, 1000.000000000000000 ) ;
#1154 = CARTESIAN_POINT ( 'NONE',  ( -210.0000000000006537, 309.9334910019899212, 2.000000000000000000 ) ) ;
#1155 = EDGE_CURVE ( 'NONE', #1848, #1482, #5005, .T. ) ;
#1156 = PLANE ( 'NONE',  #4367 ) ;
#1157 = EDGE_CURVE ( 'NONE', #4982, #5572, #3131, .T. ) ;
#1158 = AXIS2_PLACEMENT_3D ( 'NONE', #2917, #5612, #1520 ) ;
#1159 = ORIENTED_EDGE ( 'NONE', *, *, #5274, .T. ) ;
#1160 = ORIENTED_EDGE ( 'NONE', *, *, #2818, .T. ) ;
#1161 = LINE ( 'NONE', #4343, #550 ) ;
#1162 = CARTESIAN_POINT ( 'NONE',  ( -169.9999999999996021, 304.9334910019899780, 42.00000000000000000 ) ) ;
#1163 = FACE_OUTER_BOUND ( 'NONE', #1095, .T. ) ;
#1164 = DIRECTION ( 'NONE',  ( -1.000000000000000000, -2.775557561562908312E-15, 0.000000000000000000 ) ) ;
#1165 = ADVANCED_FACE ( 'NONE', ( #2234 ), #4557, .T. ) ;
#1166 = VECTOR ( 'NONE', #4583, 1000.000000000000000 ) ;
#1167 = VECTOR ( 'NONE', #2330, 1000.000000000000000 ) ;
#1168 = CARTESIAN_POINT ( 'NONE',  ( -184.9999999999995453, 180.0665089980104199, 42.00000000000000000 ) ) ;
#1169 = VERTEX_POINT ( 'NONE', #5435 ) ;
#1170 = CARTESIAN_POINT ( 'NONE',  ( -350.0000000000004547, 90.00000000000002842, 42.00000000000000000 ) ) ;
#1171 = FACE_OUTER_BOUND ( 'NONE', #1745, .T. ) ;
#1172 = LINE ( 'NONE', #4218, #3980 ) ;
#1173 = ADVANCED_FACE ( 'NONE', ( #1340 ), #3159, .F. ) ;
#1174 = VERTEX_POINT ( 'NONE', #1007 ) ;
#1175 = CARTESIAN_POINT ( 'NONE',  ( -169.9999999999996021, 309.9334910019899780, 42.00000000000000000 ) ) ;
#1176 = EDGE_LOOP ( 'NONE', ( #1089, #3398, #3721, #2115 ) ) ;
#1177 = DIRECTION ( 'NONE',  ( -1.000000000000000000, 0.000000000000000000, 0.000000000000000000 ) ) ;
#1178 = ORIENTED_EDGE ( 'NONE', *, *, #5891, .T. ) ;
#1179 = ORIENTED_EDGE ( 'NONE', *, *, #2027, .F. ) ;
#1180 = DIRECTION ( 'NONE',  ( 1.480297366166868866E-14, -1.000000000000000000, 0.000000000000000000 ) ) ;
#1181 = CARTESIAN_POINT ( 'NONE',  ( 350.0000000000000568, 10.00000000000000000, -9.999999999999991118 ) ) ;
#1182 = LINE ( 'NONE', #1242, #5332 ) ;
#1183 = ORIENTED_EDGE ( 'NONE', *, *, #2794, .T. ) ;
#1184 = EDGE_CURVE ( 'NONE', #1742, #5353, #618, .T. ) ;
#1185 = ORIENTED_EDGE ( 'NONE', *, *, #4404, .T. ) ;
#1186 = DIRECTION ( 'NONE',  ( 1.224646799147353454E-16, 1.000000000000000000, 1.084202172485504434E-16 ) ) ;
#1187 = CARTESIAN_POINT ( 'NONE',  ( -350.0000000000006821, 230.0665089980102778, 2.000000000000000000 ) ) ;
#1188 = DIRECTION ( 'NONE',  ( -0.000000000000000000, -1.000000000000000000, 2.168404344971008868E-16 ) ) ;
#1189 = DIRECTION ( 'NONE',  ( 0.000000000000000000, 1.000000000000000000, 0.000000000000000000 ) ) ;
#1190 = EDGE_CURVE ( 'NONE', #5751, #5504, #644, .T. ) ;
#1191 = CARTESIAN_POINT ( 'NONE',  ( -210.0000000000005684, 289.9334910019900349, 42.00000000000000000 ) ) ;
#1192 = LINE ( 'NONE', #713, #3549 ) ;
#1193 = ORIENTED_EDGE ( 'NONE', *, *, #4280, .F. ) ;
#1194 = CARTESIAN_POINT ( 'NONE',  ( -64.99999999999961631, 215.0665089980102493, 42.00000000000000000 ) ) ;
#1195 = LINE ( 'NONE', #716, #3244 ) ;
#1196 = LINE ( 'NONE', #2370, #273 ) ;
#1197 = EDGE_CURVE ( 'NONE', #5561, #483, #558, .T. ) ;
#1198 = ADVANCED_FACE ( 'NONE', ( #5580 ), #2949, .F. ) ;
#1199 = EDGE_LOOP ( 'NONE', ( #3760, #1185, #4392, #3909, #376, #2666 ) ) ;
#1200 = DIRECTION ( 'NONE',  ( 2.775557561562908706E-15, -1.000000000000000000, 0.000000000000000000 ) ) ;
#1201 = VERTEX_POINT ( 'NONE', #2055 ) ;
#1202 = CARTESIAN_POINT ( 'NONE',  ( 410.0000000000001137, 0.000000000000000000, 0.000000000000000000 ) ) ;
#1203 = ORIENTED_EDGE ( 'NONE', *, *, #5611, .F. ) ;
#1204 = AXIS2_PLACEMENT_3D ( 'NONE', #4140, #4987, #924 ) ;
#1205 = VERTEX_POINT ( 'NONE', #2412 ) ;
#1206 = LINE ( 'NONE', #5391, #2211 ) ;
#1207 = CARTESIAN_POINT ( 'NONE',  ( -335.0000000000007390, 215.0665089980102493, 42.00000000000000000 ) ) ;
#1208 = CARTESIAN_POINT ( 'NONE',  ( -335.0000000000007390, 210.0665089980102493, 42.00000000000000000 ) ) ;
#1209 = VERTEX_POINT ( 'NONE', #2000 ) ;
#1210 = ORIENTED_EDGE ( 'NONE', *, *, #1149, .F. ) ;
#1211 = DIRECTION ( 'NONE',  ( -1.000000000000000000, 0.000000000000000000, 0.000000000000000000 ) ) ;
#1212 =( GEOMETRIC_REPRESENTATION_CONTEXT ( 3 ) GLOBAL_UNCERTAINTY_ASSIGNED_CONTEXT ( ( #3834 ) ) GLOBAL_UNIT_ASSIGNED_CONTEXT ( ( #4804, #4206, #2036 ) ) REPRESENTATION_CONTEXT ( 'NONE', 'WORKASPACE' ) );
#1213 = CARTESIAN_POINT ( 'NONE',  ( -189.9999999999994884, 210.0665089980103062, 42.00000000000000000 ) ) ;
#1214 = DIRECTION ( 'NONE',  ( -0.000000000000000000, 1.000000000000000000, 1.084202172485504434E-16 ) ) ;
#1215 = APPLICATION_PROTOCOL_DEFINITION ( 'draft international standard', 'automotive_design', 1998, #795 ) ;
#1216 = LINE ( 'NONE', #3040, #2090 ) ;
#1217 = ADVANCED_FACE ( 'NONE', ( #2916 ), #4228, .T. ) ;
#1218 = VECTOR ( 'NONE', #4976, 1000.000000000000000 ) ;
#1219 = VECTOR ( 'NONE', #591, 1000.000000000000000 ) ;
#1220 = FACE_OUTER_BOUND ( 'NONE', #3382, .T. ) ;
#1221 = ORIENTED_EDGE ( 'NONE', *, *, #926, .T. ) ;
#1222 = DIRECTION ( 'NONE',  ( 1.110223024625155752E-14, 1.000000000000000000, -0.000000000000000000 ) ) ;
#1223 = VECTOR ( 'NONE', #5557, 1000.000000000000000 ) ;
#1224 = CARTESIAN_POINT ( 'NONE',  ( -350.0000000000004547, 339.9334910019898075, 42.00000000000000000 ) ) ;
#1225 = VECTOR ( 'NONE', #1615, 1000.000000000000000 ) ;
#1226 = CARTESIAN_POINT ( 'NONE',  ( -64.99999999999961631, 185.0665089980103915, 2.000000000000000000 ) ) ;
#1227 = ADVANCED_FACE ( 'NONE', ( #4737 ), #2500, .F. ) ;
#1228 = VECTOR ( 'NONE', #1034, 1000.000000000000000 ) ;
#1229 = VECTOR ( 'NONE', #893, 1000.000000000000000 ) ;
#1230 = ORIENTED_EDGE ( 'NONE', *, *, #678, .F. ) ;
#1231 = CARTESIAN_POINT ( 'NONE',  ( -44.99999999999965183, 230.0665089980102209, 42.00000000000000000 ) ) ;
#1232 = EDGE_LOOP ( 'NONE', ( #120, #2160, #4716, #675 ) ) ;
#1233 = DIRECTION ( 'NONE',  ( 1.000000000000000000, 0.000000000000000000, -0.000000000000000000 ) ) ;
#1234 = VECTOR ( 'NONE', #1541, 1000.000000000000000 ) ;
#1235 = EDGE_CURVE ( 'NONE', #3983, #4189, #2826, .T. ) ;
#1236 = EDGE_CURVE ( 'NONE', #4831, #103, #176, .T. ) ;
#1237 = ORIENTED_EDGE ( 'NONE', *, *, #2407, .T. ) ;
#1238 = ORIENTED_EDGE ( 'NONE', *, *, #4516, .F. ) ;
#1239 = LINE ( 'NONE', #4424, #3730 ) ;
#1240 = ORIENTED_EDGE ( 'NONE', *, *, #5477, .T. ) ;
#1241 = DIRECTION ( 'NONE',  ( -1.000000000000000000, 1.850371707708599493E-15, 0.000000000000000000 ) ) ;
#1242 = CARTESIAN_POINT ( 'NONE',  ( -184.9999999999995453, 354.9334910019899212, 42.00000000000000000 ) ) ;
#1243 = EDGE_CURVE ( 'NONE', #4589, #3724, #5093, .T. ) ;
#1244 = ORIENTED_EDGE ( 'NONE', *, *, #3151, .T. ) ;
#1245 = VECTOR ( 'NONE', #5451, 1000.000000000000000 ) ;
#1246 = ORIENTED_EDGE ( 'NONE', *, *, #3882, .T. ) ;
#1247 = DIRECTION ( 'NONE',  ( -1.000000000000000000, 2.775557561562892929E-15, 0.000000000000000000 ) ) ;
#1248 = DIRECTION ( 'NONE',  ( -1.480297366166868866E-14, -1.000000000000000000, 0.000000000000000000 ) ) ;
#1249 = CARTESIAN_POINT ( 'NONE',  ( -184.9999999999995453, 180.0665089980104199, 42.00000000000000000 ) ) ;
#1250 = AXIS2_PLACEMENT_3D ( 'NONE', #2210, #4921, #5855 ) ;
#1251 = DIRECTION ( 'NONE',  ( -1.480297366166868866E-14, -1.000000000000000000, 0.000000000000000000 ) ) ;
#1252 = CARTESIAN_POINT ( 'NONE',  ( -210.0000000000005400, 434.9999999999999432, 2.000000000000000000 ) ) ;
#1253 = VECTOR ( 'NONE', #1692, 1000.000000000000000 ) ;
#1254 = ORIENTED_EDGE ( 'NONE', *, *, #4002, .F. ) ;
#1255 = LINE ( 'NONE', #331, #5241 ) ;
#1256 =( NAMED_UNIT ( * ) PLANE_ANGLE_UNIT ( ) SI_UNIT ( $, .RADIAN. ) );
#1257 = LINE ( 'NONE', #865, #5711 ) ;
#1258 = STYLED_ITEM ( 'NONE', ( #3874 ), #4649 ) ;
#1259 = PRODUCT_DEFINITION_SHAPE ( 'NONE', 'NONE',  #5909 ) ;
#1260 = VERTEX_POINT ( 'NONE', #677 ) ;
#1261 = FACE_OUTER_BOUND ( 'NONE', #3923, .T. ) ;
#1262 = EDGE_CURVE ( 'NONE', #3690, #513, #207, .T. ) ;
#1263 = CARTESIAN_POINT ( 'NONE',  ( -215.0000000000005684, 165.0665089980103346, 42.00000000000000000 ) ) ;
#1264 = ORIENTED_EDGE ( 'NONE', *, *, #5576, .T. ) ;
#1265 = CARTESIAN_POINT ( 'NONE',  ( -10.00000000000000000, 9.999999999999998224, 19.99999999999999645 ) ) ;
#1266 = VECTOR ( 'NONE', #5260, 1000.000000000000000 ) ;
#1267 = ORIENTED_EDGE ( 'NONE', *, *, #5577, .T. ) ;
#1268 = EDGE_CURVE ( 'NONE', #2134, #620, #2030, .T. ) ;
#1269 = EDGE_LOOP ( 'NONE', ( #4627, #3781, #2095, #4678, #4779, #1467 ) ) ;
#1270 = FACE_OUTER_BOUND ( 'NONE', #3905, .T. ) ;
#1271 = VERTEX_POINT ( 'NONE', #4198 ) ;
#1272 = FACE_OUTER_BOUND ( 'NONE', #2069, .T. ) ;
#1273 = LINE ( 'NONE', #5370, #4849 ) ;
#1274 = VERTEX_POINT ( 'NONE', #3779 ) ;
#1275 = EDGE_CURVE ( 'NONE', #5386, #2708, #5673, .T. ) ;
#1276 = EDGE_CURVE ( 'NONE', #1271, #2106, #5644, .T. ) ;
#1277 = VERTEX_POINT ( 'NONE', #5218 ) ;
#1278 = LINE ( 'NONE', #5875, #112 ) ;
#1279 = CARTESIAN_POINT ( 'NONE',  ( -210.0000000000006537, 334.9334910019899212, 2.000000000000000000 ) ) ;
#1280 = DIRECTION ( 'NONE',  ( 0.000000000000000000, 1.000000000000000000, 0.000000000000000000 ) ) ;
#1281 = DIRECTION ( 'NONE',  ( 1.000000000000000000, -1.110223024625155594E-14, 0.000000000000000000 ) ) ;
#1282 = ORIENTED_EDGE ( 'NONE', *, *, #1298, .F. ) ;
#1283 = DIRECTION ( 'NONE',  ( 0.000000000000000000, 1.000000000000000000, 0.000000000000000000 ) ) ;
#1284 =( LENGTH_UNIT ( ) NAMED_UNIT ( * ) SI_UNIT ( .MILLI., .METRE. ) );
#1285 = LINE ( 'NONE', #3937, #5326 ) ;
#1286 = ORIENTED_EDGE ( 'NONE', *, *, #1086, .F. ) ;
#1287 = PLANE ( 'NONE',  #734 ) ;
#1288 = CARTESIAN_POINT ( 'NONE',  ( -350.0000000000005116, 430.0000000000000000, 2.000000000000000000 ) ) ;
#1289 = ORIENTED_EDGE ( 'NONE', *, *, #3888, .T. ) ;
#1290 = LINE ( 'NONE', #873, #940 ) ;
#1291 = ADVANCED_FACE ( 'NONE', ( #1939 ), #148, .F. ) ;
#1292 = ORIENTED_EDGE ( 'NONE', *, *, #4699, .T. ) ;
#1293 = ORIENTED_EDGE ( 'NONE', *, *, #2047, .F. ) ;
#1294 = LINE ( 'NONE', #4484, #4301 ) ;
#1295 = ORIENTED_EDGE ( 'NONE', *, *, #2687, .F. ) ;
#1296 = CARTESIAN_POINT ( 'NONE',  ( -44.99999999999965183, 289.9334910019900349, 42.00000000000000000 ) ) ;
#1297 = EDGE_CURVE ( 'NONE', #1106, #249, #5610, .T. ) ;
#1298 = EDGE_CURVE ( 'NONE', #4030, #4422, #2889, .T. ) ;
#1299 = ORIENTED_EDGE ( 'NONE', *, *, #2065, .T. ) ;
#1300 = EDGE_LOOP ( 'NONE', ( #5859, #315, #5161, #4878 ) ) ;
#1301 = DIRECTION ( 'NONE',  ( 0.000000000000000000, 1.000000000000000000, 0.000000000000000000 ) ) ;
#1302 = CARTESIAN_POINT ( 'NONE',  ( -355.0000000000005684, 230.0665089980102778, 2.000000000000000000 ) ) ;
#1303 = VECTOR ( 'NONE', #72, 1000.000000000000000 ) ;
#1304 = LINE ( 'NONE', #2676, #654 ) ;
#1305 = EDGE_CURVE ( 'NONE', #1938, #3410, #1358, .T. ) ;
#1306 = ADVANCED_FACE ( 'NONE', ( #5305 ), #706, .F. ) ;
#1307 = CARTESIAN_POINT ( 'NONE',  ( -335.0000000000007390, 309.9334910019899780, 42.00000000000000000 ) ) ;
#1308 = SURFACE_STYLE_USAGE ( .BOTH. , #862 ) ;
#1309 = ORIENTED_EDGE ( 'NONE', *, *, #1001, .F. ) ;
#1310 = DIRECTION ( 'NONE',  ( 0.000000000000000000, -0.000000000000000000, 1.000000000000000000 ) ) ;
#1311 = PLANE ( 'NONE',  #4388 ) ;
#1312 = CARTESIAN_POINT ( 'NONE',  ( -210.0000000000005400, 415.0000000000000568, 2.000000000000000000 ) ) ;
#1313 = VECTOR ( 'NONE', #2957, 1000.000000000000000 ) ;
#1314 = VECTOR ( 'NONE', #3694, 1000.000000000000000 ) ;
#1315 = VERTEX_POINT ( 'NONE', #768 ) ;
#1316 = CARTESIAN_POINT ( 'NONE',  ( -184.9999999999995453, 105.0000000000000995, 2.000000000000000000 ) ) ;
#1317 = VECTOR ( 'NONE', #5450, 1000.000000000000000 ) ;
#1318 = CARTESIAN_POINT ( 'NONE',  ( -355.0000000000006821, 230.0665089980102209, 42.00000000000000000 ) ) ;
#1319 = ORIENTED_EDGE ( 'NONE', *, *, #281, .F. ) ;
#1320 = CARTESIAN_POINT ( 'NONE',  ( -64.99999999999961631, 309.9334910019899780, 42.00000000000000000 ) ) ;
#1321 = VECTOR ( 'NONE', #3599, 1000.000000000000000 ) ;
#1322 = VECTOR ( 'NONE', #3800, 1000.000000000000000 ) ;
#1323 = EDGE_LOOP ( 'NONE', ( #1951, #3586, #5776, #227 ) ) ;
#1324 = ORIENTED_EDGE ( 'NONE', *, *, #3151, .F. ) ;
#1325 = DIRECTION ( 'NONE',  ( 1.000000000000000000, 0.000000000000000000, 0.000000000000000000 ) ) ;
#1326 = VECTOR ( 'NONE', #3279, 1000.000000000000000 ) ;
#1327 = EDGE_CURVE ( 'NONE', #620, #2198, #4857, .T. ) ;
#1328 = DIRECTION ( 'NONE',  ( -0.000000000000000000, -0.000000000000000000, -1.000000000000000000 ) ) ;
#1329 = DIRECTION ( 'NONE',  ( -0.000000000000000000, -0.000000000000000000, -1.000000000000000000 ) ) ;
#1330 = DIRECTION ( 'NONE',  ( 2.775557561562896479E-15, 1.000000000000000000, 0.000000000000000000 ) ) ;
#1331 = ORIENTED_EDGE ( 'NONE', *, *, #106, .T. ) ;
#1332 = ORIENTED_EDGE ( 'NONE', *, *, #5311, .T. ) ;
#1333 = EDGE_CURVE ( 'NONE', #492, #3407, #3175, .T. ) ;
#1334 = CARTESIAN_POINT ( 'NONE',  ( -184.9999999999995453, 215.0665089980102209, 42.00000000000000000 ) ) ;
#1335 = CARTESIAN_POINT ( 'NONE',  ( -189.9999999999995737, 105.0000000000000711, 2.000000000000000000 ) ) ;
#1336 = CARTESIAN_POINT ( 'NONE',  ( -230.0000000000005400, 334.9334910019898643, 42.00000000000000000 ) ) ;
#1337 = VECTOR ( 'NONE', #1949, 1000.000000000000000 ) ;
#1338 = VERTEX_POINT ( 'NONE', #3899 ) ;
#1339 = PRODUCT_RELATED_PRODUCT_CATEGORY ( 'part', '', ( #2581 ) ) ;
#1340 = FACE_OUTER_BOUND ( 'NONE', #2487, .T. ) ;
#1341 = LINE ( 'NONE', #1252, #4581 ) ;
#1342 = ORIENTED_EDGE ( 'NONE', *, *, #4495, .F. ) ;
#1343 = CARTESIAN_POINT ( 'NONE',  ( -169.9999999999996021, 309.9334910019899780, 42.00000000000000000 ) ) ;
#1344 = DIRECTION ( 'NONE',  ( -1.000000000000000000, 0.000000000000000000, 0.000000000000000000 ) ) ;
#1345 = LINE ( 'NONE', #306, #2551 ) ;
#1346 = DIRECTION ( 'NONE',  ( -1.480297366166868866E-14, -1.000000000000000000, 0.000000000000000000 ) ) ;
#1347 = VECTOR ( 'NONE', #1429, 1000.000000000000000 ) ;
#1348 = FILL_AREA_STYLE ('',( #4085 ) ) ;
#1349 = EDGE_CURVE ( 'NONE', #3671, #1563, #1161, .T. ) ;
#1350 = CARTESIAN_POINT ( 'NONE',  ( -230.0000000000005400, 85.00000000000004263, 42.00000000000000000 ) ) ;
#1351 = EDGE_CURVE ( 'NONE', #1205, #935, #295, .T. ) ;
#1352 = VERTEX_POINT ( 'NONE', #2588 ) ;
#1353 = CARTESIAN_POINT ( 'NONE',  ( -49.99999999999965894, 90.00000000000002842, 42.00000000000000000 ) ) ;
#1354 = AXIS2_PLACEMENT_3D ( 'NONE', #3945, #850, #5753 ) ;
#1355 = ORIENTED_EDGE ( 'NONE', *, *, #4702, .T. ) ;
#1356 = VECTOR ( 'NONE', #2986, 1000.000000000000000 ) ;
#1357 = EDGE_LOOP ( 'NONE', ( #1240, #4458, #2217, #1768 ) ) ;
#1358 = LINE ( 'NONE', #2978, #2553 ) ;
#1359 = LINE ( 'NONE', #3176, #2671 ) ;
#1360 = CARTESIAN_POINT ( 'NONE',  ( -189.9999999999995737, 85.00000000000005684, 2.000000000000000000 ) ) ;
#1361 = LINE ( 'NONE', #938, #2457 ) ;
#1362 = ORIENTED_EDGE ( 'NONE', *, *, #1327, .F. ) ;
#1363 = VERTEX_POINT ( 'NONE', #4823 ) ;
#1364 = CARTESIAN_POINT ( 'NONE',  ( -44.99999999999959499, 185.0665089980103915, 2.000000000000000000 ) ) ;
#1365 = CARTESIAN_POINT ( 'NONE',  ( -44.99999999999965183, 230.0665089980102209, 42.00000000000000000 ) ) ;
#1366 = DIRECTION ( 'NONE',  ( -1.000000000000000000, -1.110223024625155594E-14, 0.000000000000000000 ) ) ;
#1367 = EDGE_CURVE ( 'NONE', #1315, #355, #4995, .T. ) ;
#1368 = ORIENTED_EDGE ( 'NONE', *, *, #2240, .T. ) ;
#1369 = DIRECTION ( 'NONE',  ( 0.000000000000000000, -1.000000000000000000, 0.000000000000000000 ) ) ;
#1370 = CARTESIAN_POINT ( 'NONE',  ( -215.0000000000007958, 215.0665089980102209, 42.00000000000000000 ) ) ;
#1371 = ORIENTED_EDGE ( 'NONE', *, *, #3302, .F. ) ;
#1372 = DIRECTION ( 'NONE',  ( -0.000000000000000000, 2.168404344971008868E-16, 1.000000000000000000 ) ) ;
#1373 = LINE ( 'NONE', #4080, #1531 ) ;
#1374 = CARTESIAN_POINT ( 'NONE',  ( -215.0000000000006253, 430.0000000000000568, 42.00000000000000000 ) ) ;
#1375 = EDGE_CURVE ( 'NONE', #4929, #4376, #5252, .T. ) ;
#1376 = FACE_OUTER_BOUND ( 'NONE', #2997, .T. ) ;
#1377 = DIRECTION ( 'NONE',  ( 0.000000000000000000, 1.000000000000000000, 0.000000000000000000 ) ) ;
#1378 = FACE_OUTER_BOUND ( 'NONE', #821, .T. ) ;
#1379 = ORIENTED_EDGE ( 'NONE', *, *, #3470, .F. ) ;
#1380 = PLANE ( 'NONE',  #5901 ) ;
#1381 = ADVANCED_FACE ( 'NONE', ( #3145 ), #5787, .T. ) ;
#1382 = EDGE_CURVE ( 'NONE', #2022, #5777, #2555, .T. ) ;
#1383 = ORIENTED_EDGE ( 'NONE', *, *, #533, .F. ) ;
#1384 = VERTEX_POINT ( 'NONE', #2116 ) ;
#1385 = LINE ( 'NONE', #4216, #3982 ) ;
#1386 = CARTESIAN_POINT ( 'NONE',  ( -184.9999999999994884, 430.0000000000000568, 42.00000000000000000 ) ) ;
#1387 = LINE ( 'NONE', #2227, #4748 ) ;
#1388 = ORIENTED_EDGE ( 'NONE', *, *, #2756, .F. ) ;
#1389 = ORIENTED_EDGE ( 'NONE', *, *, #2047, .T. ) ;
#1390 = CARTESIAN_POINT ( 'NONE',  ( -355.0000000000006821, 230.0665089980102209, 2.000000000000000000 ) ) ;
#1391 = DIRECTION ( 'NONE',  ( -1.000000000000000000, -3.700743415417198986E-15, 0.000000000000000000 ) ) ;
#1392 = LINE ( 'NONE', #2707, #1707 ) ;
#1393 = ORIENTED_EDGE ( 'NONE', *, *, #4260, .F. ) ;
#1394 = DIRECTION ( 'NONE',  ( -0.000000000000000000, -0.000000000000000000, -1.000000000000000000 ) ) ;
#1395 = DIRECTION ( 'NONE',  ( -1.000000000000000000, 0.000000000000000000, 0.000000000000000000 ) ) ;
#1396 = ORIENTED_EDGE ( 'NONE', *, *, #5763, .F. ) ;
#1397 = CARTESIAN_POINT ( 'NONE',  ( -49.99999999999960210, 430.0000000000000000, 42.00000000000000000 ) ) ;
#1398 = ADVANCED_FACE ( 'NONE', ( #3925 ), #322, .F. ) ;
#1399 = CARTESIAN_POINT ( 'NONE',  ( 378.2842712474619589, -8.000000000000000000, 8.000000000000000000 ) ) ;
#1400 = AXIS2_PLACEMENT_3D ( 'NONE', #3408, #3356, #4813 ) ;
#1401 = LINE ( 'NONE', #567, #4637 ) ;
#1402 = FACE_OUTER_BOUND ( 'NONE', #2011, .T. ) ;
#1403 = DIRECTION ( 'NONE',  ( 2.775557561562896479E-15, 1.000000000000000000, 0.000000000000000000 ) ) ;
#1404 = EDGE_LOOP ( 'NONE', ( #3616, #1532, #4437, #4384 ) ) ;
#1405 = CARTESIAN_POINT ( 'NONE',  ( -215.0000000000006253, 415.0000000000000000, 2.000000000000000000 ) ) ;
#1406 = AXIS2_PLACEMENT_3D ( 'NONE', #5531, #2749, #5075 ) ;
#1407 = ADVANCED_FACE ( 'NONE', ( #2143 ), #3951, .F. ) ;
#1408 = AXIS2_PLACEMENT_3D ( 'NONE', #1656, #793, #2973 ) ;
#1409 = VECTOR ( 'NONE', #1873, 1000.000000000000000 ) ;
#1410 = ORIENTED_EDGE ( 'NONE', *, *, #347, .T. ) ;
#1411 = ORIENTED_EDGE ( 'NONE', *, *, #1155, .T. ) ;
#1412 = DIRECTION ( 'NONE',  ( -0.000000000000000000, -0.000000000000000000, -1.000000000000000000 ) ) ;
#1413 = CARTESIAN_POINT ( 'NONE',  ( -44.99999999999965183, 105.0000000000000426, 2.000000000000000000 ) ) ;
#1414 = EDGE_CURVE ( 'NONE', #3860, #2861, #2698, .T. ) ;
#1415 = PLANE ( 'NONE',  #2838 ) ;
#1416 = VECTOR ( 'NONE', #3280, 1000.000000000000000 ) ;
#1417 = VECTOR ( 'NONE', #2426, 1000.000000000000000 ) ;
#1418 = VECTOR ( 'NONE', #325, 1000.000000000000000 ) ;
#1419 = ORIENTED_EDGE ( 'NONE', *, *, #4179, .T. ) ;
#1420 = VECTOR ( 'NONE', #1188, 1000.000000000000000 ) ;
#1421 = ORIENTED_EDGE ( 'NONE', *, *, #756, .F. ) ;
#1422 = CARTESIAN_POINT ( 'NONE',  ( -184.9999999999995453, 165.0665089980103346, 42.00000000000000000 ) ) ;
#1423 = EDGE_CURVE ( 'NONE', #5856, #4603, #4539, .T. ) ;
#1424 = CARTESIAN_POINT ( 'NONE',  ( -335.0000000000005684, 429.9999999999999432, 2.000000000000000000 ) ) ;
#1425 = CARTESIAN_POINT ( 'NONE',  ( -210.0000000000005684, 105.0000000000000426, 2.000000000000000000 ) ) ;
#1426 = ORIENTED_EDGE ( 'NONE', *, *, #4661, .T. ) ;
#1427 = EDGE_LOOP ( 'NONE', ( #5593, #303, #2190, #3288 ) ) ;
#1428 = LINE ( 'NONE', #4497, #3510 ) ;
#1429 = DIRECTION ( 'NONE',  ( 1.000000000000000000, 1.110223024625155594E-14, 0.000000000000000000 ) ) ;
#1430 = ORIENTED_EDGE ( 'NONE', *, *, #4329, .T. ) ;
#1431 = DIRECTION ( 'NONE',  ( 0.000000000000000000, -1.000000000000000000, 2.168404344971008868E-16 ) ) ;
#1432 = DIRECTION ( 'NONE',  ( 1.000000000000000000, 0.000000000000000000, 0.000000000000000000 ) ) ;
#1433 = LINE ( 'NONE', #4082, #5234 ) ;
#1434 = DIRECTION ( 'NONE',  ( 0.000000000000000000, -0.000000000000000000, 1.000000000000000000 ) ) ;
#1435 = PLANE ( 'NONE',  #2451 ) ;
#1436 = CARTESIAN_POINT ( 'NONE',  ( -189.9999999999994884, 210.0665089980103062, 2.000000000000000000 ) ) ;
#1437 = VECTOR ( 'NONE', #3962, 1000.000000000000000 ) ;
#1438 = ORIENTED_EDGE ( 'NONE', *, *, #164, .T. ) ;
#1439 = DIRECTION ( 'NONE',  ( 0.000000000000000000, -1.000000000000000000, 0.000000000000000000 ) ) ;
#1440 = VECTOR ( 'NONE', #5465, 1000.000000000000000 ) ;
#1441 = EDGE_CURVE ( 'NONE', #5215, #3996, #4967, .T. ) ;
#1442 = ORIENTED_EDGE ( 'NONE', *, *, #281, .T. ) ;
#1443 = VERTEX_POINT ( 'NONE', #424 ) ;
#1444 = CARTESIAN_POINT ( 'NONE',  ( -64.99999999999961631, 339.9334910019898643, 42.00000000000000000 ) ) ;
#1445 = DIRECTION ( 'NONE',  ( -0.000000000000000000, -0.000000000000000000, -1.000000000000000000 ) ) ;
#1446 = VECTOR ( 'NONE', #400, 1000.000000000000000 ) ;
#1447 = DIRECTION ( 'NONE',  ( -0.000000000000000000, -0.000000000000000000, -1.000000000000000000 ) ) ;
#1448 = PRODUCT_DEFINITION_CONTEXT ( 'detailed design', #3763, 'design' ) ;
#1449 = EDGE_LOOP ( 'NONE', ( #3531, #3637, #2470, #5745 ) ) ;
#1450 = ORIENTED_EDGE ( 'NONE', *, *, #3302, .T. ) ;
#1451 = CARTESIAN_POINT ( 'NONE',  ( -64.99999999999961631, 309.9334910019899780, 42.00000000000000000 ) ) ;
#1452 = DIRECTION ( 'NONE',  ( 1.000000000000000000, 0.000000000000000000, -0.000000000000000000 ) ) ;
#1453 = PLANE ( 'NONE',  #1896 ) ;
#1454 = ADVANCED_FACE ( 'NONE', ( #4091 ), #1801, .F. ) ;
#1455 = EDGE_CURVE ( 'NONE', #2703, #4429, #4697, .T. ) ;
#1456 = EDGE_LOOP ( 'NONE', ( #4668, #5874, #4821, #1680 ) ) ;
#1457 = ORIENTED_EDGE ( 'NONE', *, *, #2077, .F. ) ;
#1458 = LINE ( 'NONE', #4590, #3317 ) ;
#1459 = LINE ( 'NONE', #4558, #1347 ) ;
#1460 = ORIENTED_EDGE ( 'NONE', *, *, #5143, .F. ) ;
#1461 = FACE_OUTER_BOUND ( 'NONE', #2722, .T. ) ;
#1462 = DIRECTION ( 'NONE',  ( -1.224646799147352714E-16, 1.000000000000000000, 3.773734306841389525E-48 ) ) ;
#1463 = CARTESIAN_POINT ( 'NONE',  ( -230.0000000000005400, 334.9334910019898643, 2.000000000000000000 ) ) ;
#1464 = LINE ( 'NONE', #2327, #1973 ) ;
#1465 = CARTESIAN_POINT ( 'NONE',  ( -64.99999999999961631, 334.9334910019898643, 42.00000000000000000 ) ) ;
#1466 = DIRECTION ( 'NONE',  ( 1.387778780781448239E-15, 1.000000000000000000, 0.000000000000000000 ) ) ;
#1467 = ORIENTED_EDGE ( 'NONE', *, *, #1123, .T. ) ;
#1468 = PLANE ( 'NONE',  #3327 ) ;
#1469 = CARTESIAN_POINT ( 'NONE',  ( -350.0000000000005116, 430.0000000000000000, 42.00000000000000000 ) ) ;
#1470 = ORIENTED_EDGE ( 'NONE', *, *, #4334, .T. ) ;
#1471 = VERTEX_POINT ( 'NONE', #2398 ) ;
#1472 = CARTESIAN_POINT ( 'NONE',  ( -169.9999999999996021, 90.00000000000005684, 2.000000000000000000 ) ) ;
#1473 = CARTESIAN_POINT ( 'NONE',  ( 350.0000000000000568, 9.999999999999946709, 9.999999999999884537 ) ) ;
#1474 = LINE ( 'NONE', #4387, #650 ) ;
#1475 = EDGE_CURVE ( 'NONE', #4366, #175, #71, .T. ) ;
#1476 = ORIENTED_EDGE ( 'NONE', *, *, #5089, .T. ) ;
#1477 = ORIENTED_EDGE ( 'NONE', *, *, #4651, .F. ) ;
#1478 = DIRECTION ( 'NONE',  ( 0.000000000000000000, -1.000000000000000000, 0.000000000000000000 ) ) ;
#1479 = LINE ( 'NONE', #4730, #1788 ) ;
#1480 = EDGE_CURVE ( 'NONE', #1128, #2576, #967, .T. ) ;
#1481 = CARTESIAN_POINT ( 'NONE',  ( -215.0000000000007958, 339.9334910019898075, 42.00000000000000000 ) ) ;
#1482 = VERTEX_POINT ( 'NONE', #1472 ) ;
#1483 = ORIENTED_EDGE ( 'NONE', *, *, #797, .F. ) ;
#1484 = CARTESIAN_POINT ( 'NONE',  ( -215.0000000000006253, 430.0000000000000568, 42.00000000000000000 ) ) ;
#1485 = CARTESIAN_POINT ( 'NONE',  ( -335.0000000000007390, 339.9334910019898643, 2.000000000000000000 ) ) ;
#1486 = VERTEX_POINT ( 'NONE', #2336 ) ;
#1487 = DIRECTION ( 'NONE',  ( 3.700743415417198986E-15, -1.000000000000000000, 0.000000000000000000 ) ) ;
#1488 = CARTESIAN_POINT ( 'NONE',  ( 0.000000000000000000, 0.000000000000000000, 0.000000000000000000 ) ) ;
#1489 = EDGE_CURVE ( 'NONE', #4332, #5395, #4629, .T. ) ;
#1490 = CARTESIAN_POINT ( 'NONE',  ( -64.99999999999961631, 309.9334910019899780, 2.000000000000000000 ) ) ;
#1491 = EDGE_CURVE ( 'NONE', #3822, #4056, #2846, .T. ) ;
#1492 = LINE ( 'NONE', #2444, #4835 ) ;
#1493 = DIRECTION ( 'NONE',  ( -0.000000000000000000, -0.000000000000000000, -1.000000000000000000 ) ) ;
#1494 = ORIENTED_EDGE ( 'NONE', *, *, #3897, .T. ) ;
#1495 = CARTESIAN_POINT ( 'NONE',  ( -184.9999999999995453, 215.0665089980102209, 2.000000000000000000 ) ) ;
#1496 = CARTESIAN_POINT ( 'NONE',  ( -355.0000000000006253, 309.9334910019899212, 42.00000000000000000 ) ) ;
#1497 = ORIENTED_EDGE ( 'NONE', *, *, #2027, .T. ) ;
#1498 = CARTESIAN_POINT ( 'NONE',  ( -44.99999999999953815, 434.9999999999999432, -2.000000000000000000 ) ) ;
#1499 = VECTOR ( 'NONE', #1076, 1000.000000000000000 ) ;
#1500 = ORIENTED_EDGE ( 'NONE', *, *, #3827, .T. ) ;
#1501 = CARTESIAN_POINT ( 'NONE',  ( -215.0000000000007958, 339.9334910019898075, 42.00000000000000000 ) ) ;
#1502 = DIRECTION ( 'NONE',  ( 2.775557561562900423E-15, 1.000000000000000000, 0.000000000000000000 ) ) ;
#1503 = CARTESIAN_POINT ( 'NONE',  ( -49.99999999999960210, 430.0000000000000000, 42.00000000000000000 ) ) ;
#1504 = AXIS2_PLACEMENT_3D ( 'NONE', #3746, #4310, #3297 ) ;
#1505 = VECTOR ( 'NONE', #471, 1000.000000000000000 ) ;
#1506 = ORIENTED_EDGE ( 'NONE', *, *, #2353, .T. ) ;
#1507 = ADVANCED_FACE ( 'NONE', ( #1023 ), #5567, .T. ) ;
#1508 = VERTEX_POINT ( 'NONE', #4149 ) ;
#1509 = AXIS2_PLACEMENT_3D ( 'NONE', #5596, #2401, #3292 ) ;
#1510 = VECTOR ( 'NONE', #99, 1000.000000000000000 ) ;
#1511 = DIRECTION ( 'NONE',  ( -0.000000000000000000, -1.000000000000000000, -0.000000000000000000 ) ) ;
#1512 = DIRECTION ( 'NONE',  ( 1.110223024625155752E-14, -1.000000000000000000, 0.000000000000000000 ) ) ;
#1513 = CARTESIAN_POINT ( 'NONE',  ( 0.000000000000000000, 10.00000000000000000, 10.00000000000000000 ) ) ;
#1514 = VECTOR ( 'NONE', #2059, 1000.000000000000000 ) ;
#1515 = VECTOR ( 'NONE', #4471, 1000.000000000000000 ) ;
#1516 = ORIENTED_EDGE ( 'NONE', *, *, #4110, .T. ) ;
#1517 = EDGE_CURVE ( 'NONE', #3587, #1471, #1059, .T. ) ;
#1518 = ORIENTED_EDGE ( 'NONE', *, *, #5509, .F. ) ;
#1519 = CARTESIAN_POINT ( 'NONE',  ( -189.9999999999995453, 165.0665089980103915, 2.000000000000000000 ) ) ;
#1520 = DIRECTION ( 'NONE',  ( 0.000000000000000000, 0.000000000000000000, 1.000000000000000000 ) ) ;
#1521 = VERTEX_POINT ( 'NONE', #3323 ) ;
#1522 = CARTESIAN_POINT ( 'NONE',  ( -210.0000000000005400, 434.9999999999999432, -2.000000000000000000 ) ) ;
#1523 = VECTOR ( 'NONE', #2109, 1000.000000000000000 ) ;
#1524 = FACE_OUTER_BOUND ( 'NONE', #2020, .T. ) ;
#1525 = CARTESIAN_POINT ( 'NONE',  ( -10.00000000000000000, -10.00000000000000000, -10.00000000000000000 ) ) ;
#1526 = CARTESIAN_POINT ( 'NONE',  ( -210.0000000000005684, 105.0000000000000426, 42.00000000000000000 ) ) ;
#1527 = ORIENTED_EDGE ( 'NONE', *, *, #540, .F. ) ;
#1528 = DIRECTION ( 'NONE',  ( 1.000000000000000000, -1.850371707708599493E-15, 0.000000000000000000 ) ) ;
#1529 = FACE_OUTER_BOUND ( 'NONE', #556, .T. ) ;
#1530 = EDGE_CURVE ( 'NONE', #765, #4398, #1385, .T. ) ;
#1531 = VECTOR ( 'NONE', #2237, 1000.000000000000000 ) ;
#1532 = ORIENTED_EDGE ( 'NONE', *, *, #1669, .F. ) ;
#1533 = CARTESIAN_POINT ( 'NONE',  ( -355.0000000000005684, 434.9999999999999432, -2.000000000000000000 ) ) ;
#1534 = ORIENTED_EDGE ( 'NONE', *, *, #4220, .F. ) ;
#1535 = FACE_OUTER_BOUND ( 'NONE', #2244, .T. ) ;
#1536 = LINE ( 'NONE', #5149, #4442 ) ;
#1537 = ORIENTED_EDGE ( 'NONE', *, *, #5431, .T. ) ;
#1538 = VECTOR ( 'NONE', #735, 1000.000000000000000 ) ;
#1539 = ORIENTED_EDGE ( 'NONE', *, *, #3080, .F. ) ;
#1540 = FACE_OUTER_BOUND ( 'NONE', #1404, .T. ) ;
#1541 = DIRECTION ( 'NONE',  ( 0.000000000000000000, -1.000000000000000000, 0.000000000000000000 ) ) ;
#1542 = DIRECTION ( 'NONE',  ( 0.000000000000000000, 1.000000000000000000, 0.000000000000000000 ) ) ;
#1543 = VECTOR ( 'NONE', #228, 1000.000000000000000 ) ;
#1544 = ADVANCED_BREP_SHAPE_REPRESENTATION ( '', ( #778, #4192 ), #2202 ) ;
#1545 = ORIENTED_EDGE ( 'NONE', *, *, #1053, .T. ) ;
#1546 = VERTEX_POINT ( 'NONE', #1953 ) ;
#1547 = DIRECTION ( 'NONE',  ( -1.480297366166868866E-14, 1.000000000000000000, 0.000000000000000000 ) ) ;
#1548 = LINE ( 'NONE', #3338, #3354 ) ;
#1549 = VECTOR ( 'NONE', #4960, 1000.000000000000000 ) ;
#1550 = ORIENTED_EDGE ( 'NONE', *, *, #5861, .F. ) ;
#1551 = DIRECTION ( 'NONE',  ( 0.000000000000000000, -1.000000000000000000, 0.000000000000000000 ) ) ;
#1552 = APPLICATION_PROTOCOL_DEFINITION ( 'draft international standard', 'automotive_design', 1998, #4795 ) ;
#1553 = DIRECTION ( 'NONE',  ( -0.000000000000000000, -0.000000000000000000, -1.000000000000000000 ) ) ;
#1554 = EDGE_CURVE ( 'NONE', #2758, #1508, #1889, .T. ) ;
#1555 = LINE ( 'NONE', #1583, #1356 ) ;
#1556 = ORIENTED_EDGE ( 'NONE', *, *, #1475, .F. ) ;
#1557 = DIRECTION ( 'NONE',  ( 1.000000000000000000, 1.850371707708599493E-15, 0.000000000000000000 ) ) ;
#1558 = CARTESIAN_POINT ( 'NONE',  ( -230.0000000000005969, 430.0000000000000568, 42.00000000000000000 ) ) ;
#1559 = EDGE_CURVE ( 'NONE', #2858, #4278, #105, .T. ) ;
#1560 = EDGE_CURVE ( 'NONE', #992, #5215, #996, .T. ) ;
#1561 = ORIENTED_EDGE ( 'NONE', *, *, #5763, .T. ) ;
#1562 = DIRECTION ( 'NONE',  ( -1.000000000000000000, -3.700743415417198986E-15, 0.000000000000000000 ) ) ;
#1563 = VERTEX_POINT ( 'NONE', #4665 ) ;
#1564 = CARTESIAN_POINT ( 'NONE',  ( -210.0000000000005684, 105.0000000000000426, 42.00000000000000000 ) ) ;
#1565 = CARTESIAN_POINT ( 'NONE',  ( -184.9999999999994884, 415.0000000000000000, 42.00000000000000000 ) ) ;
#1566 = EDGE_CURVE ( 'NONE', #2918, #704, #2368, .T. ) ;
#1567 = EDGE_CURVE ( 'NONE', #3676, #390, #577, .T. ) ;
#1568 = VERTEX_POINT ( 'NONE', #5594 ) ;
#1569 = ORIENTED_EDGE ( 'NONE', *, *, #4238, .T. ) ;
#1570 = LINE ( 'NONE', #3772, #2400 ) ;
#1571 = DIRECTION ( 'NONE',  ( 0.000000000000000000, -1.000000000000000000, 0.000000000000000000 ) ) ;
#1572 = PLANE ( 'NONE',  #3136 ) ;
#1573 = VERTEX_POINT ( 'NONE', #2876 ) ;
#1574 = ORIENTED_EDGE ( 'NONE', *, *, #2035, .F. ) ;
#1575 = DIRECTION ( 'NONE',  ( 0.000000000000000000, -1.000000000000000000, 0.000000000000000000 ) ) ;
#1576 = CARTESIAN_POINT ( 'NONE',  ( -184.9999999999995453, 215.0665089980102209, 42.00000000000000000 ) ) ;
#1577 = EDGE_LOOP ( 'NONE', ( #1957, #139, #2169, #412 ) ) ;
#1578 = CARTESIAN_POINT ( 'NONE',  ( -210.0000000000005684, 354.9334910019898643, 2.000000000000000000 ) ) ;
#1579 = ITEM_DEFINED_TRANSFORMATION ( 'NONE', 'NONE', #3149,  #4192 ) ;
#1580 = DIRECTION ( 'NONE',  ( -1.000000000000000000, -1.850371707708599493E-15, 0.000000000000000000 ) ) ;
#1581 = CARTESIAN_POINT ( 'NONE',  ( -49.99999999999965894, 180.0665089980104199, 42.00000000000000000 ) ) ;
#1582 = EDGE_CURVE ( 'NONE', #4711, #4398, #936, .T. ) ;
#1583 = CARTESIAN_POINT ( 'NONE',  ( -335.0000000000007390, 185.0665089980103915, 2.000000000000000000 ) ) ;
#1584 = VERTEX_POINT ( 'NONE', #5148 ) ;
#1585 = DIRECTION ( 'NONE',  ( -0.000000000000000000, -0.000000000000000000, -1.000000000000000000 ) ) ;
#1586 = LINE ( 'NONE', #660, #1623 ) ;
#1587 = VERTEX_POINT ( 'NONE', #3651 ) ;
#1588 = LINE ( 'NONE', #4695, #2639 ) ;
#1589 = ADVANCED_FACE ( 'NONE', ( #2759 ), #4575, .T. ) ;
#1590 = ORIENTED_EDGE ( 'NONE', *, *, #1582, .F. ) ;
#1591 = LINE ( 'NONE', #5178, #3225 ) ;
#1592 = ORIENTED_EDGE ( 'NONE', *, *, #1305, .F. ) ;
#1593 = EDGE_CURVE ( 'NONE', #271, #436, #3678, .T. ) ;
#1594 = VERTEX_POINT ( 'NONE', #4756 ) ;
#1595 = DIRECTION ( 'NONE',  ( 1.000000000000000000, 0.000000000000000000, 0.000000000000000000 ) ) ;
#1596 = CARTESIAN_POINT ( 'NONE',  ( -355.0000000000005116, 415.0000000000000000, 2.000000000000000000 ) ) ;
#1597 = STYLED_ITEM ( 'NONE', ( #534 ), #778 ) ;
#1598 = FACE_OUTER_BOUND ( 'NONE', #4913, .T. ) ;
#1599 = VECTOR ( 'NONE', #4282, 1000.000000000000000 ) ;
#1600 = VERTEX_POINT ( 'NONE', #4361 ) ;
#1601 = VECTOR ( 'NONE', #4286, 1000.000000000000000 ) ;
#1602 = ADVANCED_FACE ( 'NONE', ( #1535 ), #3358, .T. ) ;
#1603 = ORIENTED_EDGE ( 'NONE', *, *, #16, .F. ) ;
#1604 = CARTESIAN_POINT ( 'NONE',  ( -10.00000000000000000, -10.00000000000000178, -19.99999999999999645 ) ) ;
#1605 = LINE ( 'NONE', #1162, #5641 ) ;
#1606 = DIRECTION ( 'NONE',  ( 2.775557561562893323E-15, 1.000000000000000000, 0.000000000000000000 ) ) ;
#1607 = CARTESIAN_POINT ( 'NONE',  ( 350.0000000000000568, -7.999999999999996447, -8.000000000000000000 ) ) ;
#1608 = AXIS2_PLACEMENT_3D ( 'NONE', #2066, #109, #4782 ) ;
#1609 = VECTOR ( 'NONE', #1439, 1000.000000000000000 ) ;
#1610 = VECTOR ( 'NONE', #858, 1000.000000000000000 ) ;
#1611 = LINE ( 'NONE', #2060, #1499 ) ;
#1612 = VECTOR ( 'NONE', #264, 1000.000000000000000 ) ;
#1613 = LINE ( 'NONE', #188, #4212 ) ;
#1614 = VERTEX_POINT ( 'NONE', #5206 ) ;
#1615 = DIRECTION ( 'NONE',  ( -0.000000000000000000, -0.000000000000000000, -1.000000000000000000 ) ) ;
#1616 = CARTESIAN_POINT ( 'NONE',  ( -355.0000000000006821, 230.0665089980102209, 42.00000000000000000 ) ) ;
#1617 = LINE ( 'NONE', #2509, #366 ) ;
#1618 = ORIENTED_EDGE ( 'NONE', *, *, #566, .F. ) ;
#1619 = CARTESIAN_POINT ( 'NONE',  ( -44.99999999999965183, 354.9334910019898643, 42.00000000000000000 ) ) ;
#1620 = ORIENTED_EDGE ( 'NONE', *, *, #3693, .F. ) ;
#1621 = CARTESIAN_POINT ( 'NONE',  ( -350.0000000000006821, 289.9334910019899780, 42.00000000000000000 ) ) ;
#1622 = EDGE_CURVE ( 'NONE', #4250, #2515, #196, .T. ) ;
#1623 = VECTOR ( 'NONE', #4326, 1000.000000000000000 ) ;
#1624 = VERTEX_POINT ( 'NONE', #1621 ) ;
#1625 = ORIENTED_EDGE ( 'NONE', *, *, #3009, .T. ) ;
#1626 = PLANE ( 'NONE',  #5744 ) ;
#1627 = DIRECTION ( 'NONE',  ( -1.000000000000000000, -1.480297366166868866E-14, 0.000000000000000000 ) ) ;
#1628 = CARTESIAN_POINT ( 'NONE',  ( -355.0000000000006253, 334.9334910019899212, 42.00000000000000000 ) ) ;
#1629 =( REPRESENTATION_RELATIONSHIP ('NONE','NONE', #4154, #5620 ) REPRESENTATION_RELATIONSHIP_WITH_TRANSFORMATION ( #2982 )SHAPE_REPRESENTATION_RELATIONSHIP( ) );
#1630 = ADVANCED_FACE ( 'NONE', ( #3831 ), #4274, .F. ) ;
#1631 = EDGE_CURVE ( 'NONE', #1260, #5040, #3411, .T. ) ;
#1632 = EDGE_LOOP ( 'NONE', ( #1620, #4004, #1084, #1838 ) ) ;
#1633 = ORIENTED_EDGE ( 'NONE', *, *, #5728, .F. ) ;
#1634 = CARTESIAN_POINT ( 'NONE',  ( -10.00000000000000000, -10.00000000000000000, -10.00000000000000000 ) ) ;
#1635 = LINE ( 'NONE', #2439, #389 ) ;
#1636 = CARTESIAN_POINT ( 'NONE',  ( 410.0000000000001137, 8.000000000000000000, -17.99999999999999645 ) ) ;
#1637 = PRODUCT_CONTEXT ( 'NONE', #5716, 'mechanical' ) ;
#1638 = CARTESIAN_POINT ( 'NONE',  ( -355.0000000000006821, 230.0665089980102209, 42.00000000000000000 ) ) ;
#1639 = VECTOR ( 'NONE', #5626, 1000.000000000000000 ) ;
#1640 = EDGE_CURVE ( 'NONE', #3113, #3059, #5239, .T. ) ;
#1641 = ADVANCED_FACE ( 'NONE', ( #2932, #5631 ), #665, .F. ) ;
#1642 = PRESENTATION_LAYER_ASSIGNMENT (  '', '', ( #2975 ) ) ;
#1643 = LINE ( 'NONE', #3463, #2177 ) ;
#1644 = ORIENTED_EDGE ( 'NONE', *, *, #1480, .F. ) ;
#1645 = CARTESIAN_POINT ( 'NONE',  ( -189.9999999999994884, 415.0000000000000568, 42.00000000000000000 ) ) ;
#1646 = DIRECTION ( 'NONE',  ( 1.000000000000000000, 0.000000000000000000, 0.000000000000000000 ) ) ;
#1647 = LINE ( 'NONE', #4631, #458 ) ;
#1648 = ORIENTED_EDGE ( 'NONE', *, *, #1560, .F. ) ;
#1649 = DIRECTION ( 'NONE',  ( 1.000000000000000000, -2.775557561562904367E-15, 0.000000000000000000 ) ) ;
#1650 = ORIENTED_EDGE ( 'NONE', *, *, #1423, .F. ) ;
#1651 = DIRECTION ( 'NONE',  ( -0.000000000000000000, 0.000000000000000000, -1.000000000000000000 ) ) ;
#1652 = ORIENTED_EDGE ( 'NONE', *, *, #4441, .F. ) ;
#1653 = ORIENTED_EDGE ( 'NONE', *, *, #4403, .T. ) ;
#1654 = ADVANCED_FACE ( 'NONE', ( #3021 ), #4842, .F. ) ;
#1655 = DIRECTION ( 'NONE',  ( -1.000000000000000000, 0.000000000000000000, -0.000000000000000000 ) ) ;
#1656 = CARTESIAN_POINT ( 'NONE',  ( 0.000000000000000000, 0.000000000000000000, 42.00000000000000000 ) ) ;
#1657 = CARTESIAN_POINT ( 'NONE',  ( -210.0000000000006537, 185.0665089980103346, 42.00000000000000000 ) ) ;
#1658 = ORIENTED_EDGE ( 'NONE', *, *, #1190, .T. ) ;
#1659 = VERTEX_POINT ( 'NONE', #3385 ) ;
#1660 = DIRECTION ( 'NONE',  ( -0.000000000000000000, -0.000000000000000000, -1.000000000000000000 ) ) ;
#1661 = ADVANCED_FACE ( 'NONE', ( #3857 ), #4723, .T. ) ;
#1662 = CARTESIAN_POINT ( 'NONE',  ( -355.0000000000005684, 85.00000000000005684, 2.000000000000000000 ) ) ;
#1663 = CARTESIAN_POINT ( 'NONE',  ( -169.9999999999995453, 435.0000000000000568, 42.00000000000000000 ) ) ;
#1664 = APPLICATION_PROTOCOL_DEFINITION ( 'draft international standard', 'automotive_design', 1998, #3648 ) ;
#1665 = DIRECTION ( 'NONE',  ( -0.000000000000000000, -0.000000000000000000, -1.000000000000000000 ) ) ;
#1666 = LINE ( 'NONE', #1757, #4750 ) ;
#1667 = ADVANCED_FACE ( 'NONE', ( #2488 ), #5718, .F. ) ;
#1668 = CARTESIAN_POINT ( 'NONE',  ( -350.0000000000004547, 180.0665089980104199, 42.00000000000000000 ) ) ;
#1669 = EDGE_CURVE ( 'NONE', #960, #3493, #162, .T. ) ;
#1670 = ORIENTED_EDGE ( 'NONE', *, *, #2572, .T. ) ;
#1671 = FACE_OUTER_BOUND ( 'NONE', #1357, .T. ) ;
#1672 = CARTESIAN_POINT ( 'NONE',  ( -350.0000000000005116, 414.9999999999999432, 42.00000000000000000 ) ) ;
#1673 = DIRECTION ( 'NONE',  ( -0.000000000000000000, -0.000000000000000000, -1.000000000000000000 ) ) ;
#1674 = ORIENTED_EDGE ( 'NONE', *, *, #3592, .F. ) ;
#1675 = LINE ( 'NONE', #3019, #1782 ) ;
#1676 = PRODUCT_DEFINITION_SHAPE ( 'NONE', 'NONE',  #5500 ) ;
#1677 = EDGE_CURVE ( 'NONE', #2964, #3388, #4788, .T. ) ;
#1678 = ORIENTED_EDGE ( 'NONE', *, *, #4844, .T. ) ;
#1679 = LINE ( 'NONE', #2221, #5235 ) ;
#1680 = ORIENTED_EDGE ( 'NONE', *, *, #972, .T. ) ;
#1681 = CLOSED_SHELL ( 'NONE', ( #1667, #507, #2405, #452, #2914, #5359, #1306, #4411, #2394, #4141, #220, #5302, #5532, #5537, #2253, #1750, #3024, #3667, #1074, #5866, #2170, #3675, #1589, #2222, #4904, #5544, #1661, #5586, #3267, #4094, #425, #1859, #573, #3050, #5288, #3086, #252, #313, #269, #1407, #2843, #5248, #1824, #3533, #718, #833, #1507, #1705, #3481, #652, #4362, #1992, #5349, #4146, #4843, #3921, #2727, #3931, #363, #4912, #3600, #3914, #978, #1630, #4811, #1654, #4944, #2768, #4207, #1198, #1227, #1602, #1291, #2955 ) ) ;
#1682 = ORIENTED_EDGE ( 'NONE', *, *, #3521, .T. ) ;
#1683 = CARTESIAN_POINT ( 'NONE',  ( -350.0000000000004547, 304.9334910019900349, 42.00000000000000000 ) ) ;
#1684 = ORIENTED_EDGE ( 'NONE', *, *, #3205, .T. ) ;
#1685 = CARTESIAN_POINT ( 'NONE',  ( -350.0000000000004547, 215.0665089980102209, 42.00000000000000000 ) ) ;
#1686 = DIRECTION ( 'NONE',  ( -0.000000000000000000, -0.000000000000000000, -1.000000000000000000 ) ) ;
#1687 = AXIS2_PLACEMENT_3D ( 'NONE', #4240, #2101, #223 ) ;
#1688 = ORIENTED_EDGE ( 'NONE', *, *, #381, .F. ) ;
#1689 = ORIENTED_EDGE ( 'NONE', *, *, #5032, .T. ) ;
#1690 = CARTESIAN_POINT ( 'NONE',  ( 0.000000000000000000, 0.000000000000000000, 42.00000000000000000 ) ) ;
#1691 = VECTOR ( 'NONE', #2239, 1000.000000000000000 ) ;
#1692 = DIRECTION ( 'NONE',  ( -0.000000000000000000, -0.000000000000000000, -1.000000000000000000 ) ) ;
#1693 = DIRECTION ( 'NONE',  ( -1.000000000000000000, 2.775557561562908312E-15, 0.000000000000000000 ) ) ;
#1694 = LINE ( 'NONE', #771, #1418 ) ;
#1695 = AXIS2_PLACEMENT_3D ( 'NONE', #5694, #3366, #586 ) ;
#1696 = AXIS2_PLACEMENT_3D ( 'NONE', #1040, #2859, #1547 ) ;
#1697 = EDGE_CURVE ( 'NONE', #113, #4200, #1591, .T. ) ;
#1698 = CARTESIAN_POINT ( 'NONE',  ( -10.00000000000000000, -8.000000000000001776, -17.99999999999999645 ) ) ;
#1699 = CARTESIAN_POINT ( 'NONE',  ( -335.0000000000007390, 304.9334910019899780, 42.00000000000000000 ) ) ;
#1700 = ORIENTED_EDGE ( 'NONE', *, *, #3859, .F. ) ;
#1701 = CARTESIAN_POINT ( 'NONE',  ( -169.9999999999996021, 185.0665089980103915, 42.00000000000000000 ) ) ;
#1702 = VECTOR ( 'NONE', #4354, 1000.000000000000000 ) ;
#1703 = AXIS2_PLACEMENT_3D ( 'NONE', #5808, #4876, #3617 ) ;
#1704 = CARTESIAN_POINT ( 'NONE',  ( -215.0000000000007958, 339.9334910019898075, 42.00000000000000000 ) ) ;
#1705 = ADVANCED_FACE ( 'NONE', ( #2904 ), #630, .F. ) ;
#1706 = EDGE_CURVE ( 'NONE', #5378, #3750, #2046, .T. ) ;
#1707 = VECTOR ( 'NONE', #3272, 1000.000000000000000 ) ;
#1708 = VECTOR ( 'NONE', #2385, 1000.000000000000000 ) ;
#1709 = ORIENTED_EDGE ( 'NONE', *, *, #5509, .T. ) ;
#1710 = DIRECTION ( 'NONE',  ( 2.775557561562891351E-16, -0.000000000000000000, 1.000000000000000000 ) ) ;
#1711 = PLANE ( 'NONE',  #3362 ) ;
#1712 = ORIENTED_EDGE ( 'NONE', *, *, #5442, .T. ) ;
#1713 = DIRECTION ( 'NONE',  ( 0.000000000000000000, 1.000000000000000000, 0.000000000000000000 ) ) ;
#1714 = EDGE_CURVE ( 'NONE', #5803, #1260, #2070, .T. ) ;
#1715 = ADVANCED_FACE ( 'NONE', ( #2161 ), #1766, .F. ) ;
#1716 = ORIENTED_EDGE ( 'NONE', *, *, #3447, .F. ) ;
#1717 = ORIENTED_EDGE ( 'NONE', *, *, #3749, .F. ) ;
#1718 = LINE ( 'NONE', #316, #1446 ) ;
#1719 = VERTEX_POINT ( 'NONE', #3583 ) ;
#1720 = CARTESIAN_POINT ( 'NONE',  ( -184.9999999999995453, 180.0665089980104199, 42.00000000000000000 ) ) ;
#1721 = DIRECTION ( 'NONE',  ( 0.000000000000000000, 1.000000000000000000, 0.000000000000000000 ) ) ;
#1722 = EDGE_LOOP ( 'NONE', ( #2938, #3245, #3751, #5079 ) ) ;
#1723 = VECTOR ( 'NONE', #779, 1000.000000000000000 ) ;
#1724 = ORIENTED_EDGE ( 'NONE', *, *, #2483, .T. ) ;
#1725 = DIRECTION ( 'NONE',  ( -1.000000000000000000, 0.000000000000000000, 0.000000000000000000 ) ) ;
#1726 = CARTESIAN_POINT ( 'NONE',  ( -350.0000000000004547, 180.0665089980104199, 42.00000000000000000 ) ) ;
#1727 = LINE ( 'NONE', #1779, #3326 ) ;
#1728 = VECTOR ( 'NONE', #3906, 1000.000000000000000 ) ;
#1729 = VECTOR ( 'NONE', #1725, 1000.000000000000000 ) ;
#1730 = CARTESIAN_POINT ( 'NONE',  ( -49.99999999999965894, 339.9334910019898075, 2.000000000000000000 ) ) ;
#1731 =( LENGTH_UNIT ( ) NAMED_UNIT ( * ) SI_UNIT ( .MILLI., .METRE. ) );
#1732 = VECTOR ( 'NONE', #191, 1000.000000000000000 ) ;
#1733 = ORIENTED_EDGE ( 'NONE', *, *, #4074, .F. ) ;
#1734 = DIRECTION ( 'NONE',  ( 0.000000000000000000, 0.000000000000000000, 1.000000000000000000 ) ) ;
#1735 = LINE ( 'NONE', #1821, #4003 ) ;
#1736 = EDGE_CURVE ( 'NONE', #3410, #3173, #3110, .T. ) ;
#1737 = PLANE ( 'NONE',  #2270 ) ;
#1738 = AXIS2_PLACEMENT_3D ( 'NONE', #4687, #5076, #2303 ) ;
#1739 = ORIENTED_EDGE ( 'NONE', *, *, #170, .T. ) ;
#1740 = DIRECTION ( 'NONE',  ( 0.000000000000000000, -1.000000000000000000, -1.084202172485504434E-16 ) ) ;
#1741 = CARTESIAN_POINT ( 'NONE',  ( -355.0000000000006821, 289.9334910019900349, 42.00000000000000000 ) ) ;
#1742 = VERTEX_POINT ( 'NONE', #5414 ) ;
#1743 = FACE_OUTER_BOUND ( 'NONE', #5449, .T. ) ;
#1744 = EDGE_CURVE ( 'NONE', #1775, #4875, #1679, .T. ) ;
#1745 = EDGE_LOOP ( 'NONE', ( #1733, #3501, #3208, #409 ) ) ;
#1746 = ORIENTED_EDGE ( 'NONE', *, *, #2422, .F. ) ;
#1747 = ADVANCED_FACE ( 'NONE', ( #5864 ), #4028, .F. ) ;
#1748 = DIRECTION ( 'NONE',  ( 1.387778780781447450E-15, 1.000000000000000000, 0.000000000000000000 ) ) ;
#1749 = CARTESIAN_POINT ( 'NONE',  ( -355.0000000000005684, 434.9999999999999432, 2.000000000000000000 ) ) ;
#1750 = ADVANCED_FACE ( 'NONE', ( #4481 ), #4964, .T. ) ;
#1751 = CARTESIAN_POINT ( 'NONE',  ( -64.99999999999961631, 90.00000000000005684, 42.00000000000000000 ) ) ;
#1752 = ORIENTED_EDGE ( 'NONE', *, *, #2285, .T. ) ;
#1753 = EDGE_LOOP ( 'NONE', ( #2570, #1674, #1203, #2100 ) ) ;
#1754 = CARTESIAN_POINT ( 'NONE',  ( -335.0000000000007390, 210.0665089980102493, 42.00000000000000000 ) ) ;
#1755 = PLANE ( 'NONE',  #4950 ) ;
#1756 = CARTESIAN_POINT ( 'NONE',  ( -189.9999999999994884, 210.0665089980103062, 2.000000000000000000 ) ) ;
#1757 = CARTESIAN_POINT ( 'NONE',  ( -350.0000000000004547, 304.9334910019900349, 2.000000000000000000 ) ) ;
#1758 = VERTEX_POINT ( 'NONE', #4393 ) ;
#1759 = CARTESIAN_POINT ( 'NONE',  ( -210.0000000000005684, 230.0665089980102209, 42.00000000000000000 ) ) ;
#1760 = DIRECTION ( 'NONE',  ( 1.000000000000000000, -3.700743415417198986E-15, 0.000000000000000000 ) ) ;
#1761 = ADVANCED_FACE ( 'NONE', ( #3502 ), #5889, .F. ) ;
#1762 = ORIENTED_EDGE ( 'NONE', *, *, #944, .F. ) ;
#1763 = DIRECTION ( 'NONE',  ( -1.000000000000000000, -3.700743415417254206E-15, 0.000000000000000000 ) ) ;
#1764 = FACE_OUTER_BOUND ( 'NONE', #3806, .T. ) ;
#1765 = ORIENTED_EDGE ( 'NONE', *, *, #3826, .T. ) ;
#1766 = PLANE ( 'NONE',  #3610 ) ;
#1767 = EDGE_CURVE ( 'NONE', #2497, #355, #1290, .T. ) ;
#1768 = ORIENTED_EDGE ( 'NONE', *, *, #819, .T. ) ;
#1769 = ORIENTED_EDGE ( 'NONE', *, *, #2605, .F. ) ;
#1770 = FACE_OUTER_BOUND ( 'NONE', #3889, .T. ) ;
#1771 = CARTESIAN_POINT ( 'NONE',  ( -230.0000000000005969, 430.0000000000000568, 2.000000000000000000 ) ) ;
#1772 = DIRECTION ( 'NONE',  ( -0.000000000000000000, -0.000000000000000000, -1.000000000000000000 ) ) ;
#1773 = VECTOR ( 'NONE', #5481, 1000.000000000000000 ) ;
#1774 = ADVANCED_FACE ( 'NONE', ( #3142 ), #3085, .T. ) ;
#1775 = VERTEX_POINT ( 'NONE', #4507 ) ;
#1776 = ORIENTED_EDGE ( 'NONE', *, *, #4100, .T. ) ;
#1777 = CARTESIAN_POINT ( 'NONE',  ( -64.99999999999961631, 210.0665089980102493, 2.000000000000000000 ) ) ;
#1778 = CARTESIAN_POINT ( 'NONE',  ( -184.9999999999995453, 215.0665089980102209, 2.000000000000000000 ) ) ;
#1779 = CARTESIAN_POINT ( 'NONE',  ( -350.0000000000005116, 430.0000000000000000, 42.00000000000000000 ) ) ;
#1780 = EDGE_CURVE ( 'NONE', #3363, #1443, #365, .T. ) ;
#1781 = ORIENTED_EDGE ( 'NONE', *, *, #5658, .F. ) ;
#1782 = VECTOR ( 'NONE', #1710, 1000.000000000000000 ) ;
#1783 = DIRECTION ( 'NONE',  ( 1.000000000000000000, 0.000000000000000000, -0.000000000000000000 ) ) ;
#1784 = ORIENTED_EDGE ( 'NONE', *, *, #4187, .T. ) ;
#1785 = CARTESIAN_POINT ( 'NONE',  ( -10.00000000000000000, -10.00000000000000178, 19.99999999999999645 ) ) ;
#1786 = DIRECTION ( 'NONE',  ( -0.000000000000000000, -0.000000000000000000, -1.000000000000000000 ) ) ;
#1787 = DIRECTION ( 'NONE',  ( 1.000000000000000000, 3.700743415417198986E-15, 0.000000000000000000 ) ) ;
#1788 = VECTOR ( 'NONE', #2821, 1000.000000000000000 ) ;
#1789 = VECTOR ( 'NONE', #4686, 1000.000000000000000 ) ;
#1790 = PLANE ( 'NONE',  #5598 ) ;
#1791 = AXIS2_PLACEMENT_3D ( 'NONE', #1374, #5585, #3251 ) ;
#1792 = DIRECTION ( 'NONE',  ( 1.850371707708599493E-15, -1.000000000000000000, 0.000000000000000000 ) ) ;
#1793 = AXIS2_PLACEMENT_3D ( 'NONE', #1634, #4057, #455 ) ;
#1794 = LINE ( 'NONE', #5412, #2594 ) ;
#1795 = ORIENTED_EDGE ( 'NONE', *, *, #2907, .F. ) ;
#1796 = DIRECTION ( 'NONE',  ( 1.000000000000000000, 0.000000000000000000, -0.000000000000000000 ) ) ;
#1797 = AXIS2_PLACEMENT_3D ( 'NONE', #2886, #4373, #5756 ) ;
#1798 = VECTOR ( 'NONE', #4658, 1000.000000000000000 ) ;
#1799 = VERTEX_POINT ( 'NONE', #1353 ) ;
#1800 = ORIENTED_EDGE ( 'NONE', *, *, #2586, .F. ) ;
#1801 = PLANE ( 'NONE',  #5893 ) ;
#1802 = VECTOR ( 'NONE', #5071, 1000.000000000000000 ) ;
#1803 = CARTESIAN_POINT ( 'NONE',  ( -169.9999999999996021, 309.9334910019899780, 42.00000000000000000 ) ) ;
#1804 = LINE ( 'NONE', #4092, #539 ) ;
#1805 = FACE_OUTER_BOUND ( 'NONE', #4271, .T. ) ;
#1806 = EDGE_CURVE ( 'NONE', #5634, #3427, #2194, .T. ) ;
#1807 = PRODUCT_DEFINITION ( 'UNKNOWN', '', #201, #1026 ) ;
#1808 = VERTEX_POINT ( 'NONE', #420 ) ;
#1809 = ORIENTED_EDGE ( 'NONE', *, *, #3056, .T. ) ;
#1810 = CARTESIAN_POINT ( 'NONE',  ( -64.99999999999955946, 434.9999999999999432, 42.00000000000000000 ) ) ;
#1811 = CARTESIAN_POINT ( 'NONE',  ( 0.000000000000000000, 0.000000000000000000, 42.00000000000000000 ) ) ;
#1812 = EDGE_CURVE ( 'NONE', #904, #2918, #337, .T. ) ;
#1813 = LINE ( 'NONE', #523, #4758 ) ;
#1814 = EDGE_CURVE ( 'NONE', #1546, #3579, #5838, .T. ) ;
#1815 = VECTOR ( 'NONE', #4500, 1000.000000000000000 ) ;
#1816 = ORIENTED_EDGE ( 'NONE', *, *, #4547, .F. ) ;
#1817 = CARTESIAN_POINT ( 'NONE',  ( -184.9999999999995453, 215.0665089980102209, 2.000000000000000000 ) ) ;
#1818 = LINE ( 'NONE', #1699, #1440 ) ;
#1819 = ORIENTED_EDGE ( 'NONE', *, *, #4546, .F. ) ;
#1820 = DIRECTION ( 'NONE',  ( -0.000000000000000000, -0.000000000000000000, -1.000000000000000000 ) ) ;
#1821 = CARTESIAN_POINT ( 'NONE',  ( -44.99999999999965183, 165.0665089980103915, 42.00000000000000000 ) ) ;
#1822 = EDGE_CURVE ( 'NONE', #103, #5667, #5358, .T. ) ;
#1823 = DIRECTION ( 'NONE',  ( 1.000000000000000000, 0.000000000000000000, -0.000000000000000000 ) ) ;
#1824 = ADVANCED_FACE ( 'NONE', ( #1743 ), #4930, .T. ) ;
#1825 = FACE_OUTER_BOUND ( 'NONE', #4943, .T. ) ;
#1826 = DIRECTION ( 'NONE',  ( 0.000000000000000000, 1.000000000000000000, 0.000000000000000000 ) ) ;
#1827 = PRODUCT_DEFINITION_SHAPE ( 'NONE', 'NONE',  #5908 ) ;
#1828 = LINE ( 'NONE', #1318, #3736 ) ;
#1829 = ORIENTED_EDGE ( 'NONE', *, *, #4439, .F. ) ;
#1830 = DIRECTION ( 'NONE',  ( -1.000000000000000000, 0.000000000000000000, 0.000000000000000000 ) ) ;
#1831 = AXIS2_PLACEMENT_3D ( 'NONE', #2076, #2493, #2941 ) ;
#1832 = VERTEX_POINT ( 'NONE', #4990 ) ;
#1833 = VECTOR ( 'NONE', #3700, 1000.000000000000000 ) ;
#1834 = VERTEX_POINT ( 'NONE', #2574 ) ;
#1835 = DIRECTION ( 'NONE',  ( -0.000000000000000000, -0.000000000000000000, -1.000000000000000000 ) ) ;
#1836 = DIRECTION ( 'NONE',  ( 0.000000000000000000, 1.000000000000000000, 0.000000000000000000 ) ) ;
#1837 = FACE_OUTER_BOUND ( 'NONE', #590, .T. ) ;
#1838 = ORIENTED_EDGE ( 'NONE', *, *, #192, .T. ) ;
#1839 = EDGE_CURVE ( 'NONE', #2452, #3427, #5476, .T. ) ;
#1840 = ORIENTED_EDGE ( 'NONE', *, *, #4064, .F. ) ;
#1841 = LINE ( 'NONE', #1900, #2592 ) ;
#1842 = LINE ( 'NONE', #4157, #4549 ) ;
#1843 = CARTESIAN_POINT ( 'NONE',  ( -169.9999999999995453, 430.0000000000000568, 42.00000000000000000 ) ) ;
#1844 = VERTEX_POINT ( 'NONE', #3702 ) ;
#1845 = EDGE_CURVE ( 'NONE', #2730, #2573, #3229, .T. ) ;
#1846 = LINE ( 'NONE', #5489, #5423 ) ;
#1847 = LINE ( 'NONE', #1041, #3632 ) ;
#1848 = VERTEX_POINT ( 'NONE', #449 ) ;
#1849 = LINE ( 'NONE', #2297, #2564 ) ;
#1850 = CARTESIAN_POINT ( 'NONE',  ( -35.00000000000007816, 84.99999999999994316, 1.033895191682177154E-13 ) ) ;
#1851 = LINE ( 'NONE', #3757, #3512 ) ;
#1852 = LINE ( 'NONE', #3669, #2832 ) ;
#1853 = EDGE_CURVE ( 'NONE', #4196, #32, #4145, .T. ) ;
#1854 = ADVANCED_FACE ( 'NONE', ( #4118 ), #1468, .T. ) ;
#1855 = CARTESIAN_POINT ( 'NONE',  ( -215.0000000000005684, 230.0665089980102778, 42.00000000000000000 ) ) ;
#1856 = CARTESIAN_POINT ( 'NONE',  ( -355.0000000000006821, 165.0665089980103915, 42.00000000000000000 ) ) ;
#1857 = ORIENTED_EDGE ( 'NONE', *, *, #4460, .T. ) ;
#1858 = DIRECTION ( 'NONE',  ( 0.000000000000000000, 0.000000000000000000, 1.000000000000000000 ) ) ;
#1859 = ADVANCED_FACE ( 'NONE', ( #4533 ), #1883, .F. ) ;
#1860 = ORIENTED_EDGE ( 'NONE', *, *, #5365, .T. ) ;
#1861 = ORIENTED_EDGE ( 'NONE', *, *, #445, .F. ) ;
#1862 = DIRECTION ( 'NONE',  ( 1.000000000000000000, 0.000000000000000000, -0.000000000000000000 ) ) ;
#1863 = CARTESIAN_POINT ( 'NONE',  ( -355.0000000000006253, 210.0665089980103346, 2.000000000000000000 ) ) ;
#1864 = LINE ( 'NONE', #1296, #5320 ) ;
#1865 = PRODUCT_DEFINITION_CONTEXT ( 'detailed design', #4874, 'design' ) ;
#1866 = ORIENTED_EDGE ( 'NONE', *, *, #1879, .T. ) ;
#1867 = ORIENTED_EDGE ( 'NONE', *, *, #30, .F. ) ;
#1868 = DIRECTION ( 'NONE',  ( 0.000000000000000000, -1.000000000000000000, 0.000000000000000000 ) ) ;
#1869 = LINE ( 'NONE', #5033, #640 ) ;
#1870 = PLANE ( 'NONE',  #3987 ) ;
#1871 = ORIENTED_EDGE ( 'NONE', *, *, #3273, .F. ) ;
#1872 = ORIENTED_EDGE ( 'NONE', *, *, #4872, .F. ) ;
#1873 = DIRECTION ( 'NONE',  ( -4.163336342344350437E-15, 1.000000000000000000, 0.000000000000000000 ) ) ;
#1874 = DIRECTION ( 'NONE',  ( -1.480297366166868866E-14, 1.000000000000000000, 0.000000000000000000 ) ) ;
#1875 = ORIENTED_EDGE ( 'NONE', *, *, #3497, .F. ) ;
#1876 = CARTESIAN_POINT ( 'NONE',  ( -44.99999999999959499, 185.0665089980103915, 42.00000000000000000 ) ) ;
#1877 = SHAPE_REPRESENTATION_RELATIONSHIP ( 'NONE' , 'NONE' ,  #2562, #897 ) ;
#1878 = CARTESIAN_POINT ( 'NONE',  ( -215.0000000000007958, 339.9334910019898075, 2.000000000000000000 ) ) ;
#1879 = EDGE_CURVE ( 'NONE', #3707, #4165, #3647, .T. ) ;
#1880 = DIRECTION ( 'NONE',  ( 1.000000000000000000, 0.000000000000000000, 0.000000000000000000 ) ) ;
#1881 = CARTESIAN_POINT ( 'NONE',  ( -49.99999999999965894, 289.9334910019899780, 2.000000000000000000 ) ) ;
#1882 = ORIENTED_EDGE ( 'NONE', *, *, #3468, .F. ) ;
#1883 = PLANE ( 'NONE',  #2372 ) ;
#1884 = ADVANCED_FACE ( 'NONE', ( #5016, #2305 ), #1380, .F. ) ;
#1885 = VECTOR ( 'NONE', #4584, 1000.000000000000000 ) ;
#1886 = VECTOR ( 'NONE', #2382, 1000.000000000000000 ) ;
#1887 = ORIENTED_EDGE ( 'NONE', *, *, #4329, .F. ) ;
#1888 = EDGE_LOOP ( 'NONE', ( #5080, #4663, #1781, #1460 ) ) ;
#1889 = LINE ( 'NONE', #607, #555 ) ;
#1890 = CARTESIAN_POINT ( 'NONE',  ( -230.0000000000005400, 210.0665089980102493, 42.00000000000000000 ) ) ;
#1891 = DIRECTION ( 'NONE',  ( 0.000000000000000000, -1.000000000000000000, 0.000000000000000000 ) ) ;
#1892 = AXIS2_PLACEMENT_3D ( 'NONE', #1134, #3847, #1580 ) ;
#1893 = VECTOR ( 'NONE', #4351, 1000.000000000000000 ) ;
#1894 = EDGE_CURVE ( 'NONE', #4589, #4848, #512, .T. ) ;
#1895 = EDGE_CURVE ( 'NONE', #3143, #3493, #2392, .T. ) ;
#1896 = AXIS2_PLACEMENT_3D ( 'NONE', #949, #5003, #2795 ) ;
#1897 = EDGE_LOOP ( 'NONE', ( #1982, #3898, #1150, #5475, #5551, #615 ) ) ;
#1898 = AXIS2_PLACEMENT_3D ( 'NONE', #356, #5404, #5347 ) ;
#1899 = VERTEX_POINT ( 'NONE', #3761 ) ;
#1900 = CARTESIAN_POINT ( 'NONE',  ( -189.9999999999994884, 210.0665089980103062, 42.00000000000000000 ) ) ;
#1901 = PLANE ( 'NONE',  #4837 ) ;
#1902 = DIRECTION ( 'NONE',  ( 4.163336342344362270E-15, -1.000000000000000000, 0.000000000000000000 ) ) ;
#1903 = EDGE_LOOP ( 'NONE', ( #5371, #3157, #3940, #2449, #3465, #2381 ) ) ;
#1904 = VERTEX_POINT ( 'NONE', #2719 ) ;
#1905 = PLANE ( 'NONE',  #840 ) ;
#1906 = CARTESIAN_POINT ( 'NONE',  ( -355.0000000000005684, 434.9999999999999432, 42.00000000000000000 ) ) ;
#1907 = ORIENTED_EDGE ( 'NONE', *, *, #4434, .F. ) ;
#1908 = CARTESIAN_POINT ( 'NONE',  ( -169.9999999999996021, 85.00000000000005684, 2.000000000000000000 ) ) ;
#1909 = DIRECTION ( 'NONE',  ( 0.000000000000000000, 0.000000000000000000, 1.000000000000000000 ) ) ;
#1910 = LINE ( 'NONE', #3727, #1223 ) ;
#1911 = AXIS2_PLACEMENT_3D ( 'NONE', #3306, #530, #4167 ) ;
#1912 = DIRECTION ( 'NONE',  ( 0.000000000000000000, -1.000000000000000000, 0.000000000000000000 ) ) ;
#1913 = CARTESIAN_POINT ( 'NONE',  ( -49.99999999999965894, 180.0665089980104199, 42.00000000000000000 ) ) ;
#1914 = ADVANCED_FACE ( 'NONE', ( #2782 ), #2275, .F. ) ;
#1915 = CARTESIAN_POINT ( 'NONE',  ( -230.0000000000005400, 185.0665089980103915, 42.00000000000000000 ) ) ;
#1916 = AXIS2_PLACEMENT_3D ( 'NONE', #1488, #2386, #152 ) ;
#1917 = VERTEX_POINT ( 'NONE', #5590 ) ;
#1918 = LINE ( 'NONE', #4571, #2656 ) ;
#1919 = CARTESIAN_POINT ( 'NONE',  ( -10.00000000000000000, 8.000000000000000000, -17.99999999999999645 ) ) ;
#1920 = MECHANICAL_DESIGN_GEOMETRIC_PRESENTATION_REPRESENTATION (  '', ( #868 ), #4204 ) ;
#1921 = VERTEX_POINT ( 'NONE', #1405 ) ;
#1922 = EDGE_CURVE ( 'NONE', #5863, #3676, #130, .T. ) ;
#1923 = ORIENTED_EDGE ( 'NONE', *, *, #3192, .F. ) ;
#1924 = DIRECTION ( 'NONE',  ( -0.000000000000000000, -1.000000000000000000, -1.084202172485504434E-16 ) ) ;
#1925 = CARTESIAN_POINT ( 'NONE',  ( -189.9999999999994884, 334.9334910019899212, 42.00000000000000000 ) ) ;
#1926 = VECTOR ( 'NONE', #5485, 1000.000000000000000 ) ;
#1927 = LINE ( 'NONE', #2815, #5422 ) ;
#1928 = PRODUCT_DEFINITION_CONTEXT ( 'detailed design', #795, 'design' ) ;
#1929 = VECTOR ( 'NONE', #569, 1000.000000000000000 ) ;
#1930 = VERTEX_POINT ( 'NONE', #3197 ) ;
#1931 = EDGE_CURVE ( 'NONE', #5145, #4791, #5078, .T. ) ;
#1932 = EDGE_CURVE ( 'NONE', #5660, #2048, #1918, .T. ) ;
#1933 = ORIENTED_EDGE ( 'NONE', *, *, #5144, .F. ) ;
#1934 = DIRECTION ( 'NONE',  ( -0.000000000000000000, 0.000000000000000000, -1.000000000000000000 ) ) ;
#1935 = FACE_OUTER_BOUND ( 'NONE', #1323, .T. ) ;
#1936 = DIRECTION ( 'NONE',  ( -0.000000000000000000, -0.000000000000000000, -1.000000000000000000 ) ) ;
#1937 = ORIENTED_EDGE ( 'NONE', *, *, #2353, .F. ) ;
#1938 = VERTEX_POINT ( 'NONE', #3734 ) ;
#1939 = FACE_OUTER_BOUND ( 'NONE', #966, .T. ) ;
#1940 = FACE_OUTER_BOUND ( 'NONE', #4476, .T. ) ;
#1941 = ORIENTED_EDGE ( 'NONE', *, *, #5825, .T. ) ;
#1942 = FACE_OUTER_BOUND ( 'NONE', #222, .T. ) ;
#1943 =( NAMED_UNIT ( * ) SI_UNIT ( $, .STERADIAN. ) SOLID_ANGLE_UNIT ( ) );
#1944 = CARTESIAN_POINT ( 'NONE',  ( 0.000000000000000000, 0.000000000000000000, 42.00000000000000000 ) ) ;
#1945 = DIRECTION ( 'NONE',  ( 0.000000000000000000, -1.000000000000000000, 0.000000000000000000 ) ) ;
#1946 = DIRECTION ( 'NONE',  ( -1.480297366166868866E-14, 1.000000000000000000, 0.000000000000000000 ) ) ;
#1947 = EDGE_LOOP ( 'NONE', ( #884, #5139, #2403, #4496 ) ) ;
#1948 = CARTESIAN_POINT ( 'NONE',  ( 0.000000000000000000, 0.000000000000000000, 42.00000000000000000 ) ) ;
#1949 = DIRECTION ( 'NONE',  ( 0.000000000000000000, 1.000000000000000000, 0.000000000000000000 ) ) ;
#1950 = EDGE_CURVE ( 'NONE', #4405, #4332, #481, .T. ) ;
#1951 = ORIENTED_EDGE ( 'NONE', *, *, #5771, .F. ) ;
#1952 = VERTEX_POINT ( 'NONE', #5105 ) ;
#1953 = CARTESIAN_POINT ( 'NONE',  ( -169.9999999999996021, 339.9334910019898643, 42.00000000000000000 ) ) ;
#1954 = PLANE ( 'NONE',  #2443 ) ;
#1955 = DIRECTION ( 'NONE',  ( -1.000000000000000000, 1.110223024625155594E-14, 0.000000000000000000 ) ) ;
#1956 = EDGE_CURVE ( 'NONE', #4350, #2672, #2837, .T. ) ;
#1957 = ORIENTED_EDGE ( 'NONE', *, *, #3226, .T. ) ;
#1958 = ORIENTED_EDGE ( 'NONE', *, *, #1184, .F. ) ;
#1959 = LINE ( 'NONE', #1064, #1543 ) ;
#1960 = FACE_OUTER_BOUND ( 'NONE', #3054, .T. ) ;
#1961 = CARTESIAN_POINT ( 'NONE',  ( -64.99999999999961631, 85.00000000000004263, 2.000000000000000000 ) ) ;
#1962 = EDGE_CURVE ( 'NONE', #2340, #2976, #5499, .T. ) ;
#1963 = ORIENTED_EDGE ( 'NONE', *, *, #782, .T. ) ;
#1964 = ORIENTED_EDGE ( 'NONE', *, *, #3944, .T. ) ;
#1965 = DIRECTION ( 'NONE',  ( 0.000000000000000000, 1.000000000000000000, 0.000000000000000000 ) ) ;
#1966 = DIRECTION ( 'NONE',  ( -0.000000000000000000, -0.000000000000000000, -1.000000000000000000 ) ) ;
#1967 = ORIENTED_EDGE ( 'NONE', *, *, #1414, .T. ) ;
#1968 = DIRECTION ( 'NONE',  ( 1.000000000000000000, 0.000000000000000000, -0.000000000000000000 ) ) ;
#1969 = CARTESIAN_POINT ( 'NONE',  ( -365.0000000000001705, 84.99999999999990052, 0.000000000000000000 ) ) ;
#1970 = CARTESIAN_POINT ( 'NONE',  ( -44.99999999999953815, 434.9999999999999432, 42.00000000000000000 ) ) ;
#1971 = EDGE_CURVE ( 'NONE', #883, #5846, #2446, .T. ) ;
#1972 = EDGE_CURVE ( 'NONE', #995, #1521, #5140, .T. ) ;
#1973 = VECTOR ( 'NONE', #1912, 1000.000000000000000 ) ;
#1974 = LINE ( 'NONE', #655, #4355 ) ;
#1975 = FACE_OUTER_BOUND ( 'NONE', #4066, .T. ) ;
#1976 = EDGE_LOOP ( 'NONE', ( #5157, #2516, #5202, #1516, #5027, #1100 ) ) ;
#1977 = CARTESIAN_POINT ( 'NONE',  ( -350.0000000000004547, 304.9334910019900349, 42.00000000000000000 ) ) ;
#1978 = CARTESIAN_POINT ( 'NONE',  ( -335.0000000000005116, 90.00000000000005684, 2.000000000000000000 ) ) ;
#1979 = ORIENTED_EDGE ( 'NONE', *, *, #1956, .F. ) ;
#1980 = CARTESIAN_POINT ( 'NONE',  ( -210.0000000000005684, 354.9334910019898643, 42.00000000000000000 ) ) ;
#1981 = VECTOR ( 'NONE', #3139, 1000.000000000000000 ) ;
#1982 = ORIENTED_EDGE ( 'NONE', *, *, #108, .F. ) ;
#1983 = CARTESIAN_POINT ( 'NONE',  ( -350.0000000000006821, 165.0665089980103346, 42.00000000000000000 ) ) ;
#1984 = CARTESIAN_POINT ( 'NONE',  ( -350.0000000000005116, 430.0000000000000000, 42.00000000000000000 ) ) ;
#1985 = UNCERTAINTY_MEASURE_WITH_UNIT (LENGTH_MEASURE( 1.000000000000000082E-05 ), #1284, 'distance_accuracy_value', 'NONE');
#1986 = AXIS2_PLACEMENT_3D ( 'NONE', #3976, #5276, #3478 ) ;
#1987 = VECTOR ( 'NONE', #5480, 1000.000000000000000 ) ;
#1988 = VERTEX_POINT ( 'NONE', #5741 ) ;
#1989 = ORIENTED_EDGE ( 'NONE', *, *, #3659, .T. ) ;
#1990 = AXIS2_PLACEMENT_3D ( 'NONE', #5569, #2155, #1787 ) ;
#1991 = VECTOR ( 'NONE', #5053, 1000.000000000000000 ) ;
#1992 = ADVANCED_FACE ( 'NONE', ( #4236 ), #1107, .T. ) ;
#1993 = DIRECTION ( 'NONE',  ( -1.000000000000000000, 1.110223024625155752E-14, 0.000000000000000000 ) ) ;
#1994 = CARTESIAN_POINT ( 'NONE',  ( -189.9999999999994884, 185.0665089980103346, 42.00000000000000000 ) ) ;
#1995 = DIRECTION ( 'NONE',  ( 1.000000000000000000, 0.000000000000000000, 0.000000000000000000 ) ) ;
#1996 = VECTOR ( 'NONE', #5791, 1000.000000000000000 ) ;
#1997 = VECTOR ( 'NONE', #4859, 1000.000000000000000 ) ;
#1998 = ORIENTED_EDGE ( 'NONE', *, *, #3094, .F. ) ;
#1999 = ORIENTED_EDGE ( 'NONE', *, *, #2278, .F. ) ;
#2000 = CARTESIAN_POINT ( 'NONE',  ( -169.9999999999996021, 185.0665089980103915, 2.000000000000000000 ) ) ;
#2001 = ADVANCED_FACE ( 'NONE', ( #625 ), #2481, .T. ) ;
#2002 = DIRECTION ( 'NONE',  ( 0.000000000000000000, -4.818676322157798854E-17, 1.000000000000000000 ) ) ;
#2003 = ORIENTED_EDGE ( 'NONE', *, *, #246, .F. ) ;
#2004 = LINE ( 'NONE', #647, #5528 ) ;
#2005 = PRODUCT_CONTEXT ( 'NONE', #3043, 'mechanical' ) ;
#2006 = VECTOR ( 'NONE', #3919, 1000.000000000000000 ) ;
#2007 = CARTESIAN_POINT ( 'NONE',  ( -169.9999999999996021, 210.0665089980102493, 42.00000000000000000 ) ) ;
#2008 = ADVANCED_FACE ( 'NONE', ( #3851 ), #2870, .F. ) ;
#2009 = DIRECTION ( 'NONE',  ( 0.000000000000000000, 1.000000000000000000, 0.000000000000000000 ) ) ;
#2010 = EDGE_CURVE ( 'NONE', #548, #699, #190, .T. ) ;
#2011 = EDGE_LOOP ( 'NONE', ( #5691, #2770, #2873, #2629 ) ) ;
#2012 = LINE ( 'NONE', #1170, #371 ) ;
#2013 = CARTESIAN_POINT ( 'NONE',  ( -44.99999999999959499, 334.9334910019898643, 42.00000000000000000 ) ) ;
#2014 = VERTEX_POINT ( 'NONE', #3349 ) ;
#2015 = DIRECTION ( 'NONE',  ( -1.000000000000000000, 2.775557561562904367E-15, 0.000000000000000000 ) ) ;
#2016 = ORIENTED_EDGE ( 'NONE', *, *, #2362, .T. ) ;
#2017 = DIRECTION ( 'NONE',  ( -3.700743415417254206E-15, -1.000000000000000000, 0.000000000000000000 ) ) ;
#2018 = FACE_OUTER_BOUND ( 'NONE', #2157, .T. ) ;
#2019 = VECTOR ( 'NONE', #4288, 1000.000000000000000 ) ;
#2020 = EDGE_LOOP ( 'NONE', ( #2853, #3861, #1816, #4480 ) ) ;
#2021 = VECTOR ( 'NONE', #341, 1000.000000000000000 ) ;
#2022 = VERTEX_POINT ( 'NONE', #5200 ) ;
#2023 = CARTESIAN_POINT ( 'NONE',  ( -230.0000000000005400, 90.00000000000005684, 2.000000000000000000 ) ) ;
#2024 = PLANE ( 'NONE',  #2745 ) ;
#2025 = CARTESIAN_POINT ( 'NONE',  ( -355.0000000000006821, 354.9334910019898643, 42.00000000000000000 ) ) ;
#2026 =( GEOMETRIC_REPRESENTATION_CONTEXT ( 3 ) GLOBAL_UNCERTAINTY_ASSIGNED_CONTEXT ( ( #3713 ) ) GLOBAL_UNIT_ASSIGNED_CONTEXT ( ( #5704, #4715, #3933 ) ) REPRESENTATION_CONTEXT ( 'NONE', 'WORKASPACE' ) );
#2027 = EDGE_CURVE ( 'NONE', #4065, #5850, #5229, .T. ) ;
#2028 = EDGE_LOOP ( 'NONE', ( #2764, #3274, #4633, #1267 ) ) ;
#2029 = ORIENTED_EDGE ( 'NONE', *, *, #3711, .F. ) ;
#2030 = LINE ( 'NONE', #4676, #1886 ) ;
#2031 = FACE_OUTER_BOUND ( 'NONE', #5520, .T. ) ;
#2032 = ORIENTED_EDGE ( 'NONE', *, *, #1480, .T. ) ;
#2033 = DIRECTION ( 'NONE',  ( 0.000000000000000000, -1.000000000000000000, 0.000000000000000000 ) ) ;
#2034 = DIRECTION ( 'NONE',  ( 0.000000000000000000, -1.000000000000000000, 0.000000000000000000 ) ) ;
#2035 = EDGE_CURVE ( 'NONE', #513, #4875, #1142, .T. ) ;
#2036 =( NAMED_UNIT ( * ) SI_UNIT ( $, .STERADIAN. ) SOLID_ANGLE_UNIT ( ) );
#2037 = CARTESIAN_POINT ( 'NONE',  ( -169.9999999999996021, 85.00000000000004263, 42.00000000000000000 ) ) ;
#2038 = ORIENTED_EDGE ( 'NONE', *, *, #1517, .F. ) ;
#2039 = LINE ( 'NONE', #4265, #1893 ) ;
#2040 = DIRECTION ( 'NONE',  ( 2.775557561562904367E-15, -1.000000000000000000, 0.000000000000000000 ) ) ;
#2041 = EDGE_CURVE ( 'NONE', #4133, #3544, #2039, .T. ) ;
#2042 = EDGE_CURVE ( 'NONE', #4307, #1568, #3876, .T. ) ;
#2043 = ORIENTED_EDGE ( 'NONE', *, *, #669, .F. ) ;
#2044 = DIRECTION ( 'NONE',  ( 1.000000000000000000, -1.850371707708627103E-15, 0.000000000000000000 ) ) ;
#2045 = ORIENTED_EDGE ( 'NONE', *, *, #4662, .T. ) ;
#2046 = LINE ( 'NONE', #4333, #5137 ) ;
#2047 = EDGE_CURVE ( 'NONE', #3690, #2502, #2012, .T. ) ;
#2048 = VERTEX_POINT ( 'NONE', #3823 ) ;
#2049 = VERTEX_POINT ( 'NONE', #272 ) ;
#2050 = DIRECTION ( 'NONE',  ( 1.000000000000000000, 0.000000000000000000, -0.000000000000000000 ) ) ;
#2051 = PLANE ( 'NONE',  #739 ) ;
#2052 = CARTESIAN_POINT ( 'NONE',  ( -169.9999999999996021, 210.0665089980102493, 2.000000000000000000 ) ) ;
#2053 = ORIENTED_EDGE ( 'NONE', *, *, #5360, .T. ) ;
#2054 = EDGE_LOOP ( 'NONE', ( #5503, #4790, #5834, #3294 ) ) ;
#2055 = CARTESIAN_POINT ( 'NONE',  ( -230.0000000000005400, 185.0665089980103915, 2.000000000000000000 ) ) ;
#2056 = LINE ( 'NONE', #2523, #775 ) ;
#2057 = DIRECTION ( 'NONE',  ( -0.000000000000000000, 0.000000000000000000, -1.000000000000000000 ) ) ;
#2058 = SHAPE_DEFINITION_REPRESENTATION ( #2528, #2562 ) ;
#2059 = DIRECTION ( 'NONE',  ( 1.000000000000000000, 0.000000000000000000, 0.000000000000000000 ) ) ;
#2060 = CARTESIAN_POINT ( 'NONE',  ( -350.0000000000004547, 339.9334910019898075, 42.00000000000000000 ) ) ;
#2061 = LINE ( 'NONE', #3464, #2881 ) ;
#2062 = ORIENTED_EDGE ( 'NONE', *, *, #489, .T. ) ;
#2063 = DIRECTION ( 'NONE',  ( 0.000000000000000000, 1.000000000000000000, 0.000000000000000000 ) ) ;
#2064 = DIRECTION ( 'NONE',  ( -0.000000000000000000, -1.000000000000000000, -0.000000000000000000 ) ) ;
#2065 = EDGE_CURVE ( 'NONE', #1844, #3946, #3379, .T. ) ;
#2066 = CARTESIAN_POINT ( 'NONE',  ( -44.99999999999953815, 85.00000000000005684, -2.000000000000000000 ) ) ;
#2067 = ORIENTED_EDGE ( 'NONE', *, *, #164, .F. ) ;
#2068 = CARTESIAN_POINT ( 'NONE',  ( -64.99999999999961631, 309.9334910019899780, 42.00000000000000000 ) ) ;
#2069 = EDGE_LOOP ( 'NONE', ( #4443, #3738, #3545, #3020, #5303, #3119 ) ) ;
#2070 = LINE ( 'NONE', #1265, #1036 ) ;
#2071 = VECTOR ( 'NONE', #2700, 1000.000000000000000 ) ;
#2072 = AXIS2_PLACEMENT_3D ( 'NONE', #1619, #4754, #2424 ) ;
#2073 = ORIENTED_EDGE ( 'NONE', *, *, #3334, .F. ) ;
#2074 = EDGE_LOOP ( 'NONE', ( #643, #65, #1871, #634 ) ) ;
#2075 = EDGE_CURVE ( 'NONE', #3299, #1624, #4689, .T. ) ;
#2076 = CARTESIAN_POINT ( 'NONE',  ( -210.0000000000006537, 309.9334910019899212, 42.00000000000000000 ) ) ;
#2077 = EDGE_CURVE ( 'NONE', #5634, #2976, #2925, .T. ) ;
#2078 = DIRECTION ( 'NONE',  ( -0.000000000000000000, 0.000000000000000000, -1.000000000000000000 ) ) ;
#2079 = VECTOR ( 'NONE', #360, 1000.000000000000000 ) ;
#2080 = CARTESIAN_POINT ( 'NONE',  ( -230.0000000000005400, 309.9334910019899780, 2.000000000000000000 ) ) ;
#2081 = VECTOR ( 'NONE', #565, 1000.000000000000000 ) ;
#2082 = EDGE_LOOP ( 'NONE', ( #5236, #1131, #5772, #5372 ) ) ;
#2083 = VECTOR ( 'NONE', #3661, 1000.000000000000000 ) ;
#2084 = ORIENTED_EDGE ( 'NONE', *, *, #1697, .F. ) ;
#2085 = DIRECTION ( 'NONE',  ( -0.000000000000000000, -0.000000000000000000, -1.000000000000000000 ) ) ;
#2086 = CARTESIAN_POINT ( 'NONE',  ( -189.9999999999995168, 435.0000000000000000, 42.00000000000000000 ) ) ;
#2087 = CARTESIAN_POINT ( 'NONE',  ( -44.99999999999959499, 334.9334910019898643, 2.000000000000000000 ) ) ;
#2088 =( LENGTH_UNIT ( ) NAMED_UNIT ( * ) SI_UNIT ( .MILLI., .METRE. ) );
#2089 = DIRECTION ( 'NONE',  ( -1.110223024625155752E-14, 1.000000000000000000, 0.000000000000000000 ) ) ;
#2090 = VECTOR ( 'NONE', #2767, 1000.000000000000000 ) ;
#2091 = AXIS2_PLACEMENT_3D ( 'NONE', #5748, #755, #1651 ) ;
#2092 = CARTESIAN_POINT ( 'NONE',  ( -169.9999999999996021, 180.0665089980103915, 42.00000000000000000 ) ) ;
#2093 = VECTOR ( 'NONE', #385, 1000.000000000000000 ) ;
#2094 = SURFACE_SIDE_STYLE ('',( #4805 ) ) ;
#2095 = ORIENTED_EDGE ( 'NONE', *, *, #1349, .T. ) ;
#2096 = CARTESIAN_POINT ( 'NONE',  ( -210.0000000000005684, 105.0000000000000426, 42.00000000000000000 ) ) ;
#2097 = PLANE ( 'NONE',  #671 ) ;
#2098 = FACE_OUTER_BOUND ( 'NONE', #3199, .T. ) ;
#2099 = EDGE_CURVE ( 'NONE', #548, #1719, #659, .T. ) ;
#2100 = ORIENTED_EDGE ( 'NONE', *, *, #4002, .T. ) ;
#2101 = DIRECTION ( 'NONE',  ( 1.110223024625155752E-14, 1.000000000000000000, -0.000000000000000000 ) ) ;
#2102 = ORIENTED_EDGE ( 'NONE', *, *, #4810, .F. ) ;
#2103 = DIRECTION ( 'NONE',  ( -1.110223024625155752E-14, -1.000000000000000000, 0.000000000000000000 ) ) ;
#2104 = AXIS2_PLACEMENT_3D ( 'NONE', #3692, #3341, #1432 ) ;
#2105 = EDGE_CURVE ( 'NONE', #3960, #1363, #157, .T. ) ;
#2106 = VERTEX_POINT ( 'NONE', #1079 ) ;
#2107 = ORIENTED_EDGE ( 'NONE', *, *, #4537, .F. ) ;
#2108 = FACE_OUTER_BOUND ( 'NONE', #3200, .T. ) ;
#2109 = DIRECTION ( 'NONE',  ( 2.775557561562904367E-15, 1.000000000000000000, 0.000000000000000000 ) ) ;
#2110 = DIRECTION ( 'NONE',  ( -0.000000000000000000, -0.000000000000000000, -1.000000000000000000 ) ) ;
#2111 = ADVANCED_FACE ( 'NONE', ( #2898, #4717 ), #4923, .T. ) ;
#2112 = EDGE_CURVE ( 'NONE', #1443, #5483, #5883, .T. ) ;
#2113 = AXIS2_PLACEMENT_3D ( 'NONE', #4344, #263, #3005 ) ;
#2114 = ORIENTED_EDGE ( 'NONE', *, *, #5903, .F. ) ;
#2115 = ORIENTED_EDGE ( 'NONE', *, *, #2713, .T. ) ;
#2116 = CARTESIAN_POINT ( 'NONE',  ( -350.0000000000006821, 289.9334910019899780, 2.000000000000000000 ) ) ;
#2117 = DIRECTION ( 'NONE',  ( -1.000000000000000000, -1.850371707708599493E-15, 0.000000000000000000 ) ) ;
#2118 = DIRECTION ( 'NONE',  ( -1.000000000000000000, 0.000000000000000000, 0.000000000000000000 ) ) ;
#2119 = DIRECTION ( 'NONE',  ( 1.000000000000000000, 0.000000000000000000, 0.000000000000000000 ) ) ;
#2120 = CARTESIAN_POINT ( 'NONE',  ( -355.0000000000006253, 185.0665089980103346, 42.00000000000000000 ) ) ;
#2121 = VECTOR ( 'NONE', #4178, 1000.000000000000000 ) ;
#2122 = VECTOR ( 'NONE', #5138, 1000.000000000000000 ) ;
#2123 = DIRECTION ( 'NONE',  ( -0.000000000000000000, 0.000000000000000000, -1.000000000000000000 ) ) ;
#2124 = LINE ( 'NONE', #216, #5749 ) ;
#2125 = ORIENTED_EDGE ( 'NONE', *, *, #428, .T. ) ;
#2126 = DIRECTION ( 'NONE',  ( -1.000000000000000000, 1.110223024625155752E-14, 0.000000000000000000 ) ) ;
#2127 = DIRECTION ( 'NONE',  ( -1.000000000000000000, -3.700743415417198986E-15, 0.000000000000000000 ) ) ;
#2128 = DIRECTION ( 'NONE',  ( -0.000000000000000000, -0.000000000000000000, -1.000000000000000000 ) ) ;
#2129 = ORIENTED_EDGE ( 'NONE', *, *, #30, .T. ) ;
#2130 = DIRECTION ( 'NONE',  ( 1.000000000000000000, 0.000000000000000000, -0.000000000000000000 ) ) ;
#2131 = ORIENTED_EDGE ( 'NONE', *, *, #2354, .T. ) ;
#2132 = CARTESIAN_POINT ( 'NONE',  ( 378.2842712474619589, -10.00000000000000000, -10.00000000000000000 ) ) ;
#2133 = EDGE_CURVE ( 'NONE', #2857, #4366, #4045, .T. ) ;
#2134 = VERTEX_POINT ( 'NONE', #5290 ) ;
#2135 = ORIENTED_EDGE ( 'NONE', *, *, #2527, .F. ) ;
#2136 = DIRECTION ( 'NONE',  ( 3.700743415417254206E-15, 1.000000000000000000, -0.000000000000000000 ) ) ;
#2137 = EDGE_LOOP ( 'NONE', ( #2166, #5842, #5028, #3714 ) ) ;
#2138 = PLANE ( 'NONE',  #172 ) ;
#2139 = EDGE_CURVE ( 'NONE', #4865, #2730, #3129, .T. ) ;
#2140 = DIRECTION ( 'NONE',  ( 0.000000000000000000, 1.000000000000000000, 0.000000000000000000 ) ) ;
#2141 = ORIENTED_EDGE ( 'NONE', *, *, #610, .T. ) ;
#2142 = VERTEX_POINT ( 'NONE', #1759 ) ;
#2143 = FACE_OUTER_BOUND ( 'NONE', #342, .T. ) ;
#2144 = CARTESIAN_POINT ( 'NONE',  ( 0.000000000000000000, 8.000000000000001776, -8.000000000000000000 ) ) ;
#2145 = DIRECTION ( 'NONE',  ( 0.000000000000000000, -1.000000000000000000, 0.000000000000000000 ) ) ;
#2146 = CONTEXT_DEPENDENT_SHAPE_REPRESENTATION ( #5182, #5409 ) ;
#2147 = EDGE_CURVE ( 'NONE', #3887, #5777, #4021, .T. ) ;
#2148 = DIRECTION ( 'NONE',  ( -0.000000000000000000, 0.000000000000000000, -1.000000000000000000 ) ) ;
#2149 = UNCERTAINTY_MEASURE_WITH_UNIT (LENGTH_MEASURE( 1.000000000000000082E-05 ), #891, 'distance_accuracy_value', 'NONE');
#2150 = CARTESIAN_POINT ( 'NONE',  ( 0.000000000000000000, 0.000000000000000000, 42.00000000000000000 ) ) ;
#2151 = DIRECTION ( 'NONE',  ( -0.000000000000000000, -0.000000000000000000, -1.000000000000000000 ) ) ;
#2152 = VERTEX_POINT ( 'NONE', #1194 ) ;
#2153 = DIRECTION ( 'NONE',  ( 1.000000000000000000, -1.110223024625155594E-14, 0.000000000000000000 ) ) ;
#2154 = CARTESIAN_POINT ( 'NONE',  ( -215.0000000000005684, 165.0665089980103346, 2.000000000000000000 ) ) ;
#2155 = DIRECTION ( 'NONE',  ( 3.700743415417198986E-15, -1.000000000000000000, 0.000000000000000000 ) ) ;
#2156 = EDGE_CURVE ( 'NONE', #4241, #3150, #3013, .T. ) ;
#2157 = EDGE_LOOP ( 'NONE', ( #1029, #1254, #4958, #2045 ) ) ;
#2158 = LINE ( 'NONE', #417, #5702 ) ;
#2159 = DIRECTION ( 'NONE',  ( 1.000000000000000000, -1.110223024625155594E-14, 0.000000000000000000 ) ) ;
#2160 = ORIENTED_EDGE ( 'NONE', *, *, #5623, .F. ) ;
#2161 = FACE_OUTER_BOUND ( 'NONE', #2811, .T. ) ;
#2162 = ORIENTED_EDGE ( 'NONE', *, *, #2147, .F. ) ;
#2163 = VECTOR ( 'NONE', #2787, 1000.000000000000000 ) ;
#2164 = ORIENTED_EDGE ( 'NONE', *, *, #3853, .F. ) ;
#2165 = CARTESIAN_POINT ( 'NONE',  ( -230.0000000000005400, 210.0665089980102493, 42.00000000000000000 ) ) ;
#2166 = ORIENTED_EDGE ( 'NONE', *, *, #3769, .F. ) ;
#2167 = DIRECTION ( 'NONE',  ( 1.480297366166868866E-14, -1.000000000000000000, 0.000000000000000000 ) ) ;
#2168 = FACE_OUTER_BOUND ( 'NONE', #5426, .T. ) ;
#2169 = ORIENTED_EDGE ( 'NONE', *, *, #5727, .F. ) ;
#2170 = ADVANCED_FACE ( 'NONE', ( #3048 ), #4832, .T. ) ;
#2171 = ORIENTED_EDGE ( 'NONE', *, *, #3184, .F. ) ;
#2172 = VECTOR ( 'NONE', #2271, 1000.000000000000000 ) ;
#2173 = DIRECTION ( 'NONE',  ( -0.000000000000000000, -0.000000000000000000, -1.000000000000000000 ) ) ;
#2174 = DIRECTION ( 'NONE',  ( -0.000000000000000000, -1.000000000000000000, 2.168404344971008868E-16 ) ) ;
#2175 = CARTESIAN_POINT ( 'NONE',  ( -49.99999999999965894, 165.0665089980103346, 2.000000000000000000 ) ) ;
#2176 = VECTOR ( 'NONE', #488, 1000.000000000000000 ) ;
#2177 = VECTOR ( 'NONE', #3550, 1000.000000000000000 ) ;
#2178 = ADVANCED_FACE ( 'NONE', ( #4955 ), #5379, .F. ) ;
#2179 = CARTESIAN_POINT ( 'NONE',  ( -184.9999999999995453, 90.00000000000002842, 42.00000000000000000 ) ) ;
#2180 = DIRECTION ( 'NONE',  ( 0.000000000000000000, 1.000000000000000000, 0.000000000000000000 ) ) ;
#2181 = EDGE_LOOP ( 'NONE', ( #4117, #3739, #3212, #2900 ) ) ;
#2182 = DIRECTION ( 'NONE',  ( 0.000000000000000000, -1.000000000000000000, 0.000000000000000000 ) ) ;
#2183 = VECTOR ( 'NONE', #1891, 1000.000000000000000 ) ;
#2184 = SHAPE_REPRESENTATION_RELATIONSHIP ( 'NONE' , 'NONE' ,  #661, #5824 ) ;
#2185 = AXIS2_PLACEMENT_3D ( 'NONE', #2420, #2507, #4325 ) ;
#2186 = FACE_OUTER_BOUND ( 'NONE', #4024, .T. ) ;
#2187 = VECTOR ( 'NONE', #1366, 1000.000000000000000 ) ;
#2188 = AXIS2_PLACEMENT_3D ( 'NONE', #5438, #1372, #1431 ) ;
#2189 = ADVANCED_FACE ( 'NONE', ( #3577 ), #5316, .F. ) ;
#2190 = ORIENTED_EDGE ( 'NONE', *, *, #1962, .T. ) ;
#2191 = LINE ( 'NONE', #3997, #5800 ) ;
#2192 = DIRECTION ( 'NONE',  ( 0.000000000000000000, 1.000000000000000000, 0.000000000000000000 ) ) ;
#2193 = ORIENTED_EDGE ( 'NONE', *, *, #1327, .T. ) ;
#2194 = LINE ( 'NONE', #3941, #2750 ) ;
#2195 = ORIENTED_EDGE ( 'NONE', *, *, #5463, .T. ) ;
#2196 = ORIENTED_EDGE ( 'NONE', *, *, #132, .T. ) ;
#2197 = CARTESIAN_POINT ( 'NONE',  ( -189.9999999999995453, 105.0000000000000426, 42.00000000000000000 ) ) ;
#2198 = VERTEX_POINT ( 'NONE', #777 ) ;
#2199 = LINE ( 'NONE', #5780, #4938 ) ;
#2200 = FACE_OUTER_BOUND ( 'NONE', #4856, .T. ) ;
#2201 = ORIENTED_EDGE ( 'NONE', *, *, #4296, .T. ) ;
#2202 =( GEOMETRIC_REPRESENTATION_CONTEXT ( 3 ) GLOBAL_UNCERTAINTY_ASSIGNED_CONTEXT ( ( #1985 ) ) GLOBAL_UNIT_ASSIGNED_CONTEXT ( ( #1284, #2214, #5405 ) ) REPRESENTATION_CONTEXT ( 'NONE', 'WORKASPACE' ) );
#2203 = ORIENTED_EDGE ( 'NONE', *, *, #4125, .T. ) ;
#2204 = LINE ( 'NONE', #769, #2491 ) ;
#2205 = DIRECTION ( 'NONE',  ( -1.224646799147353207E-16, -1.000000000000000000, 0.000000000000000000 ) ) ;
#2206 = DIRECTION ( 'NONE',  ( 1.850371707708599493E-15, 1.000000000000000000, -0.000000000000000000 ) ) ;
#2207 = EDGE_CURVE ( 'NONE', #1277, #4771, #4499, .T. ) ;
#2208 = VECTOR ( 'NONE', #5396, 1000.000000000000000 ) ;
#2209 = DIRECTION ( 'NONE',  ( 1.000000000000000000, 3.700743415417198986E-15, 0.000000000000000000 ) ) ;
#2210 = CARTESIAN_POINT ( 'NONE',  ( 378.2842712474619589, 10.00000000000000000, -10.00000000000000000 ) ) ;
#2211 = VECTOR ( 'NONE', #4033, 1000.000000000000000 ) ;
#2212 = ORIENTED_EDGE ( 'NONE', *, *, #1491, .T. ) ;
#2213 = DIRECTION ( 'NONE',  ( 0.000000000000000000, 0.000000000000000000, 1.000000000000000000 ) ) ;
#2214 =( NAMED_UNIT ( * ) PLANE_ANGLE_UNIT ( ) SI_UNIT ( $, .RADIAN. ) );
#2215 = CARTESIAN_POINT ( 'NONE',  ( -350.0000000000004547, 90.00000000000002842, 42.00000000000000000 ) ) ;
#2216 = ADVANCED_FACE ( 'NONE', ( #304 ), #4897, .F. ) ;
#2217 = ORIENTED_EDGE ( 'NONE', *, *, #4404, .F. ) ;
#2218 = DIRECTION ( 'NONE',  ( -1.000000000000000000, 0.000000000000000000, -0.000000000000000000 ) ) ;
#2219 = CARTESIAN_POINT ( 'NONE',  ( -64.99999999999955946, 434.9999999999999432, 42.00000000000000000 ) ) ;
#2220 = VERTEX_POINT ( 'NONE', #5767 ) ;
#2221 = CARTESIAN_POINT ( 'NONE',  ( -355.0000000000004547, 105.0000000000000426, 2.000000000000000000 ) ) ;
#2222 = ADVANCED_FACE ( 'NONE', ( #1671 ), #3494, .F. ) ;
#2223 = ORIENTED_EDGE ( 'NONE', *, *, #1157, .F. ) ;
#2224 = ORIENTED_EDGE ( 'NONE', *, *, #1276, .T. ) ;
#2225 = CARTESIAN_POINT ( 'NONE',  ( -189.9999999999995453, 289.9334910019900349, 2.000000000000000000 ) ) ;
#2226 = FACE_OUTER_BOUND ( 'NONE', #1632, .T. ) ;
#2227 = CARTESIAN_POINT ( 'NONE',  ( -44.99999999999953815, 85.00000000000005684, 2.000000000000000000 ) ) ;
#2228 = EDGE_CURVE ( 'NONE', #22, #2680, #2598, .T. ) ;
#2229 = ORIENTED_EDGE ( 'NONE', *, *, #3848, .T. ) ;
#2230 = EDGE_LOOP ( 'NONE', ( #5095, #4284, #5589, #5849 ) ) ;
#2231 = DIRECTION ( 'NONE',  ( 0.000000000000000000, -1.000000000000000000, 0.000000000000000000 ) ) ;
#2232 = CARTESIAN_POINT ( 'NONE',  ( -184.9999999999995453, 230.0665089980102778, 42.00000000000000000 ) ) ;
#2233 = LINE ( 'NONE', #2120, #3423 ) ;
#2234 = FACE_OUTER_BOUND ( 'NONE', #5416, .T. ) ;
#2235 = EDGE_LOOP ( 'NONE', ( #1550, #759, #667, #3938 ) ) ;
#2236 = DIRECTION ( 'NONE',  ( -1.000000000000000000, 0.000000000000000000, 0.000000000000000000 ) ) ;
#2237 = DIRECTION ( 'NONE',  ( 0.000000000000000000, -1.000000000000000000, 0.000000000000000000 ) ) ;
#2238 = DIRECTION ( 'NONE',  ( 0.000000000000000000, -1.000000000000000000, 0.000000000000000000 ) ) ;
#2239 = DIRECTION ( 'NONE',  ( -0.000000000000000000, -0.000000000000000000, -1.000000000000000000 ) ) ;
#2240 = EDGE_CURVE ( 'NONE', #2937, #5192, #1255, .T. ) ;
#2241 = CARTESIAN_POINT ( 'NONE',  ( -189.9999999999994884, 415.0000000000000568, 2.000000000000000000 ) ) ;
#2242 = ORIENTED_EDGE ( 'NONE', *, *, #2292, .T. ) ;
#2243 = CARTESIAN_POINT ( 'NONE',  ( -44.99999999999953815, 85.00000000000005684, 2.000000000000000000 ) ) ;
#2244 = EDGE_LOOP ( 'NONE', ( #3269, #5394, #1299, #1332 ) ) ;
#2245 = ADVANCED_FACE ( 'NONE', ( #3961 ), #5797, .T. ) ;
#2246 = ORIENTED_EDGE ( 'NONE', *, *, #1382, .F. ) ;
#2247 = CARTESIAN_POINT ( 'NONE',  ( 350.0000000000000568, -7.999999999999996447, 8.000000000000000000 ) ) ;
#2248 = LINE ( 'NONE', #1919, #307 ) ;
#2249 = LINE ( 'NONE', #4059, #5018 ) ;
#2250 = DIRECTION ( 'NONE',  ( 0.000000000000000000, 1.000000000000000000, 0.000000000000000000 ) ) ;
#2251 = AXIS2_PLACEMENT_3D ( 'NONE', #5568, #4185, #197 ) ;
#2252 = ORIENTED_EDGE ( 'NONE', *, *, #2042, .T. ) ;
#2253 = ADVANCED_FACE ( 'NONE', ( #4438 ), #5008, .T. ) ;
#2254 = EDGE_CURVE ( 'NONE', #2220, #4847, #1849, .T. ) ;
#2255 = ORIENTED_EDGE ( 'NONE', *, *, #1972, .T. ) ;
#2256 = CARTESIAN_POINT ( 'NONE',  ( -355.0000000000004547, 105.0000000000000426, 42.00000000000000000 ) ) ;
#2257 = LINE ( 'NONE', #886, #5802 ) ;
#2258 = LINE ( 'NONE', #3243, #2658 ) ;
#2259 = ORIENTED_EDGE ( 'NONE', *, *, #1475, .T. ) ;
#2260 = AXIS2_PLACEMENT_3D ( 'NONE', #240, #4262, #5226 ) ;
#2261 = DIRECTION ( 'NONE',  ( 0.000000000000000000, 1.000000000000000000, 0.000000000000000000 ) ) ;
#2262 = PLANE ( 'NONE',  #4102 ) ;
#2263 = EDGE_LOOP ( 'NONE', ( #5208, #1210, #4136, #2459 ) ) ;
#2264 = DIRECTION ( 'NONE',  ( 0.000000000000000000, -1.000000000000000000, 0.000000000000000000 ) ) ;
#2265 = DIRECTION ( 'NONE',  ( 0.000000000000000000, -1.000000000000000000, 0.000000000000000000 ) ) ;
#2266 = CARTESIAN_POINT ( 'NONE',  ( -49.99999999999965894, 304.9334910019900349, 2.000000000000000000 ) ) ;
#2267 = VECTOR ( 'NONE', #3453, 1000.000000000000000 ) ;
#2268 = VECTOR ( 'NONE', #3459, 1000.000000000000000 ) ;
#2269 = PLANE ( 'NONE',  #5219 ) ;
#2270 = AXIS2_PLACEMENT_3D ( 'NONE', #5350, #2625, #1760 ) ;
#2271 = DIRECTION ( 'NONE',  ( -0.000000000000000000, -0.000000000000000000, -1.000000000000000000 ) ) ;
#2272 = AXIS2_PLACEMENT_3D ( 'NONE', #485, #2310, #1862 ) ;
#2273 = LINE ( 'NONE', #3227, #1929 ) ;
#2274 = ORIENTED_EDGE ( 'NONE', *, *, #101, .T. ) ;
#2275 = PLANE ( 'NONE',  #3419 ) ;
#2276 = VECTOR ( 'NONE', #1542, 1000.000000000000000 ) ;
#2277 = AXIS2_PLACEMENT_3D ( 'NONE', #504, #4166, #474 ) ;
#2278 = EDGE_CURVE ( 'NONE', #992, #5115, #4137, .T. ) ;
#2279 = ORIENTED_EDGE ( 'NONE', *, *, #1116, .F. ) ;
#2280 = VERTEX_POINT ( 'NONE', #5525 ) ;
#2281 = DIRECTION ( 'NONE',  ( 0.000000000000000000, 0.000000000000000000, -1.000000000000000000 ) ) ;
#2282 = VECTOR ( 'NONE', #4793, 1000.000000000000000 ) ;
#2283 = DIRECTION ( 'NONE',  ( 0.000000000000000000, 1.000000000000000000, 0.000000000000000000 ) ) ;
#2284 = LINE ( 'NONE', #909, #266 ) ;
#2285 = EDGE_CURVE ( 'NONE', #2994, #4182, #4108, .T. ) ;
#2286 = ORIENTED_EDGE ( 'NONE', *, *, #246, .T. ) ;
#2287 = ORIENTED_EDGE ( 'NONE', *, *, #5659, .F. ) ;
#2288 = PLANE ( 'NONE',  #490 ) ;
#2289 = LINE ( 'NONE', #2868, #2934 ) ;
#2290 = DIRECTION ( 'NONE',  ( -1.480297366166868866E-14, 1.000000000000000000, 0.000000000000000000 ) ) ;
#2291 = EDGE_CURVE ( 'NONE', #3058, #175, #2830, .T. ) ;
#2292 = EDGE_CURVE ( 'NONE', #5357, #2573, #58, .T. ) ;
#2293 = VERTEX_POINT ( 'NONE', #4560 ) ;
#2294 = CARTESIAN_POINT ( 'NONE',  ( -355.0000000000006253, 210.0665089980103346, 42.00000000000000000 ) ) ;
#2295 = CARTESIAN_POINT ( 'NONE',  ( -184.9999999999995453, 304.9334910019900349, 42.00000000000000000 ) ) ;
#2296 = EDGE_LOOP ( 'NONE', ( #913, #3866, #4131, #3565 ) ) ;
#2297 = CARTESIAN_POINT ( 'NONE',  ( -64.99999999999961631, 334.9334910019898643, 42.00000000000000000 ) ) ;
#2298 = DIRECTION ( 'NONE',  ( 0.000000000000000000, -1.000000000000000000, 0.000000000000000000 ) ) ;
#2299 = VECTOR ( 'NONE', #177, 1000.000000000000000 ) ;
#2300 = ADVANCED_FACE ( 'NONE', ( #1461 ), #3664, .T. ) ;
#2301 = DIRECTION ( 'NONE',  ( 1.110223024625155752E-14, -1.000000000000000000, 0.000000000000000000 ) ) ;
#2302 = SURFACE_STYLE_USAGE ( .BOTH. , #5886 ) ;
#2303 = DIRECTION ( 'NONE',  ( 0.000000000000000000, 0.000000000000000000, 1.000000000000000000 ) ) ;
#2304 = ORIENTED_EDGE ( 'NONE', *, *, #4389, .T. ) ;
#2305 = FACE_BOUND ( 'NONE', #3207, .T. ) ;
#2306 = VECTOR ( 'NONE', #4763, 1000.000000000000000 ) ;
#2307 = EDGE_LOOP ( 'NONE', ( #454, #2195, #231, #3536 ) ) ;
#2308 = VECTOR ( 'NONE', #1049, 1000.000000000000000 ) ;
#2309 = ORIENTED_EDGE ( 'NONE', *, *, #4617, .F. ) ;
#2310 = DIRECTION ( 'NONE',  ( 0.000000000000000000, -0.000000000000000000, 1.000000000000000000 ) ) ;
#2311 = CARTESIAN_POINT ( 'NONE',  ( -230.0000000000005400, 185.0665089980103915, 42.00000000000000000 ) ) ;
#2312 = LINE ( 'NONE', #5870, #3595 ) ;
#2313 = ORIENTED_EDGE ( 'NONE', *, *, #1931, .F. ) ;
#2314 = EDGE_LOOP ( 'NONE', ( #2906, #4285, #3505, #3649 ) ) ;
#2315 = EDGE_CURVE ( 'NONE', #2976, #1363, #3691, .T. ) ;
#2316 = LINE ( 'NONE', #2341, #4685 ) ;
#2317 = LINE ( 'NONE', #3657, #4266 ) ;
#2318 = CARTESIAN_POINT ( 'NONE',  ( -10.00000000000000000, -10.00000000000000000, 10.00000000000000000 ) ) ;
#2319 = EDGE_LOOP ( 'NONE', ( #1038, #3285, #11, #5466 ) ) ;
#2320 = EDGE_LOOP ( 'NONE', ( #1438, #2785, #3278, #3604 ) ) ;
#2321 = DIRECTION ( 'NONE',  ( 0.000000000000000000, 0.000000000000000000, 1.000000000000000000 ) ) ;
#2322 = ADVANCED_FACE ( 'NONE', ( #2325 ), #5467, .F. ) ;
#2323 = DIRECTION ( 'NONE',  ( -1.000000000000000000, 1.110223024625155594E-14, 0.000000000000000000 ) ) ;
#2324 = VERTEX_POINT ( 'NONE', #1908 ) ;
#2325 = FACE_OUTER_BOUND ( 'NONE', #3660, .T. ) ;
#2326 = DIRECTION ( 'NONE',  ( 1.000000000000000000, 1.850371707708627103E-15, 0.000000000000000000 ) ) ;
#2327 = CARTESIAN_POINT ( 'NONE',  ( -184.9999999999995453, 180.0665089980104199, 42.00000000000000000 ) ) ;
#2328 = DIRECTION ( 'NONE',  ( -1.000000000000000000, -1.110223024625155594E-14, 0.000000000000000000 ) ) ;
#2329 = ADVANCED_FACE ( 'NONE', ( #3217 ), #4620, .F. ) ;
#2330 = DIRECTION ( 'NONE',  ( -0.000000000000000000, -0.000000000000000000, -1.000000000000000000 ) ) ;
#2331 = EDGE_CURVE ( 'NONE', #5086, #321, #5041, .T. ) ;
#2332 = ORIENTED_EDGE ( 'NONE', *, *, #1560, .T. ) ;
#2333 = CARTESIAN_POINT ( 'NONE',  ( -64.99999999999961631, 185.0665089980103915, 42.00000000000000000 ) ) ;
#2334 = ORIENTED_EDGE ( 'NONE', *, *, #4125, .F. ) ;
#2335 = EDGE_LOOP ( 'NONE', ( #4767, #5783, #4304, #3560 ) ) ;
#2336 = CARTESIAN_POINT ( 'NONE',  ( -355.0000000000005116, 85.00000000000004263, 42.00000000000000000 ) ) ;
#2337 = CARTESIAN_POINT ( 'NONE',  ( -350.0000000000004547, 339.9334910019898075, 42.00000000000000000 ) ) ;
#2338 = DIRECTION ( 'NONE',  ( 1.000000000000000000, 0.000000000000000000, -0.000000000000000000 ) ) ;
#2339 = ORIENTED_EDGE ( 'NONE', *, *, #1109, .T. ) ;
#2340 = VERTEX_POINT ( 'NONE', #5096 ) ;
#2341 = CARTESIAN_POINT ( 'NONE',  ( -189.9999999999995737, 85.00000000000005684, 2.000000000000000000 ) ) ;
#2342 = CARTESIAN_POINT ( 'NONE',  ( -169.9999999999996021, 210.0665089980102493, 42.00000000000000000 ) ) ;
#2343 = DIRECTION ( 'NONE',  ( 1.000000000000000000, -3.700743415417254206E-15, 0.000000000000000000 ) ) ;
#2344 = EDGE_CURVE ( 'NONE', #3707, #5660, #33, .T. ) ;
#2345 = ORIENTED_EDGE ( 'NONE', *, *, #5174, .T. ) ;
#2346 = ORIENTED_EDGE ( 'NONE', *, *, #5197, .F. ) ;
#2347 = CARTESIAN_POINT ( 'NONE',  ( -184.9999999999994884, 430.0000000000000568, 42.00000000000000000 ) ) ;
#2348 = VECTOR ( 'NONE', #3623, 1000.000000000000000 ) ;
#2349 = CARTESIAN_POINT ( 'NONE',  ( -169.9999999999996021, 180.0665089980103915, 42.00000000000000000 ) ) ;
#2350 = ORIENTED_EDGE ( 'NONE', *, *, #2099, .F. ) ;
#2351 = DIRECTION ( 'NONE',  ( 0.000000000000000000, -1.000000000000000000, 0.000000000000000000 ) ) ;
#2352 = LINE ( 'NONE', #2775, #3223 ) ;
#2353 = EDGE_CURVE ( 'NONE', #3378, #3347, #2774, .T. ) ;
#2354 = EDGE_CURVE ( 'NONE', #5774, #1338, #561, .T. ) ;
#2355 = DIRECTION ( 'NONE',  ( -1.000000000000000000, 1.224646799147353207E-16, 0.000000000000000000 ) ) ;
#2356 = CARTESIAN_POINT ( 'NONE',  ( -44.99999999999965183, 289.9334910019900349, 2.000000000000000000 ) ) ;
#2357 = DIRECTION ( 'NONE',  ( 1.000000000000000000, 0.000000000000000000, 0.000000000000000000 ) ) ;
#2358 = EDGE_LOOP ( 'NONE', ( #5671, #1193, #3152, #4963 ) ) ;
#2359 = CARTESIAN_POINT ( 'NONE',  ( -210.0000000000006537, 185.0665089980103346, 42.00000000000000000 ) ) ;
#2360 = CARTESIAN_POINT ( 'NONE',  ( -10.00000000000000000, -8.000000000000001776, -17.99999999999999645 ) ) ;
#2361 = AXIS2_PLACEMENT_3D ( 'NONE', #2150, #2123, #353 ) ;
#2362 = EDGE_CURVE ( 'NONE', #2758, #2022, #985, .T. ) ;
#2363 = EDGE_CURVE ( 'NONE', #2615, #869, #4201, .T. ) ;
#2364 = VECTOR ( 'NONE', #2744, 1000.000000000000000 ) ;
#2365 = VECTOR ( 'NONE', #5125, 1000.000000000000000 ) ;
#2366 = ORIENTED_EDGE ( 'NONE', *, *, #3819, .F. ) ;
#2367 = ORIENTED_EDGE ( 'NONE', *, *, #3709, .T. ) ;
#2368 = LINE ( 'NONE', #4184, #5712 ) ;
#2369 = PLANE ( 'NONE',  #2251 ) ;
#2370 = CARTESIAN_POINT ( 'NONE',  ( -189.9999999999994884, 415.0000000000000568, 42.00000000000000000 ) ) ;
#2371 = AXIS2_PLACEMENT_3D ( 'NONE', #5858, #3526, #808 ) ;
#2372 = AXIS2_PLACEMENT_3D ( 'NONE', #961, #5535, #4601 ) ;
#2373 = VECTOR ( 'NONE', #4283, 1000.000000000000000 ) ;
#2374 = EDGE_LOOP ( 'NONE', ( #5077, #5330, #776, #942 ) ) ;
#2375 = VECTOR ( 'NONE', #5857, 1000.000000000000000 ) ;
#2376 = ORIENTED_EDGE ( 'NONE', *, *, #2542, .T. ) ;
#2377 = CARTESIAN_POINT ( 'NONE',  ( -230.0000000000005969, 435.0000000000000568, 42.00000000000000000 ) ) ;
#2378 = PLANE ( 'NONE',  #1695 ) ;
#2379 = LINE ( 'NONE', #4638, #5042 ) ;
#2380 = VERTEX_POINT ( 'NONE', #1785 ) ;
#2381 = ORIENTED_EDGE ( 'NONE', *, *, #3952, .F. ) ;
#2382 = DIRECTION ( 'NONE',  ( -1.387778780781447648E-15, -1.000000000000000000, 0.000000000000000000 ) ) ;
#2383 = DIRECTION ( 'NONE',  ( 1.000000000000000000, 3.700743415417254206E-15, 0.000000000000000000 ) ) ;
#2384 = ORIENTED_EDGE ( 'NONE', *, *, #2695, .F. ) ;
#2385 = DIRECTION ( 'NONE',  ( -1.000000000000000000, -1.110223024625155594E-14, 0.000000000000000000 ) ) ;
#2386 = DIRECTION ( 'NONE',  ( 0.000000000000000000, 0.000000000000000000, 1.000000000000000000 ) ) ;
#2387 = ADVANCED_FACE ( 'NONE', ( #3607 ), #4525, .T. ) ;
#2388 = PLANE ( 'NONE',  #1030 ) ;
#2389 = VECTOR ( 'NONE', #3907, 1000.000000000000000 ) ;
#2390 = LINE ( 'NONE', #4208, #3456 ) ;
#2391 = ORIENTED_EDGE ( 'NONE', *, *, #944, .T. ) ;
#2392 = LINE ( 'NONE', #3259, #4073 ) ;
#2393 = CARTESIAN_POINT ( 'NONE',  ( 0.000000000000000000, -10.00000000000000000, 10.00000000000000000 ) ) ;
#2394 = ADVANCED_FACE ( 'NONE', ( #1163 ), #4712, .F. ) ;
#2395 = ORIENTED_EDGE ( 'NONE', *, *, #1054, .F. ) ;
#2396 = PRODUCT_RELATED_PRODUCT_CATEGORY ( 'part', '', ( #5736 ) ) ;
#2397 = ORIENTED_EDGE ( 'NONE', *, *, #3361, .F. ) ;
#2398 = CARTESIAN_POINT ( 'NONE',  ( -64.99999999999961631, 210.0665089980102493, 42.00000000000000000 ) ) ;
#2399 = CARTESIAN_POINT ( 'NONE',  ( -184.9999999999994884, 415.0000000000000000, 42.00000000000000000 ) ) ;
#2400 = VECTOR ( 'NONE', #5724, 1000.000000000000000 ) ;
#2401 = DIRECTION ( 'NONE',  ( 0.000000000000000000, 1.000000000000000000, 0.000000000000000000 ) ) ;
#2402 = PRESENTATION_LAYER_ASSIGNMENT (  '', '', ( #1258 ) ) ;
#2403 = ORIENTED_EDGE ( 'NONE', *, *, #3995, .F. ) ;
#2404 = ORIENTED_EDGE ( 'NONE', *, *, #4508, .T. ) ;
#2405 = ADVANCED_FACE ( 'NONE', ( #5583 ), #3846, .F. ) ;
#2406 = DIRECTION ( 'NONE',  ( -0.000000000000000000, -0.000000000000000000, -1.000000000000000000 ) ) ;
#2407 = EDGE_CURVE ( 'NONE', #5717, #1058, #5676, .T. ) ;
#2408 = CARTESIAN_POINT ( 'NONE',  ( -355.0000000000005116, 415.0000000000000000, 42.00000000000000000 ) ) ;
#2409 = DIRECTION ( 'NONE',  ( -0.000000000000000000, -0.000000000000000000, -1.000000000000000000 ) ) ;
#2410 = EDGE_LOOP ( 'NONE', ( #3457, #4490, #2029, #3084 ) ) ;
#2411 = EDGE_LOOP ( 'NONE', ( #2577, #3062, #1999, #3875 ) ) ;
#2412 = CARTESIAN_POINT ( 'NONE',  ( -44.99999999999959499, 415.0000000000000000, 42.00000000000000000 ) ) ;
#2413 = CARTESIAN_POINT ( 'NONE',  ( 340.0000000000000568, 8.000000000000001776, -8.000000000000000000 ) ) ;
#2414 = EDGE_LOOP ( 'NONE', ( #809, #575, #2875, #286, #5315, #377 ) ) ;
#2415 = DIRECTION ( 'NONE',  ( 1.000000000000000000, 0.000000000000000000, -0.000000000000000000 ) ) ;
#2416 = DIRECTION ( 'NONE',  ( -1.000000000000000000, 3.700743415417198986E-15, 0.000000000000000000 ) ) ;
#2417 = LINE ( 'NONE', #1138, #4261 ) ;
#2418 = CARTESIAN_POINT ( 'NONE',  ( 378.2842712474619589, -10.00000000000000000, -10.00000000000000000 ) ) ;
#2419 = ORIENTED_EDGE ( 'NONE', *, *, #835, .F. ) ;
#2420 = CARTESIAN_POINT ( 'NONE',  ( -44.99999999999959499, 415.0000000000000000, 42.00000000000000000 ) ) ;
#2421 = DIRECTION ( 'NONE',  ( 1.000000000000000000, 0.000000000000000000, 0.000000000000000000 ) ) ;
#2422 = EDGE_CURVE ( 'NONE', #3173, #5624, #5700, .T. ) ;
#2423 = VERTEX_POINT ( 'NONE', #5222 ) ;
#2424 = DIRECTION ( 'NONE',  ( 1.000000000000000000, -1.110223024625155752E-14, 0.000000000000000000 ) ) ;
#2425 = EDGE_LOOP ( 'NONE', ( #953, #1652, #918, #5048 ) ) ;
#2426 = DIRECTION ( 'NONE',  ( -0.000000000000000000, -0.000000000000000000, -1.000000000000000000 ) ) ;
#2427 = DIRECTION ( 'NONE',  ( -1.000000000000000000, 0.000000000000000000, -0.000000000000000000 ) ) ;
#2428 = EDGE_CURVE ( 'NONE', #5362, #2452, #5614, .T. ) ;
#2429 = VERTEX_POINT ( 'NONE', #4231 ) ;
#2430 = ORIENTED_EDGE ( 'NONE', *, *, #4427, .F. ) ;
#2431 = PLANE ( 'NONE',  #1831 ) ;
#2432 = CARTESIAN_POINT ( 'NONE',  ( 378.2842712474619589, -8.000000000000000000, -8.000000000000000000 ) ) ;
#2433 = LINE ( 'NONE', #4766, #3890 ) ;
#2434 = EDGE_CURVE ( 'NONE', #1128, #285, #3373, .T. ) ;
#2435 = EDGE_CURVE ( 'NONE', #2887, #4848, #2474, .T. ) ;
#2436 = ORIENTED_EDGE ( 'NONE', *, *, #5801, .T. ) ;
#2437 = VERTEX_POINT ( 'NONE', #4772 ) ;
#2438 = CARTESIAN_POINT ( 'NONE',  ( -355.0000000000005684, 434.9999999999999432, -2.000000000000000000 ) ) ;
#2439 = CARTESIAN_POINT ( 'NONE',  ( 378.2842712474619589, 10.00000000000000000, 10.00000000000000000 ) ) ;
#2440 = VERTEX_POINT ( 'NONE', #5162 ) ;
#2441 = DIRECTION ( 'NONE',  ( 0.000000000000000000, -1.000000000000000000, 0.000000000000000000 ) ) ;
#2442 = CARTESIAN_POINT ( 'NONE',  ( -210.0000000000005400, 210.0665089980102493, 2.000000000000000000 ) ) ;
#2443 = AXIS2_PLACEMENT_3D ( 'NONE', #1115, #1087, #2427 ) ;
#2444 = CARTESIAN_POINT ( 'NONE',  ( -64.99999999999961631, 309.9334910019899780, 42.00000000000000000 ) ) ;
#2445 = EDGE_LOOP ( 'NONE', ( #4264, #5238, #1860, #5552, #4896, #3883, #4556, #3387 ) ) ;
#2446 = LINE ( 'NONE', #1645, #1225 ) ;
#2447 = DIRECTION ( 'NONE',  ( -1.000000000000000000, 2.775557561562908312E-15, 0.000000000000000000 ) ) ;
#2448 = VECTOR ( 'NONE', #3798, 1000.000000000000000 ) ;
#2449 = ORIENTED_EDGE ( 'NONE', *, *, #3080, .T. ) ;
#2450 = CARTESIAN_POINT ( 'NONE',  ( -210.0000000000005684, 230.0665089980102209, 42.00000000000000000 ) ) ;
#2451 = AXIS2_PLACEMENT_3D ( 'NONE', #4568, #5102, #478 ) ;
#2452 = VERTEX_POINT ( 'NONE', #1073 ) ;
#2453 = CARTESIAN_POINT ( 'NONE',  ( -215.0000000000007958, 339.9334910019898075, 42.00000000000000000 ) ) ;
#2454 = FACE_OUTER_BOUND ( 'NONE', #5484, .T. ) ;
#2455 = ADVANCED_FACE ( 'NONE', ( #4801 ), #4256, .F. ) ;
#2456 = PRODUCT_DEFINITION_CONTEXT ( 'detailed design', #4795, 'design' ) ;
#2457 = VECTOR ( 'NONE', #517, 1000.000000000000000 ) ;
#2458 = AXIS2_PLACEMENT_3D ( 'NONE', #1501, #135, #3201 ) ;
#2459 = ORIENTED_EDGE ( 'NONE', *, *, #213, .T. ) ;
#2460 = ORIENTED_EDGE ( 'NONE', *, *, #4760, .F. ) ;
#2461 = AXIS2_PLACEMENT_3D ( 'NONE', #5615, #4347, #211 ) ;
#2462 = AXIS2_PLACEMENT_3D ( 'NONE', #1202, #1177, #2967 ) ;
#2463 = CARTESIAN_POINT ( 'NONE',  ( -189.9999999999995737, 309.9334910019899780, 2.000000000000000000 ) ) ;
#2464 = CARTESIAN_POINT ( 'NONE',  ( -44.99999999999959499, 415.0000000000000000, 42.00000000000000000 ) ) ;
#2465 = ADVANCED_FACE ( 'NONE', ( #236 ), #4740, .F. ) ;
#2466 = DIRECTION ( 'NONE',  ( -1.000000000000000000, -1.110223024625155752E-14, 0.000000000000000000 ) ) ;
#2467 = VECTOR ( 'NONE', #3986, 1000.000000000000000 ) ;
#2468 = VECTOR ( 'NONE', #5254, 1000.000000000000000 ) ;
#2469 = ORIENTED_EDGE ( 'NONE', *, *, #3959, .F. ) ;
#2470 = ORIENTED_EDGE ( 'NONE', *, *, #1351, .T. ) ;
#2471 = CARTESIAN_POINT ( 'NONE',  ( -44.99999999999965183, 105.0000000000000426, 42.00000000000000000 ) ) ;
#2472 = DIRECTION ( 'NONE',  ( -0.000000000000000000, -0.000000000000000000, -1.000000000000000000 ) ) ;
#2473 = ORIENTED_EDGE ( 'NONE', *, *, #3312, .T. ) ;
#2474 = LINE ( 'NONE', #2503, #751 ) ;
#2475 =( NAMED_UNIT ( * ) PLANE_ANGLE_UNIT ( ) SI_UNIT ( $, .RADIAN. ) );
#2476 = EDGE_CURVE ( 'NONE', #2977, #4735, #2892, .T. ) ;
#2477 = PLANE ( 'NONE',  #1892 ) ;
#2478 = EDGE_CURVE ( 'NONE', #1624, #1384, #2004, .T. ) ;
#2479 = DIRECTION ( 'NONE',  ( 0.000000000000000000, 0.000000000000000000, 1.000000000000000000 ) ) ;
#2480 = VERTEX_POINT ( 'NONE', #5647 ) ;
#2481 = PLANE ( 'NONE',  #2185 ) ;
#2482 = DIRECTION ( 'NONE',  ( -0.000000000000000000, -0.000000000000000000, -1.000000000000000000 ) ) ;
#2483 = EDGE_CURVE ( 'NONE', #1338, #4999, #3869, .T. ) ;
#2484 =( GEOMETRIC_REPRESENTATION_CONTEXT ( 3 ) GLOBAL_UNCERTAINTY_ASSIGNED_CONTEXT ( ( #5633 ) ) GLOBAL_UNIT_ASSIGNED_CONTEXT ( ( #2743, #1256, #4046 ) ) REPRESENTATION_CONTEXT ( 'NONE', 'WORKASPACE' ) );
#2485 = EDGE_LOOP ( 'NONE', ( #5592, #1368, #5714, #5279, #4052, #5613 ) ) ;
#2486 = LINE ( 'NONE', #4786, #633 ) ;
#2487 = EDGE_LOOP ( 'NONE', ( #2791, #2970, #4954, #2032, #314, #5757 ) ) ;
#2488 = FACE_OUTER_BOUND ( 'NONE', #658, .T. ) ;
#2489 = AXIS2_PLACEMENT_3D ( 'NONE', #5760, #3070, #4491 ) ;
#2490 = ORIENTED_EDGE ( 'NONE', *, *, #3585, .F. ) ;
#2491 = VECTOR ( 'NONE', #2231, 1000.000000000000000 ) ;
#2492 = ORIENTED_EDGE ( 'NONE', *, *, #1305, .T. ) ;
#2493 = DIRECTION ( 'NONE',  ( -2.775557561562908706E-15, -1.000000000000000000, 0.000000000000000000 ) ) ;
#2494 = PLANE ( 'NONE',  #1504 ) ;
#2495 = FACE_OUTER_BOUND ( 'NONE', #5057, .T. ) ;
#2496 = VECTOR ( 'NONE', #2530, 1000.000000000000000 ) ;
#2497 = VERTEX_POINT ( 'NONE', #2524 ) ;
#2498 = ADVANCED_FACE ( 'NONE', ( #1942 ), #5193, .T. ) ;
#2499 = EDGE_LOOP ( 'NONE', ( #3924, #89, #1689, #3141 ) ) ;
#2500 = PLANE ( 'NONE',  #5122 ) ;
#2501 = LINE ( 'NONE', #2950, #2019 ) ;
#2502 = VERTEX_POINT ( 'NONE', #3305 ) ;
#2503 = CARTESIAN_POINT ( 'NONE',  ( -169.9999999999996021, 185.0665089980103915, 42.00000000000000000 ) ) ;
#2504 = CARTESIAN_POINT ( 'NONE',  ( -10.00000000000000000, 7.999999999999998224, 17.99999999999999289 ) ) ;
#2505 = SURFACE_STYLE_USAGE ( .BOTH. , #1104 ) ;
#2506 = ORIENTED_EDGE ( 'NONE', *, *, #860, .F. ) ;
#2507 = DIRECTION ( 'NONE',  ( 1.110223024625155752E-14, -1.000000000000000000, 0.000000000000000000 ) ) ;
#2508 = CARTESIAN_POINT ( 'NONE',  ( -210.0000000000006537, 210.0665089980103346, 42.00000000000000000 ) ) ;
#2509 = CARTESIAN_POINT ( 'NONE',  ( -215.0000000000007958, 180.0665089980104199, 42.00000000000000000 ) ) ;
#2510 = ADVANCED_FACE ( 'NONE', ( #4679 ), #5128, .T. ) ;
#2511 = ORIENTED_EDGE ( 'NONE', *, *, #5064, .T. ) ;
#2512 = PLANE ( 'NONE',  #5312 ) ;
#2513 = ORIENTED_EDGE ( 'NONE', *, *, #5540, .T. ) ;
#2514 = DIRECTION ( 'NONE',  ( 1.000000000000000000, -3.700743415417254206E-15, 0.000000000000000000 ) ) ;
#2515 = VERTEX_POINT ( 'NONE', #3782 ) ;
#2516 = ORIENTED_EDGE ( 'NONE', *, *, #1086, .T. ) ;
#2517 = FACE_OUTER_BOUND ( 'NONE', #198, .T. ) ;
#2518 = FACE_OUTER_BOUND ( 'NONE', #905, .T. ) ;
#2519 = CARTESIAN_POINT ( 'NONE',  ( -44.99999999999965183, 230.0665089980102209, 42.00000000000000000 ) ) ;
#2520 = ORIENTED_EDGE ( 'NONE', *, *, #5017, .F. ) ;
#2521 = ORIENTED_EDGE ( 'NONE', *, *, #4609, .F. ) ;
#2522 = CARTESIAN_POINT ( 'NONE',  ( -49.99999999999965894, 339.9334910019898075, 42.00000000000000000 ) ) ;
#2523 = CARTESIAN_POINT ( 'NONE',  ( -350.0000000000006821, 354.9334910019899212, 42.00000000000000000 ) ) ;
#2524 = CARTESIAN_POINT ( 'NONE',  ( -44.99999999999965183, 354.9334910019898643, 42.00000000000000000 ) ) ;
#2525 = APPLICATION_PROTOCOL_DEFINITION ( 'draft international standard', 'automotive_design', 1998, #4874 ) ;
#2526 = LINE ( 'NONE', #3818, #3125 ) ;
#2527 = EDGE_CURVE ( 'NONE', #1443, #3576, #4463, .T. ) ;
#2528 = PRODUCT_DEFINITION_SHAPE ( 'NONE', 'NONE',  #2943 ) ;
#2529 = DIRECTION ( 'NONE',  ( 0.000000000000000000, -1.000000000000000000, 0.000000000000000000 ) ) ;
#2530 = DIRECTION ( 'NONE',  ( -0.000000000000000000, -0.000000000000000000, -1.000000000000000000 ) ) ;
#2531 = ORIENTED_EDGE ( 'NONE', *, *, #911, .F. ) ;
#2532 = CARTESIAN_POINT ( 'NONE',  ( -49.99999999999965894, 90.00000000000002842, 42.00000000000000000 ) ) ;
#2533 = CARTESIAN_POINT ( 'NONE',  ( -215.0000000000005684, 90.00000000000002842, 42.00000000000000000 ) ) ;
#2534 = CARTESIAN_POINT ( 'NONE',  ( -335.0000000000005116, 85.00000000000004263, 42.00000000000000000 ) ) ;
#2535 = EDGE_CURVE ( 'NONE', #3388, #1952, #3547, .T. ) ;
#2536 = VECTOR ( 'NONE', #1329, 1000.000000000000000 ) ;
#2537 = ORIENTED_EDGE ( 'NONE', *, *, #5329, .T. ) ;
#2538 = CARTESIAN_POINT ( 'NONE',  ( -355.0000000000006253, 334.9334910019899212, 42.00000000000000000 ) ) ;
#2539 = ORIENTED_EDGE ( 'NONE', *, *, #4001, .F. ) ;
#2540 = CARTESIAN_POINT ( 'NONE',  ( -355.0000000000006253, 185.0665089980103346, 42.00000000000000000 ) ) ;
#2541 = EDGE_CURVE ( 'NONE', #680, #1904, #3572, .T. ) ;
#2542 = EDGE_CURVE ( 'NONE', #4307, #4625, #297, .T. ) ;
#2543 = AXIS2_PLACEMENT_3D ( 'NONE', #5136, #3872, #1048 ) ;
#2544 = ORIENTED_EDGE ( 'NONE', *, *, #4887, .F. ) ;
#2545 = ORIENTED_EDGE ( 'NONE', *, *, #4441, .T. ) ;
#2546 = CARTESIAN_POINT ( 'NONE',  ( -10.00000000000000000, 10.00000000000000000, -10.00000000000000000 ) ) ;
#2547 = CARTESIAN_POINT ( 'NONE',  ( -355.0000000000005684, 354.9334910019899212, 2.000000000000000000 ) ) ;
#2548 = VECTOR ( 'NONE', #5088, 1000.000000000000000 ) ;
#2549 = VECTOR ( 'NONE', #5418, 1000.000000000000000 ) ;
#2550 = CARTESIAN_POINT ( 'NONE',  ( -169.9999999999996021, 304.9334910019899780, 2.000000000000000000 ) ) ;
#2551 = VECTOR ( 'NONE', #416, 1000.000000000000000 ) ;
#2552 = VERTEX_POINT ( 'NONE', #1302 ) ;
#2553 = VECTOR ( 'NONE', #1660, 1000.000000000000000 ) ;
#2554 = ORIENTED_EDGE ( 'NONE', *, *, #1879, .F. ) ;
#2555 = LINE ( 'NONE', #4378, #3886 ) ;
#2556 = LINE ( 'NONE', #2086, #2299 ) ;
#2557 = CARTESIAN_POINT ( 'NONE',  ( -169.9999999999996021, 85.00000000000004263, 42.00000000000000000 ) ) ;
#2558 = CONTEXT_DEPENDENT_SHAPE_REPRESENTATION ( #5597, #917 ) ;
#2559 = DIRECTION ( 'NONE',  ( -0.000000000000000000, -0.000000000000000000, -1.000000000000000000 ) ) ;
#2560 = AXIS2_PLACEMENT_3D ( 'NONE', #3032, #794, #344 ) ;
#2561 = VECTOR ( 'NONE', #993, 1000.000000000000000 ) ;
#2562 = SHAPE_REPRESENTATION ( 'T2_2x2', ( #4192 ), #4671 ) ;
#2563 = DIRECTION ( 'NONE',  ( 0.000000000000000000, 0.000000000000000000, -1.000000000000000000 ) ) ;
#2564 = VECTOR ( 'NONE', #5492, 1000.000000000000000 ) ;
#2565 = EDGE_CURVE ( 'NONE', #5192, #249, #3985, .T. ) ;
#2566 = ORIENTED_EDGE ( 'NONE', *, *, #4312, .F. ) ;
#2567 = DIRECTION ( 'NONE',  ( 1.000000000000000000, 0.000000000000000000, 0.000000000000000000 ) ) ;
#2568 = CARTESIAN_POINT ( 'NONE',  ( -189.9999999999995453, 289.9334910019900349, 42.00000000000000000 ) ) ;
#2569 = PLANE ( 'NONE',  #4845 ) ;
#2570 = ORIENTED_EDGE ( 'NONE', *, *, #1956, .T. ) ;
#2571 = DIRECTION ( 'NONE',  ( -0.000000000000000000, -0.000000000000000000, -1.000000000000000000 ) ) ;
#2572 = EDGE_CURVE ( 'NONE', #2752, #5758, #5852, .T. ) ;
#2573 = VERTEX_POINT ( 'NONE', #3901 ) ;
#2574 = CARTESIAN_POINT ( 'NONE',  ( -184.9999999999995453, 339.9334910019898075, 42.00000000000000000 ) ) ;
#2575 = VECTOR ( 'NONE', #332, 1000.000000000000000 ) ;
#2576 = VERTEX_POINT ( 'NONE', #5307 ) ;
#2577 = ORIENTED_EDGE ( 'NONE', *, *, #2207, .T. ) ;
#2578 = FACE_OUTER_BOUND ( 'NONE', #1300, .T. ) ;
#2579 = DIRECTION ( 'NONE',  ( 1.000000000000000000, 4.163336342344362270E-15, 0.000000000000000000 ) ) ;
#2580 = LINE ( 'NONE', #1685, #3220 ) ;
#2581 = PRODUCT ( 'T1_2x2', 'T1_2x2', '', ( #3870 ) ) ;
#2582 = CARTESIAN_POINT ( 'NONE',  ( -355.0000000000006253, 210.0665089980103346, 42.00000000000000000 ) ) ;
#2583 = AXIS2_PLACEMENT_3D ( 'NONE', #5253, #3814, #645 ) ;
#2584 = VERTEX_POINT ( 'NONE', #1636 ) ;
#2585 = EDGE_CURVE ( 'NONE', #3799, #4847, #824, .T. ) ;
#2586 = EDGE_CURVE ( 'NONE', #3646, #4517, #5733, .T. ) ;
#2587 = ORIENTED_EDGE ( 'NONE', *, *, #3135, .T. ) ;
#2588 = CARTESIAN_POINT ( 'NONE',  ( -10.00000000000000000, 7.999999999999998224, 17.99999999999999289 ) ) ;
#2589 = DIRECTION ( 'NONE',  ( -1.000000000000000000, -1.110223024625155594E-14, 0.000000000000000000 ) ) ;
#2590 = CARTESIAN_POINT ( 'NONE',  ( -10.00000000000000000, 8.000000000000001776, -8.000000000000000000 ) ) ;
#2591 = PLANE ( 'NONE',  #2945 ) ;
#2592 = VECTOR ( 'NONE', #3656, 1000.000000000000000 ) ;
#2593 = PRODUCT_DEFINITION_SHAPE ( 'NONE', 'NONE',  #5910 ) ;
#2594 = VECTOR ( 'NONE', #10, 1000.000000000000000 ) ;
#2595 = LINE ( 'NONE', #268, #4931 ) ;
#2596 = CARTESIAN_POINT ( 'NONE',  ( -49.99999999999965894, 90.00000000000002842, 42.00000000000000000 ) ) ;
#2597 = ORIENTED_EDGE ( 'NONE', *, *, #1971, .F. ) ;
#2598 = LINE ( 'NONE', #807, #2755 ) ;
#2599 = CARTESIAN_POINT ( 'NONE',  ( -230.0000000000005400, 215.0665089980102493, 42.00000000000000000 ) ) ;
#2600 = CARTESIAN_POINT ( 'NONE',  ( -230.0000000000005400, 334.9334910019898643, 42.00000000000000000 ) ) ;
#2601 = ORIENTED_EDGE ( 'NONE', *, *, #5727, .T. ) ;
#2602 = DIRECTION ( 'NONE',  ( 0.000000000000000000, 0.000000000000000000, -1.000000000000000000 ) ) ;
#2603 = EDGE_LOOP ( 'NONE', ( #3618, #1907, #2825, #806 ) ) ;
#2604 = DIRECTION ( 'NONE',  ( 1.387778780781447648E-15, -1.000000000000000000, 0.000000000000000000 ) ) ;
#2605 = EDGE_CURVE ( 'NONE', #1352, #3328, #5283, .T. ) ;
#2606 = ORIENTED_EDGE ( 'NONE', *, *, #4244, .F. ) ;
#2607 = ORIENTED_EDGE ( 'NONE', *, *, #2483, .F. ) ;
#2608 = LINE ( 'NONE', #816, #2969 ) ;
#2609 = EDGE_LOOP ( 'NONE', ( #889, #5293, #5894, #758 ) ) ;
#2610 = CARTESIAN_POINT ( 'NONE',  ( -355.0000000000006821, 289.9334910019900349, 42.00000000000000000 ) ) ;
#2611 = CARTESIAN_POINT ( 'NONE',  ( -10.00000000000000000, -8.000000000000000000, -8.000000000000000000 ) ) ;
#2612 = EDGE_CURVE ( 'NONE', #3687, #960, #3517, .T. ) ;
#2613 = ADVANCED_FACE ( 'NONE', ( #3461 ), #1755, .T. ) ;
#2614 = ORIENTED_EDGE ( 'NONE', *, *, #4287, .T. ) ;
#2615 = VERTEX_POINT ( 'NONE', #4916 ) ;
#2616 = CARTESIAN_POINT ( 'NONE',  ( -189.9999999999994884, 185.0665089980103346, 42.00000000000000000 ) ) ;
#2617 = LINE ( 'NONE', #1663, #5720 ) ;
#2618 = LINE ( 'NONE', #4948, #2467 ) ;
#2619 = EDGE_CURVE ( 'NONE', #767, #2576, #2617, .T. ) ;
#2620 = EDGE_CURVE ( 'NONE', #1844, #1508, #4946, .T. ) ;
#2621 = CARTESIAN_POINT ( 'NONE',  ( 0.000000000000000000, 0.000000000000000000, 42.00000000000000000 ) ) ;
#2622 = CARTESIAN_POINT ( 'NONE',  ( -335.0000000000007390, 334.9334910019898643, 42.00000000000000000 ) ) ;
#2623 = ORIENTED_EDGE ( 'NONE', *, *, #3406, .T. ) ;
#2624 = DIRECTION ( 'NONE',  ( -0.000000000000000000, 0.000000000000000000, -1.000000000000000000 ) ) ;
#2625 = DIRECTION ( 'NONE',  ( -3.700743415417198986E-15, -1.000000000000000000, 0.000000000000000000 ) ) ;
#2626 = ORIENTED_EDGE ( 'NONE', *, *, #1640, .T. ) ;
#2627 = CARTESIAN_POINT ( 'NONE',  ( -335.0000000000005116, 85.00000000000005684, 2.000000000000000000 ) ) ;
#2628 = CARTESIAN_POINT ( 'NONE',  ( -44.99999999999959499, 309.9334910019899780, 42.00000000000000000 ) ) ;
#2629 = ORIENTED_EDGE ( 'NONE', *, *, #1455, .T. ) ;
#2630 = CARTESIAN_POINT ( 'NONE',  ( -355.0000000000006253, 185.0665089980103346, 42.00000000000000000 ) ) ;
#2631 = VERTEX_POINT ( 'NONE', #3006 ) ;
#2632 = VECTOR ( 'NONE', #1836, 1000.000000000000000 ) ;
#2633 = ORIENTED_EDGE ( 'NONE', *, *, #5750, .T. ) ;
#2634 = ADVANCED_FACE ( 'NONE', ( #5374 ), #857, .F. ) ;
#2635 = PLANE ( 'NONE',  #4106 ) ;
#2636 = LINE ( 'NONE', #1749, #1114 ) ;
#2637 = CARTESIAN_POINT ( 'NONE',  ( -215.0000000000005684, 105.0000000000000995, 42.00000000000000000 ) ) ;
#2638 = DIRECTION ( 'NONE',  ( -1.000000000000000000, 0.000000000000000000, -0.000000000000000000 ) ) ;
#2639 = VECTOR ( 'NONE', #1562, 1000.000000000000000 ) ;
#2640 = ORIENTED_EDGE ( 'NONE', *, *, #5442, .F. ) ;
#2641 = ORIENTED_EDGE ( 'NONE', *, *, #4725, .F. ) ;
#2642 = AXIS2_PLACEMENT_3D ( 'NONE', #2179, #5401, #5854 ) ;
#2643 = EDGE_CURVE ( 'NONE', #398, #2324, #736, .T. ) ;
#2644 = CARTESIAN_POINT ( 'NONE',  ( -44.99999999999965183, 289.9334910019900349, 42.00000000000000000 ) ) ;
#2645 = CARTESIAN_POINT ( 'NONE',  ( -189.9999999999995453, 354.9334910019898643, 42.00000000000000000 ) ) ;
#2646 = CARTESIAN_POINT ( 'NONE',  ( -335.0000000000007390, 210.0665089980102493, 2.000000000000000000 ) ) ;
#2647 = AXIS2_PLACEMENT_3D ( 'NONE', #915, #1452, #2766 ) ;
#2648 = VECTOR ( 'NONE', #5826, 1000.000000000000000 ) ;
#2649 = FACE_OUTER_BOUND ( 'NONE', #1897, .T. ) ;
#2650 = EDGE_CURVE ( 'NONE', #3797, #5378, #4380, .T. ) ;
#2651 = ADVANCED_FACE ( 'NONE', ( #5761 ), #3485, .F. ) ;
#2652 = ORIENTED_EDGE ( 'NONE', *, *, #4991, .F. ) ;
#2653 = CARTESIAN_POINT ( 'NONE',  ( -10.00000000000000000, 0.000000000000000000, 0.000000000000000000 ) ) ;
#2654 = VECTOR ( 'NONE', #1673, 1000.000000000000000 ) ;
#2655 = DIRECTION ( 'NONE',  ( 1.000000000000000000, 0.000000000000000000, 0.000000000000000000 ) ) ;
#2656 = VECTOR ( 'NONE', #3314, 1000.000000000000000 ) ;
#2657 = CARTESIAN_POINT ( 'NONE',  ( -10.00000000000000000, 10.00000000000000000, 10.00000000000000000 ) ) ;
#2658 = VECTOR ( 'NONE', #82, 1000.000000000000000 ) ;
#2659 = VECTOR ( 'NONE', #2919, 1000.000000000000000 ) ;
#2660 = ORIENTED_EDGE ( 'NONE', *, *, #4022, .T. ) ;
#2661 = DIRECTION ( 'NONE',  ( 0.000000000000000000, 1.000000000000000000, 0.000000000000000000 ) ) ;
#2662 = CARTESIAN_POINT ( 'NONE',  ( 0.000000000000000000, 0.000000000000000000, 42.00000000000000000 ) ) ;
#2663 = ADVANCED_FACE ( 'NONE', ( #801 ), #4099, .F. ) ;
#2664 = ORIENTED_EDGE ( 'NONE', *, *, #1491, .F. ) ;
#2665 = DIRECTION ( 'NONE',  ( 0.000000000000000000, -0.000000000000000000, -1.000000000000000000 ) ) ;
#2666 = ORIENTED_EDGE ( 'NONE', *, *, #4328, .F. ) ;
#2667 = VERTEX_POINT ( 'NONE', #1335 ) ;
#2668 = CARTESIAN_POINT ( 'NONE',  ( -10.00000000000000000, -10.00000000000000178, -19.99999999999999645 ) ) ;
#2669 = ORIENTED_EDGE ( 'NONE', *, *, #4546, .T. ) ;
#2670 = PLANE ( 'NONE',  #3315 ) ;
#2671 = VECTOR ( 'NONE', #4211, 1000.000000000000000 ) ;
#2672 = VERTEX_POINT ( 'NONE', #1424 ) ;
#2673 = VERTEX_POINT ( 'NONE', #2342 ) ;
#2674 = CARTESIAN_POINT ( 'NONE',  ( -189.9999999999994884, 185.0665089980103346, 42.00000000000000000 ) ) ;
#2675 = CARTESIAN_POINT ( 'NONE',  ( -215.0000000000007958, 180.0665089980104199, 2.000000000000000000 ) ) ;
#2676 = CARTESIAN_POINT ( 'NONE',  ( -215.0000000000007958, 304.9334910019900349, 2.000000000000000000 ) ) ;
#2677 = PRODUCT_DEFINITION_FORMATION_WITH_SPECIFIED_SOURCE ( 'ANY', '', #2581, .NOT_KNOWN. ) ;
#2678 = VECTOR ( 'NONE', #4105, 1000.000000000000000 ) ;
#2679 = ADVANCED_FACE ( 'NONE', ( #5430 ), #4070, .T. ) ;
#2680 = VERTEX_POINT ( 'NONE', #5486 ) ;
#2681 = LINE ( 'NONE', #919, #740 ) ;
#2682 = AXIS2_PLACEMENT_3D ( 'NONE', #907, #572, #3350 ) ;
#2683 = EDGE_LOOP ( 'NONE', ( #166, #4642, #3322, #4230 ) ) ;
#2684 = CARTESIAN_POINT ( 'NONE',  ( -189.9999999999995453, 165.0665089980103915, 42.00000000000000000 ) ) ;
#2685 = FACE_OUTER_BOUND ( 'NONE', #345, .T. ) ;
#2686 = DIRECTION ( 'NONE',  ( 0.000000000000000000, 1.000000000000000000, 0.000000000000000000 ) ) ;
#2687 = EDGE_CURVE ( 'NONE', #5837, #4030, #5002, .T. ) ;
#2688 = VECTOR ( 'NONE', #657, 1000.000000000000000 ) ;
#2689 = ORIENTED_EDGE ( 'NONE', *, *, #3748, .T. ) ;
#2690 = CARTESIAN_POINT ( 'NONE',  ( -189.9999999999995737, 85.00000000000005684, 42.00000000000000000 ) ) ;
#2691 = CARTESIAN_POINT ( 'NONE',  ( -184.9999999999995453, 304.9334910019900349, 2.000000000000000000 ) ) ;
#2692 = ORIENTED_EDGE ( 'NONE', *, *, #3592, .T. ) ;
#2693 = DIRECTION ( 'NONE',  ( 1.110223024625155752E-14, 1.000000000000000000, -0.000000000000000000 ) ) ;
#2694 = EDGE_CURVE ( 'NONE', #3715, #904, #1842, .T. ) ;
#2695 = EDGE_CURVE ( 'NONE', #2014, #1848, #407, .T. ) ;
#2696 = EDGE_LOOP ( 'NONE', ( #3973, #2790, #2545, #3475 ) ) ;
#2697 = ORIENTED_EDGE ( 'NONE', *, *, #1744, .T. ) ;
#2698 = LINE ( 'NONE', #2723, #2549 ) ;
#2699 = DIRECTION ( 'NONE',  ( -1.000000000000000000, -2.775557561562904367E-15, 0.000000000000000000 ) ) ;
#2700 = DIRECTION ( 'NONE',  ( -0.000000000000000000, -0.000000000000000000, -1.000000000000000000 ) ) ;
#2701 = CARTESIAN_POINT ( 'NONE',  ( -215.0000000000005684, 90.00000000000002842, 42.00000000000000000 ) ) ;
#2702 = UNCERTAINTY_MEASURE_WITH_UNIT (LENGTH_MEASURE( 1.000000000000000082E-05 ), #1731, 'distance_accuracy_value', 'NONE');
#2703 = VERTEX_POINT ( 'NONE', #50 ) ;
#2704 = ORIENTED_EDGE ( 'NONE', *, *, #5022, .F. ) ;
#2705 = CARTESIAN_POINT ( 'NONE',  ( -49.99999999999965894, 180.0665089980104199, 42.00000000000000000 ) ) ;
#2706 = CARTESIAN_POINT ( 'NONE',  ( -210.0000000000005684, 165.0665089980103915, 42.00000000000000000 ) ) ;
#2707 = CARTESIAN_POINT ( 'NONE',  ( -210.0000000000005400, 85.00000000000005684, 42.00000000000000000 ) ) ;
#2708 = VERTEX_POINT ( 'NONE', #4040 ) ;
#2709 = DIRECTION ( 'NONE',  ( -1.000000000000000000, 1.110223024625155594E-14, 0.000000000000000000 ) ) ;
#2710 = EDGE_LOOP ( 'NONE', ( #3263, #5037, #2626, #1500 ) ) ;
#2711 = CARTESIAN_POINT ( 'NONE',  ( -189.9999999999995453, 230.0665089980102209, 2.000000000000000000 ) ) ;
#2712 = CARTESIAN_POINT ( 'NONE',  ( -350.0000000000004547, 90.00000000000002842, 2.000000000000000000 ) ) ;
#2713 = EDGE_CURVE ( 'NONE', #2198, #1988, #4611, .T. ) ;
#2714 = DIRECTION ( 'NONE',  ( -1.000000000000000000, -0.000000000000000000, -0.000000000000000000 ) ) ;
#2715 = CARTESIAN_POINT ( 'NONE',  ( -10.00000000000000000, 10.00000000000000000, -10.00000000000000000 ) ) ;
#2716 = LINE ( 'NONE', #1581, #4359 ) ;
#2717 = LINE ( 'NONE', #3581, #4017 ) ;
#2718 = VERTEX_POINT ( 'NONE', #3154 ) ;
#2719 = CARTESIAN_POINT ( 'NONE',  ( 350.0000000000000568, -10.00000000000000000, -10.00000000000000000 ) ) ;
#2720 = EDGE_CURVE ( 'NONE', #1338, #4189, #948, .T. ) ;
#2721 = ORIENTED_EDGE ( 'NONE', *, *, #4727, .T. ) ;
#2722 = EDGE_LOOP ( 'NONE', ( #76, #1393, #4902, #1678 ) ) ;
#2723 = CARTESIAN_POINT ( 'NONE',  ( -335.0000000000007390, 210.0665089980102493, 2.000000000000000000 ) ) ;
#2724 = EDGE_CURVE ( 'NONE', #3887, #2631, #494, .T. ) ;
#2725 = CARTESIAN_POINT ( 'NONE',  ( -335.0000000000007390, 180.0665089980103915, 42.00000000000000000 ) ) ;
#2726 = LINE ( 'NONE', #997, #2163 ) ;
#2727 = ADVANCED_FACE ( 'NONE', ( #81 ), #1901, .T. ) ;
#2728 = CARTESIAN_POINT ( 'NONE',  ( -215.0000000000007958, 339.9334910019898075, 2.000000000000000000 ) ) ;
#2729 = PRODUCT_DEFINITION_SHAPE ( 'NONE', 'NONE',  #5906 ) ;
#2730 = VERTEX_POINT ( 'NONE', #1778 ) ;
#2731 = EDGE_LOOP ( 'NONE', ( #2229, #1574, #480, #1082 ) ) ;
#2732 = DIRECTION ( 'NONE',  ( 1.000000000000000000, 0.000000000000000000, -0.000000000000000000 ) ) ;
#2733 = EDGE_CURVE ( 'NONE', #3102, #2573, #5548, .T. ) ;
#2734 = DIRECTION ( 'NONE',  ( -1.000000000000000000, 0.000000000000000000, -0.000000000000000000 ) ) ;
#2735 = VECTOR ( 'NONE', #720, 1000.000000000000000 ) ;
#2736 = CARTESIAN_POINT ( 'NONE',  ( -215.0000000000007958, 304.9334910019900349, 42.00000000000000000 ) ) ;
#2737 = ORIENTED_EDGE ( 'NONE', *, *, #4049, .T. ) ;
#2738 = AXIS2_PLACEMENT_3D ( 'NONE', #1175, #2130, #4419 ) ;
#2739 = CARTESIAN_POINT ( 'NONE',  ( -49.99999999999965894, 289.9334910019899780, 42.00000000000000000 ) ) ;
#2740 = PLANE ( 'NONE',  #5739 ) ;
#2741 = ORIENTED_EDGE ( 'NONE', *, *, #52, .F. ) ;
#2742 = CARTESIAN_POINT ( 'NONE',  ( -210.0000000000006537, 309.9334910019899212, 2.000000000000000000 ) ) ;
#2743 =( LENGTH_UNIT ( ) NAMED_UNIT ( * ) SI_UNIT ( .MILLI., .METRE. ) );
#2744 = DIRECTION ( 'NONE',  ( 1.480297366166868866E-14, 1.000000000000000000, 0.000000000000000000 ) ) ;
#2745 = AXIS2_PLACEMENT_3D ( 'NONE', #229, #2855, #4672 ) ;
#2746 = VECTOR ( 'NONE', #4121, 1000.000000000000000 ) ;
#2747 = CARTESIAN_POINT ( 'NONE',  ( -355.0000000000005684, 434.9999999999999432, 2.000000000000000000 ) ) ;
#2748 = VECTOR ( 'NONE', #5406, 1000.000000000000000 ) ;
#2749 = DIRECTION ( 'NONE',  ( 0.000000000000000000, -1.000000000000000000, 0.000000000000000000 ) ) ;
#2750 = VECTOR ( 'NONE', #2604, 1000.000000000000000 ) ;
#2751 = CARTESIAN_POINT ( 'NONE',  ( -189.9999999999995737, 85.00000000000005684, -2.000000000000000000 ) ) ;
#2752 = VERTEX_POINT ( 'NONE', #5876 ) ;
#2753 = CARTESIAN_POINT ( 'NONE',  ( -210.0000000000005400, 434.9999999999999432, 2.000000000000000000 ) ) ;
#2754 = VECTOR ( 'NONE', #4884, 1000.000000000000000 ) ;
#2755 = VECTOR ( 'NONE', #4415, 1000.000000000000000 ) ;
#2756 = EDGE_CURVE ( 'NONE', #3750, #4889, #2257, .T. ) ;
#2757 = ORIENTED_EDGE ( 'NONE', *, *, #4639, .F. ) ;
#2758 = VERTEX_POINT ( 'NONE', #2706 ) ;
#2759 = FACE_OUTER_BOUND ( 'NONE', #1006, .T. ) ;
#2760 = DIRECTION ( 'NONE',  ( 0.000000000000000000, 1.000000000000000000, 0.000000000000000000 ) ) ;
#2761 = LINE ( 'NONE', #4577, #2176 ) ;
#2762 = EDGE_CURVE ( 'NONE', #3355, #390, #2289, .T. ) ;
#2763 = VERTEX_POINT ( 'NONE', #434 ) ;
#2764 = ORIENTED_EDGE ( 'NONE', *, *, #5494, .T. ) ;
#2765 = LINE ( 'NONE', #1390, #4011 ) ;
#2766 = DIRECTION ( 'NONE',  ( -0.000000000000000000, 0.000000000000000000, -1.000000000000000000 ) ) ;
#2767 = DIRECTION ( 'NONE',  ( 1.000000000000000000, 2.775557561562904367E-15, 0.000000000000000000 ) ) ;
#2768 = ADVANCED_FACE ( 'NONE', ( #3182 ), #5460, .F. ) ;
#2769 = EDGE_CURVE ( 'NONE', #2763, #1352, #2317, .T. ) ;
#2770 = ORIENTED_EDGE ( 'NONE', *, *, #2254, .F. ) ;
#2771 = DIRECTION ( 'NONE',  ( 0.000000000000000000, 1.000000000000000000, 0.000000000000000000 ) ) ;
#2772 = DIRECTION ( 'NONE',  ( 0.000000000000000000, 1.000000000000000000, 0.000000000000000000 ) ) ;
#2773 = ORIENTED_EDGE ( 'NONE', *, *, #669, .T. ) ;
#2774 = LINE ( 'NONE', #4646, #4466 ) ;
#2775 = CARTESIAN_POINT ( 'NONE',  ( 340.0000000000000568, -8.000000000000000000, 8.000000000000000000 ) ) ;
#2776 = VECTOR ( 'NONE', #2151, 1000.000000000000000 ) ;
#2777 = PLANE ( 'NONE',  #2927 ) ;
#2778 = AXIS2_PLACEMENT_3D ( 'NONE', #3974, #4881, #5366 ) ;
#2779 = DIRECTION ( 'NONE',  ( 1.000000000000000000, 1.850371707708599493E-15, 0.000000000000000000 ) ) ;
#2780 = LINE ( 'NONE', #3346, #1833 ) ;
#2781 = EDGE_LOOP ( 'NONE', ( #3743, #1118, #2652, #1537 ) ) ;
#2782 = FACE_OUTER_BOUND ( 'NONE', #5085, .T. ) ;
#2783 = VECTOR ( 'NONE', #3492, 1000.000000000000000 ) ;
#2784 = ORIENTED_EDGE ( 'NONE', *, *, #854, .T. ) ;
#2785 = ORIENTED_EDGE ( 'NONE', *, *, #5084, .F. ) ;
#2786 = DIRECTION ( 'NONE',  ( 0.000000000000000000, -1.000000000000000000, 0.000000000000000000 ) ) ;
#2787 = DIRECTION ( 'NONE',  ( -4.163336342344356748E-15, -1.000000000000000000, 0.000000000000000000 ) ) ;
#2788 = DIRECTION ( 'NONE',  ( -0.000000000000000000, -0.000000000000000000, -1.000000000000000000 ) ) ;
#2789 = EDGE_CURVE ( 'NONE', #2817, #4077, #1869, .T. ) ;
#2790 = ORIENTED_EDGE ( 'NONE', *, *, #1631, .T. ) ;
#2791 = ORIENTED_EDGE ( 'NONE', *, *, #5471, .F. ) ;
#2792 = CARTESIAN_POINT ( 'NONE',  ( -335.0000000000007390, 180.0665089980103915, 42.00000000000000000 ) ) ;
#2793 = DIRECTION ( 'NONE',  ( 1.000000000000000000, -1.110223024625155752E-14, 0.000000000000000000 ) ) ;
#2794 = EDGE_CURVE ( 'NONE', #5837, #2845, #5516, .T. ) ;
#2795 = DIRECTION ( 'NONE',  ( 1.000000000000000000, -1.110223024625155752E-14, 0.000000000000000000 ) ) ;
#2796 = ORIENTED_EDGE ( 'NONE', *, *, #866, .T. ) ;
#2797 = ORIENTED_EDGE ( 'NONE', *, *, #2694, .F. ) ;
#2798 = DIRECTION ( 'NONE',  ( 1.000000000000000000, 1.850371707708599493E-15, 0.000000000000000000 ) ) ;
#2799 = DIRECTION ( 'NONE',  ( -0.000000000000000000, -0.000000000000000000, -1.000000000000000000 ) ) ;
#2800 = VERTEX_POINT ( 'NONE', #2408 ) ;
#2801 = CARTESIAN_POINT ( 'NONE',  ( -210.0000000000005684, 165.0665089980103915, 42.00000000000000000 ) ) ;
#2802 = DIRECTION ( 'NONE',  ( 1.000000000000000000, 0.000000000000000000, 0.000000000000000000 ) ) ;
#2803 = EDGE_CURVE ( 'NONE', #3299, #5779, #5574, .T. ) ;
#2804 = DIRECTION ( 'NONE',  ( -1.000000000000000000, 0.000000000000000000, 0.000000000000000000 ) ) ;
#2805 = ADVANCED_FACE ( 'NONE', ( #4248 ), #2378, .T. ) ;
#2806 = PLANE ( 'NONE',  #1013 ) ;
#2807 = LINE ( 'NONE', #4115, #3213 ) ;
#2808 = LINE ( 'NONE', #4623, #214 ) ;
#2809 = ORIENTED_EDGE ( 'NONE', *, *, #1441, .T. ) ;
#2810 = CARTESIAN_POINT ( 'NONE',  ( 340.0000000000000568, 0.000000000000000000, 0.000000000000000000 ) ) ;
#2811 = EDGE_LOOP ( 'NONE', ( #4126, #2931, #1857, #1653 ) ) ;
#2812 = ORIENTED_EDGE ( 'NONE', *, *, #854, .F. ) ;
#2813 = CARTESIAN_POINT ( 'NONE',  ( -10.00000000000000000, -8.000000000000000000, 8.000000000000000000 ) ) ;
#2814 = CARTESIAN_POINT ( 'NONE',  ( -230.0000000000005400, 85.00000000000004263, 42.00000000000000000 ) ) ;
#2815 = CARTESIAN_POINT ( 'NONE',  ( -44.99999999999965183, 105.0000000000000426, 42.00000000000000000 ) ) ;
#2816 = UNCERTAINTY_MEASURE_WITH_UNIT (LENGTH_MEASURE( 1.000000000000000082E-05 ), #2088, 'distance_accuracy_value', 'NONE');
#2817 = VERTEX_POINT ( 'NONE', #1596 ) ;
#2818 = EDGE_CURVE ( 'NONE', #5298, #2552, #3421, .T. ) ;
#2819 = ORIENTED_EDGE ( 'NONE', *, *, #3568, .F. ) ;
#2820 = DIRECTION ( 'NONE',  ( -0.000000000000000000, 0.000000000000000000, -1.000000000000000000 ) ) ;
#2821 = DIRECTION ( 'NONE',  ( -0.000000000000000000, -0.000000000000000000, -1.000000000000000000 ) ) ;
#2822 = CARTESIAN_POINT ( 'NONE',  ( -169.9999999999995453, 434.9999999999999432, 2.000000000000000000 ) ) ;
#2823 = EDGE_LOOP ( 'NONE', ( #1724, #3476, #5251, #2131 ) ) ;
#2824 = EDGE_CURVE ( 'NONE', #470, #3544, #5186, .T. ) ;
#2825 = ORIENTED_EDGE ( 'NONE', *, *, #1853, .F. ) ;
#2826 = LINE ( 'NONE', #5698, #4550 ) ;
#2827 = VECTOR ( 'NONE', #4724, 1000.000000000000000 ) ;
#2828 = LINE ( 'NONE', #5523, #3156 ) ;
#2829 = ORIENTED_EDGE ( 'NONE', *, *, #1268, .F. ) ;
#2830 = LINE ( 'NONE', #4983, #187 ) ;
#2831 = CARTESIAN_POINT ( 'NONE',  ( -215.0000000000005684, 354.9334910019899212, 42.00000000000000000 ) ) ;
#2832 = VECTOR ( 'NONE', #444, 1000.000000000000000 ) ;
#2833 = DIRECTION ( 'NONE',  ( 1.000000000000000000, 1.110223024625155752E-14, 0.000000000000000000 ) ) ;
#2834 = LINE ( 'NONE', #2356, #5510 ) ;
#2835 = CARTESIAN_POINT ( 'NONE',  ( -44.99999999999965183, 230.0665089980102209, 42.00000000000000000 ) ) ;
#2836 = ORIENTED_EDGE ( 'NONE', *, *, #803, .F. ) ;
#2837 = LINE ( 'NONE', #4210, #3035 ) ;
#2838 = AXIS2_PLACEMENT_3D ( 'NONE', #19, #4971, #881 ) ;
#2839 = CARTESIAN_POINT ( 'NONE',  ( -184.9999999999994884, 430.0000000000000568, 2.000000000000000000 ) ) ;
#2840 = VECTOR ( 'NONE', #5411, 1000.000000000000000 ) ;
#2841 = VECTOR ( 'NONE', #998, 1000.000000000000000 ) ;
#2842 = AXIS2_PLACEMENT_3D ( 'NONE', #3843, #4315, #4253 ) ;
#2843 = ADVANCED_FACE ( 'NONE', ( #1960 ), #2051, .T. ) ;
#2844 = ORIENTED_EDGE ( 'NONE', *, *, #5388, .T. ) ;
#2845 = VERTEX_POINT ( 'NONE', #5669 ) ;
#2846 = LINE ( 'NONE', #5109, #1987 ) ;
#2847 = DIRECTION ( 'NONE',  ( -0.000000000000000000, -0.000000000000000000, -1.000000000000000000 ) ) ;
#2848 = FACE_OUTER_BOUND ( 'NONE', #1069, .T. ) ;
#2849 = VECTOR ( 'NONE', #351, 1000.000000000000000 ) ;
#2850 = VECTOR ( 'NONE', #3532, 1000.000000000000000 ) ;
#2851 = ORIENTED_EDGE ( 'NONE', *, *, #4662, .F. ) ;
#2852 = VECTOR ( 'NONE', #349, 1000.000000000000000 ) ;
#2853 = ORIENTED_EDGE ( 'NONE', *, *, #4035, .T. ) ;
#2854 = FACE_OUTER_BOUND ( 'NONE', #4640, .T. ) ;
#2855 = DIRECTION ( 'NONE',  ( -1.000000000000000000, 0.000000000000000000, 0.000000000000000000 ) ) ;
#2856 = LINE ( 'NONE', #4706, #2373 ) ;
#2857 = VERTEX_POINT ( 'NONE', #5117 ) ;
#2858 = VERTEX_POINT ( 'NONE', #1003 ) ;
#2859 = DIRECTION ( 'NONE',  ( 1.000000000000000000, 1.480297366166868866E-14, -0.000000000000000000 ) ) ;
#2860 = CARTESIAN_POINT ( 'NONE',  ( -10.00000000000000000, 8.000000000000000000, -17.99999999999999645 ) ) ;
#2861 = VERTEX_POINT ( 'NONE', #142 ) ;
#2862 = DIRECTION ( 'NONE',  ( 0.000000000000000000, 0.000000000000000000, 1.000000000000000000 ) ) ;
#2863 = SHAPE_REPRESENTATION_RELATIONSHIP ( 'NONE' , 'NONE' ,  #4777, #1544 ) ;
#2864 = DIRECTION ( 'NONE',  ( 1.000000000000000000, 2.775557561562904367E-15, 0.000000000000000000 ) ) ;
#2865 = EDGE_CURVE ( 'NONE', #1659, #308, #1093, .T. ) ;
#2866 = DIRECTION ( 'NONE',  ( -1.000000000000000000, 1.110223024625155594E-14, 0.000000000000000000 ) ) ;
#2867 = DIRECTION ( 'NONE',  ( 0.000000000000000000, -1.000000000000000000, 0.000000000000000000 ) ) ;
#2868 = CARTESIAN_POINT ( 'NONE',  ( -64.99999999999961631, 185.0665089980103915, 2.000000000000000000 ) ) ;
#2869 = ORIENTED_EDGE ( 'NONE', *, *, #2156, .T. ) ;
#2870 = PLANE ( 'NONE',  #2940 ) ;
#2871 = LINE ( 'NONE', #1616, #1437 ) ;
#2872 = EDGE_CURVE ( 'NONE', #1205, #3671, #3332, .T. ) ;
#2873 = ORIENTED_EDGE ( 'NONE', *, *, #533, .T. ) ;
#2874 = FACE_OUTER_BOUND ( 'NONE', #570, .T. ) ;
#2875 = ORIENTED_EDGE ( 'NONE', *, *, #2586, .T. ) ;
#2876 = CARTESIAN_POINT ( 'NONE',  ( -355.0000000000006821, 165.0665089980103915, 2.000000000000000000 ) ) ;
#2877 = CARTESIAN_POINT ( 'NONE',  ( -355.0000000000004547, 105.0000000000000426, 42.00000000000000000 ) ) ;
#2878 = VECTOR ( 'NONE', #626, 1000.000000000000000 ) ;
#2879 = ADVANCED_FACE ( 'NONE', ( #1935 ), #3839, .T. ) ;
#2880 = ADVANCED_FACE ( 'NONE', ( #1120 ), #2885, .T. ) ;
#2881 = VECTOR ( 'NONE', #5765, 1000.000000000000000 ) ;
#2882 = VERTEX_POINT ( 'NONE', #3392 ) ;
#2883 = ORIENTED_EDGE ( 'NONE', *, *, #3521, .F. ) ;
#2884 = LINE ( 'NONE', #3862, #588 ) ;
#2885 = PLANE ( 'NONE',  #1027 ) ;
#2886 = CARTESIAN_POINT ( 'NONE',  ( -10.00000000000000000, 0.000000000000000000, 0.000000000000000000 ) ) ;
#2887 = VERTEX_POINT ( 'NONE', #3863 ) ;
#2888 = ORIENTED_EDGE ( 'NONE', *, *, #1822, .T. ) ;
#2889 = LINE ( 'NONE', #2247, #5030 ) ;
#2890 = LINE ( 'NONE', #679, #4297 ) ;
#2891 = ORIENTED_EDGE ( 'NONE', *, *, #2362, .F. ) ;
#2892 = LINE ( 'NONE', #708, #2468 ) ;
#2893 = CARTESIAN_POINT ( 'NONE',  ( -10.00000000000000000, -8.000000000000000000, -8.000000000000000000 ) ) ;
#2894 = PLANE ( 'NONE',  #2543 ) ;
#2895 = EDGE_CURVE ( 'NONE', #1834, #2423, #1479, .T. ) ;
#2896 = DIRECTION ( 'NONE',  ( 0.000000000000000000, -1.000000000000000000, 0.000000000000000000 ) ) ;
#2897 = ORIENTED_EDGE ( 'NONE', *, *, #2803, .F. ) ;
#2898 = FACE_BOUND ( 'NONE', #4183, .T. ) ;
#2899 = CARTESIAN_POINT ( 'NONE',  ( -355.0000000000006253, 210.0665089980103346, 2.000000000000000000 ) ) ;
#2900 = ORIENTED_EDGE ( 'NONE', *, *, #748, .F. ) ;
#2901 = CARTESIAN_POINT ( 'NONE',  ( -355.0000000000005116, 85.00000000000004263, 42.00000000000000000 ) ) ;
#2902 = EDGE_CURVE ( 'NONE', #1201, #2631, #4636, .T. ) ;
#2903 = ORIENTED_EDGE ( 'NONE', *, *, #2620, .F. ) ;
#2904 = FACE_OUTER_BOUND ( 'NONE', #3313, .T. ) ;
#2905 = CARTESIAN_POINT ( 'NONE',  ( -10.00000000000000000, -8.000000000000001776, 17.99999999999999645 ) ) ;
#2906 = ORIENTED_EDGE ( 'NONE', *, *, #144, .T. ) ;
#2907 = EDGE_CURVE ( 'NONE', #4831, #3715, #4764, .T. ) ;
#2908 = ADVANCED_FACE ( 'NONE', ( #1033 ), #2494, .T. ) ;
#2909 = ORIENTED_EDGE ( 'NONE', *, *, #5328, .T. ) ;
#2910 = DIRECTION ( 'NONE',  ( 1.000000000000000000, 1.110223024625155594E-14, 0.000000000000000000 ) ) ;
#2911 = DIRECTION ( 'NONE',  ( -2.775557561562904367E-15, 1.000000000000000000, 0.000000000000000000 ) ) ;
#2912 = LINE ( 'NONE', #639, #3608 ) ;
#2913 = ORIENTED_EDGE ( 'NONE', *, *, #5665, .F. ) ;
#2914 = ADVANCED_FACE ( 'NONE', ( #3773 ), #2024, .F. ) ;
#2915 = ORIENTED_EDGE ( 'NONE', *, *, #5689, .T. ) ;
#2916 = FACE_OUTER_BOUND ( 'NONE', #3268, .T. ) ;
#2917 = CARTESIAN_POINT ( 'NONE',  ( -49.99999999999965894, 90.00000000000002842, 42.00000000000000000 ) ) ;
#2918 = VERTEX_POINT ( 'NONE', #1751 ) ;
#2919 = DIRECTION ( 'NONE',  ( -1.000000000000000000, -1.110223024625155594E-14, 0.000000000000000000 ) ) ;
#2920 = DIRECTION ( 'NONE',  ( 1.480297366166868866E-14, -1.000000000000000000, 0.000000000000000000 ) ) ;
#2921 = VECTOR ( 'NONE', #2847, 1000.000000000000000 ) ;
#2922 = DIRECTION ( 'NONE',  ( -0.000000000000000000, -0.000000000000000000, -1.000000000000000000 ) ) ;
#2923 = DIRECTION ( 'NONE',  ( 0.000000000000000000, -1.000000000000000000, 0.000000000000000000 ) ) ;
#2924 = ORIENTED_EDGE ( 'NONE', *, *, #2789, .T. ) ;
#2925 = LINE ( 'NONE', #2096, #1728 ) ;
#2926 = DIRECTION ( 'NONE',  ( 0.000000000000000000, 0.000000000000000000, 1.000000000000000000 ) ) ;
#2927 = AXIS2_PLACEMENT_3D ( 'NONE', #3222, #5885, #1346 ) ;
#2928 = ORIENTED_EDGE ( 'NONE', *, *, #2240, .F. ) ;
#2929 = LINE ( 'NONE', #3855, #4641 ) ;
#2930 = COLOUR_RGB ( '',0.7921568627450980005, 0.8196078431372548767, 0.9333333333333333481 ) ;
#2931 = ORIENTED_EDGE ( 'NONE', *, *, #2541, .T. ) ;
#2932 = FACE_OUTER_BOUND ( 'NONE', #2696, .T. ) ;
#2933 = FACE_OUTER_BOUND ( 'NONE', #3915, .T. ) ;
#2934 = VECTOR ( 'NONE', #4520, 1000.000000000000000 ) ;
#2935 = VECTOR ( 'NONE', #2085, 1000.000000000000000 ) ;
#2936 = EDGE_CURVE ( 'NONE', #5217, #5796, #4453, .T. ) ;
#2937 = VERTEX_POINT ( 'NONE', #728 ) ;
#2938 = ORIENTED_EDGE ( 'NONE', *, *, #581, .T. ) ;
#2939 = VECTOR ( 'NONE', #3400, 1000.000000000000000 ) ;
#2940 = AXIS2_PLACEMENT_3D ( 'NONE', #2532, #5682, #1528 ) ;
#2941 = DIRECTION ( 'NONE',  ( 1.000000000000000000, -2.775557561562908706E-15, 0.000000000000000000 ) ) ;
#2942 = DIRECTION ( 'NONE',  ( 1.110223024625155752E-14, -1.000000000000000000, 0.000000000000000000 ) ) ;
#2943 = PRODUCT_DEFINITION ( 'UNKNOWN', '', #959, #1928 ) ;
#2944 = DIRECTION ( 'NONE',  ( 1.000000000000000000, 1.110223024625155594E-14, 0.000000000000000000 ) ) ;
#2945 = AXIS2_PLACEMENT_3D ( 'NONE', #4410, #5375, #2148 ) ;
#2946 = VECTOR ( 'NONE', #1248, 1000.000000000000000 ) ;
#2947 = ORIENTED_EDGE ( 'NONE', *, *, #5258, .T. ) ;
#2948 = ORIENTED_EDGE ( 'NONE', *, *, #1124, .T. ) ;
#2949 = PLANE ( 'NONE',  #5232 ) ;
#2950 = CARTESIAN_POINT ( 'NONE',  ( -215.0000000000007958, 215.0665089980102209, 2.000000000000000000 ) ) ;
#2951 = ORIENTED_EDGE ( 'NONE', *, *, #3968, .T. ) ;
#2952 = DIRECTION ( 'NONE',  ( 0.000000000000000000, -0.000000000000000000, -1.000000000000000000 ) ) ;
#2953 = CARTESIAN_POINT ( 'NONE',  ( 0.000000000000000000, 0.000000000000000000, 0.000000000000000000 ) ) ;
#2954 = LINE ( 'NONE', #238, #5518 ) ;
#2955 = ADVANCED_FACE ( 'NONE', ( #3540 ), #4819, .T. ) ;
#2956 = EDGE_CURVE ( 'NONE', #719, #4889, #374, .T. ) ;
#2957 = DIRECTION ( 'NONE',  ( -0.000000000000000000, -0.000000000000000000, -1.000000000000000000 ) ) ;
#2958 = LINE ( 'NONE', #5314, #4692 ) ;
#2959 = ORIENTED_EDGE ( 'NONE', *, *, #4803, .F. ) ;
#2960 = CARTESIAN_POINT ( 'NONE',  ( -210.0000000000005684, 105.0000000000000426, 2.000000000000000000 ) ) ;
#2961 = DIRECTION ( 'NONE',  ( -0.000000000000000000, -0.000000000000000000, -1.000000000000000000 ) ) ;
#2962 = CARTESIAN_POINT ( 'NONE',  ( -335.0000000000007390, 185.0665089980103915, 42.00000000000000000 ) ) ;
#2963 = AXIS2_PLACEMENT_3D ( 'NONE', #92, #1909, #5129 ) ;
#2964 = VERTEX_POINT ( 'NONE', #5754 ) ;
#2965 = LINE ( 'NONE', #4303, #2735 ) ;
#2966 = VERTEX_POINT ( 'NONE', #2547 ) ;
#2967 = DIRECTION ( 'NONE',  ( 0.000000000000000000, 0.000000000000000000, 1.000000000000000000 ) ) ;
#2968 = ORIENTED_EDGE ( 'NONE', *, *, #3353, .F. ) ;
#2969 = VECTOR ( 'NONE', #3477, 1000.000000000000000 ) ;
#2970 = ORIENTED_EDGE ( 'NONE', *, *, #3344, .T. ) ;
#2971 = ADVANCED_FACE ( 'NONE', ( #4372 ), #2138, .T. ) ;
#2972 = LINE ( 'NONE', #3892, #3543 ) ;
#2973 = DIRECTION ( 'NONE',  ( -1.000000000000000000, 0.000000000000000000, -0.000000000000000000 ) ) ;
#2974 = DIRECTION ( 'NONE',  ( 1.000000000000000000, 0.000000000000000000, -0.000000000000000000 ) ) ;
#2975 = STYLED_ITEM ( 'NONE', ( #4895 ), #4684 ) ;
#2976 = VERTEX_POINT ( 'NONE', #2637 ) ;
#2977 = VERTEX_POINT ( 'NONE', #5246 ) ;
#2978 = CARTESIAN_POINT ( 'NONE',  ( -210.0000000000006253, 415.0000000000000568, 42.00000000000000000 ) ) ;
#2979 = EDGE_CURVE ( 'NONE', #5145, #4664, #4400, .T. ) ;
#2980 = DIRECTION ( 'NONE',  ( 1.000000000000000000, -1.850371707708627103E-15, 0.000000000000000000 ) ) ;
#2981 = DIRECTION ( 'NONE',  ( 0.000000000000000000, -1.000000000000000000, 0.000000000000000000 ) ) ;
#2982 = ITEM_DEFINED_TRANSFORMATION ( 'NONE', 'NONE', #1911,  #4192 ) ;
#2983 = LINE ( 'NONE', #4802, #5707 ) ;
#2984 = CARTESIAN_POINT ( 'NONE',  ( -210.0000000000005684, 230.0665089980102209, 2.000000000000000000 ) ) ;
#2985 = EDGE_CURVE ( 'NONE', #4446, #704, #2199, .T. ) ;
#2986 = DIRECTION ( 'NONE',  ( 0.000000000000000000, -1.000000000000000000, 0.000000000000000000 ) ) ;
#2987 = EDGE_CURVE ( 'NONE', #3113, #2049, #2580, .T. ) ;
#2988 = ORIENTED_EDGE ( 'NONE', *, *, #2147, .T. ) ;
#2989 = DIRECTION ( 'NONE',  ( -1.480297366166868866E-14, -1.000000000000000000, 0.000000000000000000 ) ) ;
#2990 = DIRECTION ( 'NONE',  ( 1.000000000000000000, 2.775557561562904367E-15, 0.000000000000000000 ) ) ;
#2991 = DIRECTION ( 'NONE',  ( -0.000000000000000000, 0.000000000000000000, -1.000000000000000000 ) ) ;
#2992 = ORIENTED_EDGE ( 'NONE', *, *, #4934, .F. ) ;
#2993 = LINE ( 'NONE', #1533, #4158 ) ;
#2994 = VERTEX_POINT ( 'NONE', #1154 ) ;
#2995 = CARTESIAN_POINT ( 'NONE',  ( -215.0000000000005684, 90.00000000000002842, 42.00000000000000000 ) ) ;
#2996 = ORIENTED_EDGE ( 'NONE', *, *, #4509, .F. ) ;
#2997 = EDGE_LOOP ( 'NONE', ( #3677, #3002, #5681, #3171 ) ) ;
#2998 = CARTESIAN_POINT ( 'NONE',  ( -189.9999999999994884, 210.0665089980103062, 42.00000000000000000 ) ) ;
#2999 = DIRECTION ( 'NONE',  ( -2.775557561562891351E-16, 0.000000000000000000, -1.000000000000000000 ) ) ;
#3000 = DIRECTION ( 'NONE',  ( -0.000000000000000000, -0.000000000000000000, -1.000000000000000000 ) ) ;
#3001 = ADVANCED_FACE ( 'NONE', ( #701 ), #288, .F. ) ;
#3002 = ORIENTED_EDGE ( 'NONE', *, *, #3056, .F. ) ;
#3003 = ORIENTED_EDGE ( 'NONE', *, *, #5601, .F. ) ;
#3004 = CARTESIAN_POINT ( 'NONE',  ( -44.99999999999959499, 415.0000000000000000, 42.00000000000000000 ) ) ;
#3005 = DIRECTION ( 'NONE',  ( 1.480297366166868866E-14, 1.000000000000000000, 0.000000000000000000 ) ) ;
#3006 = CARTESIAN_POINT ( 'NONE',  ( -230.0000000000005400, 180.0665089980103915, 2.000000000000000000 ) ) ;
#3007 = APPLICATION_PROTOCOL_DEFINITION ( 'draft international standard', 'automotive_design', 1998, #4565 ) ;
#3008 = CARTESIAN_POINT ( 'NONE',  ( -215.0000000000007958, 180.0665089980104199, 2.000000000000000000 ) ) ;
#3009 = EDGE_CURVE ( 'NONE', #5729, #5740, #3508, .T. ) ;
#3010 = CARTESIAN_POINT ( 'NONE',  ( -355.0000000000006821, 165.0665089980103915, 42.00000000000000000 ) ) ;
#3011 = CARTESIAN_POINT ( 'NONE',  ( -230.0000000000005400, 304.9334910019899780, 42.00000000000000000 ) ) ;
#3012 = ORIENTED_EDGE ( 'NONE', *, *, #5114, .F. ) ;
#3013 = LINE ( 'NONE', #413, #943 ) ;
#3014 = LINE ( 'NONE', #2568, #2575 ) ;
#3015 = PLANE ( 'NONE',  #1509 ) ;
#3016 = AXIS2_PLACEMENT_3D ( 'NONE', #1060, #3767, #631 ) ;
#3017 = EDGE_CURVE ( 'NONE', #4155, #3587, #5369, .T. ) ;
#3018 = EDGE_LOOP ( 'NONE', ( #2193, #1470, #2203, #226, #3449, #2640, #4899, #4365 ) ) ;
#3019 = CARTESIAN_POINT ( 'NONE',  ( 350.0000000000000568, -10.00000000000000000, -9.999999999999991118 ) ) ;
#3020 = ORIENTED_EDGE ( 'NONE', *, *, #5831, .T. ) ;
#3021 = FACE_OUTER_BOUND ( 'NONE', #822, .T. ) ;
#3022 = VECTOR ( 'NONE', #1083, 1000.000000000000000 ) ;
#3023 = EDGE_CURVE ( 'NONE', #1128, #5642, #5336, .T. ) ;
#3024 = ADVANCED_FACE ( 'NONE', ( #1272 ), #5847, .F. ) ;
#3025 = MECHANICAL_DESIGN_GEOMETRIC_PRESENTATION_REPRESENTATION (  '', ( #5026 ), #1212 ) ;
#3026 = ORIENTED_EDGE ( 'NONE', *, *, #4054, .F. ) ;
#3027 = VERTEX_POINT ( 'NONE', #4883 ) ;
#3028 = DIRECTION ( 'NONE',  ( -1.000000000000000000, 3.700743415417254206E-15, 0.000000000000000000 ) ) ;
#3029 = CARTESIAN_POINT ( 'NONE',  ( -169.9999999999996021, 334.9334910019898643, 42.00000000000000000 ) ) ;
#3030 = VECTOR ( 'NONE', #3653, 1000.000000000000000 ) ;
#3031 = VECTOR ( 'NONE', #5081, 1000.000000000000000 ) ;
#3032 = CARTESIAN_POINT ( 'NONE',  ( -10.00000000000000000, 9.999999999999998224, -19.99999999999999645 ) ) ;
#3033 = VECTOR ( 'NONE', #4868, 1000.000000000000000 ) ;
#3034 = ORIENTED_EDGE ( 'NONE', *, *, #1109, .F. ) ;
#3035 = VECTOR ( 'NONE', #3672, 1000.000000000000000 ) ;
#3036 = ORIENTED_EDGE ( 'NONE', *, *, #3454, .T. ) ;
#3037 = DIRECTION ( 'NONE',  ( -1.000000000000000000, 0.000000000000000000, 0.000000000000000000 ) ) ;
#3038 = CARTESIAN_POINT ( 'NONE',  ( -44.99999999999953815, 289.9334910019899780, 2.000000000000000000 ) ) ;
#3039 = DIRECTION ( 'NONE',  ( -1.000000000000000000, 1.850371707708599493E-15, 0.000000000000000000 ) ) ;
#3040 = CARTESIAN_POINT ( 'NONE',  ( -355.0000000000006253, 309.9334910019899212, 2.000000000000000000 ) ) ;
#3041 = VECTOR ( 'NONE', #1721, 1000.000000000000000 ) ;
#3042 = VECTOR ( 'NONE', #5625, 1000.000000000000000 ) ;
#3043 = APPLICATION_CONTEXT ( 'automotive_design' ) ;
#3044 = DIRECTION ( 'NONE',  ( -0.000000000000000000, -0.000000000000000000, -1.000000000000000000 ) ) ;
#3045 = VECTOR ( 'NONE', #4432, 1000.000000000000000 ) ;
#3046 = LINE ( 'NONE', #2596, #2776 ) ;
#3047 = VERTEX_POINT ( 'NONE', #5725 ) ;
#3048 = FACE_OUTER_BOUND ( 'NONE', #2710, .T. ) ;
#3049 = LINE ( 'NONE', #1108, #4479 ) ;
#3050 = ADVANCED_FACE ( 'NONE', ( #2518 ), #317, .F. ) ;
#3051 = CARTESIAN_POINT ( 'NONE',  ( -189.9999999999995737, 434.9999999999999432, -2.000000000000000000 ) ) ;
#3052 = ORIENTED_EDGE ( 'NONE', *, *, #5010, .F. ) ;
#3053 = LINE ( 'NONE', #4871, #4743 ) ;
#3054 = EDGE_LOOP ( 'NONE', ( #4423, #1592, #4087, #2948 ) ) ;
#3055 = DIRECTION ( 'NONE',  ( 0.000000000000000000, -1.000000000000000000, 0.000000000000000000 ) ) ;
#3056 = EDGE_CURVE ( 'NONE', #253, #680, #5817, .T. ) ;
#3057 = AXIS2_PLACEMENT_3D ( 'NONE', #986, #563, #2802 ) ;
#3058 = VERTEX_POINT ( 'NONE', #5300 ) ;
#3059 = VERTEX_POINT ( 'NONE', #1207 ) ;
#3060 = EDGE_CURVE ( 'NONE', #4133, #3115, #4852, .T. ) ;
#3061 = CARTESIAN_POINT ( 'NONE',  ( 340.0000000000000568, 10.00000000000000000, -10.00000000000000000 ) ) ;
#3062 = ORIENTED_EDGE ( 'NONE', *, *, #3391, .T. ) ;
#3063 = ADVANCED_FACE ( 'NONE', ( #457 ), #2670, .F. ) ;
#3064 = VECTOR ( 'NONE', #2002, 1000.000000000000000 ) ;
#3065 = DIRECTION ( 'NONE',  ( -0.000000000000000000, -0.000000000000000000, -1.000000000000000000 ) ) ;
#3066 = CARTESIAN_POINT ( 'NONE',  ( -49.99999999999960210, 430.0000000000000000, 42.00000000000000000 ) ) ;
#3067 = VECTOR ( 'NONE', #4069, 1000.000000000000000 ) ;
#3068 = ORIENTED_EDGE ( 'NONE', *, *, #1932, .T. ) ;
#3069 = ORIENTED_EDGE ( 'NONE', *, *, #2769, .T. ) ;
#3070 = DIRECTION ( 'NONE',  ( 0.000000000000000000, 0.000000000000000000, 1.000000000000000000 ) ) ;
#3071 = CARTESIAN_POINT ( 'NONE',  ( 410.0000000000001137, -8.000000000000001776, 17.99999999999999645 ) ) ;
#3072 = DIRECTION ( 'NONE',  ( -1.000000000000000000, 1.850371707708599493E-15, 0.000000000000000000 ) ) ;
#3073 = VECTOR ( 'NONE', #1301, 1000.000000000000000 ) ;
#3074 = VECTOR ( 'NONE', #2159, 1000.000000000000000 ) ;
#3075 = CARTESIAN_POINT ( 'NONE',  ( -169.9999999999996021, 185.0665089980103915, 42.00000000000000000 ) ) ;
#3076 = SURFACE_STYLE_USAGE ( .BOTH. , #383 ) ;
#3077 = ORIENTED_EDGE ( 'NONE', *, *, #3774, .F. ) ;
#3078 = DIRECTION ( 'NONE',  ( 1.000000000000000000, 0.000000000000000000, -0.000000000000000000 ) ) ;
#3079 = PLANE ( 'NONE',  #5616 ) ;
#3080 = EDGE_CURVE ( 'NONE', #2340, #4332, #3203, .T. ) ;
#3081 = ORIENTED_EDGE ( 'NONE', *, *, #5840, .F. ) ;
#3082 = DIRECTION ( 'NONE',  ( -3.700743415417254206E-15, 1.000000000000000000, 0.000000000000000000 ) ) ;
#3083 = CARTESIAN_POINT ( 'NONE',  ( -355.0000000000006253, 334.9334910019899212, 42.00000000000000000 ) ) ;
#3084 = ORIENTED_EDGE ( 'NONE', *, *, #1780, .T. ) ;
#3085 = PLANE ( 'NONE',  #1703 ) ;
#3086 = ADVANCED_FACE ( 'NONE', ( #1805 ), #1415, .F. ) ;
#3087 = ORIENTED_EDGE ( 'NONE', *, *, #5114, .T. ) ;
#3088 = ORIENTED_EDGE ( 'NONE', *, *, #4530, .T. ) ;
#3089 = DIRECTION ( 'NONE',  ( -0.000000000000000000, -0.000000000000000000, -1.000000000000000000 ) ) ;
#3090 = ORIENTED_EDGE ( 'NONE', *, *, #3645, .T. ) ;
#3091 = CARTESIAN_POINT ( 'NONE',  ( -44.99999999999965183, 230.0665089980102209, 42.00000000000000000 ) ) ;
#3092 = PLANE ( 'NONE',  #2560 ) ;
#3093 = EDGE_CURVE ( 'NONE', #1271, #3799, #2284, .T. ) ;
#3094 = EDGE_CURVE ( 'NONE', #3917, #5462, #3116, .T. ) ;
#3095 = VERTEX_POINT ( 'NONE', #4060 ) ;
#3096 = ORIENTED_EDGE ( 'NONE', *, *, #460, .T. ) ;
#3097 = DIRECTION ( 'NONE',  ( -2.775557561562891351E-16, 1.084202172485504434E-16, -1.000000000000000000 ) ) ;
#3098 = CARTESIAN_POINT ( 'NONE',  ( -184.9999999999995453, 165.0665089980103346, 42.00000000000000000 ) ) ;
#3099 = CARTESIAN_POINT ( 'NONE',  ( -189.9999999999995737, 85.00000000000005684, 2.000000000000000000 ) ) ;
#3100 = ADVANCED_FACE ( 'NONE', ( #1837 ), #4515, .T. ) ;
#3101 = DIRECTION ( 'NONE',  ( 0.000000000000000000, -0.000000000000000000, -1.000000000000000000 ) ) ;
#3102 = VERTEX_POINT ( 'NONE', #4998 ) ;
#3103 = DIRECTION ( 'NONE',  ( -1.000000000000000000, 0.000000000000000000, 0.000000000000000000 ) ) ;
#3104 = DIRECTION ( 'NONE',  ( 0.000000000000000000, 0.000000000000000000, 1.000000000000000000 ) ) ;
#3105 = LINE ( 'NONE', #3051, #3033 ) ;
#3106 = ORIENTED_EDGE ( 'NONE', *, *, #115, .T. ) ;
#3107 = LINE ( 'NONE', #753, #5319 ) ;
#3108 = LINE ( 'NONE', #2241, #3074 ) ;
#3109 = ORIENTED_EDGE ( 'NONE', *, *, #3391, .F. ) ;
#3110 = LINE ( 'NONE', #4903, #747 ) ;
#3111 = ORIENTED_EDGE ( 'NONE', *, *, #3643, .T. ) ;
#3112 = VECTOR ( 'NONE', #427, 1000.000000000000000 ) ;
#3113 = VERTEX_POINT ( 'NONE', #970 ) ;
#3114 = LINE ( 'NONE', #5778, #3825 ) ;
#3115 = VERTEX_POINT ( 'NONE', #2728 ) ;
#3116 = LINE ( 'NONE', #73, #4356 ) ;
#3117 = EDGE_CURVE ( 'NONE', #4350, #4077, #3237, .T. ) ;
#3118 = VECTOR ( 'NONE', #5268, 1000.000000000000000 ) ;
#3119 = ORIENTED_EDGE ( 'NONE', *, *, #1622, .F. ) ;
#3120 = VERTEX_POINT ( 'NONE', #5055 ) ;
#3121 = VECTOR ( 'NONE', #3044, 1000.000000000000000 ) ;
#3122 = CARTESIAN_POINT ( 'NONE',  ( -10.00000000000000000, -8.000000000000001776, -17.99999999999999645 ) ) ;
#3123 = DIRECTION ( 'NONE',  ( 0.000000000000000000, -1.000000000000000000, 0.000000000000000000 ) ) ;
#3124 = PLANE ( 'NONE',  #1137 ) ;
#3125 = VECTOR ( 'NONE', #2864, 1000.000000000000000 ) ;
#3126 = VECTOR ( 'NONE', #4799, 1000.000000000000000 ) ;
#3127 = LINE ( 'NONE', #3075, #361 ) ;
#3128 = ORIENTED_EDGE ( 'NONE', *, *, #3168, .F. ) ;
#3129 = LINE ( 'NONE', #3553, #4181 ) ;
#3130 = VECTOR ( 'NONE', #3840, 1000.000000000000000 ) ;
#3131 = LINE ( 'NONE', #2712, #1055 ) ;
#3132 = AXIS2_PLACEMENT_3D ( 'NONE', #4815, #4242, #3474 ) ;
#3133 = EDGE_CURVE ( 'NONE', #668, #2437, #1387, .T. ) ;
#3134 = LINE ( 'NONE', #4957, #549 ) ;
#3135 = EDGE_CURVE ( 'NONE', #5504, #974, #4487, .T. ) ;
#3136 = AXIS2_PLACEMENT_3D ( 'NONE', #2025, #4731, #2466 ) ;
#3137 = VECTOR ( 'NONE', #1585, 1000.000000000000000 ) ;
#3138 = VERTEX_POINT ( 'NONE', #46 ) ;
#3139 = DIRECTION ( 'NONE',  ( -0.000000000000000000, -0.000000000000000000, -1.000000000000000000 ) ) ;
#3140 = CARTESIAN_POINT ( 'NONE',  ( -49.99999999999960210, 414.9999999999999432, 42.00000000000000000 ) ) ;
#3141 = ORIENTED_EDGE ( 'NONE', *, *, #4760, .T. ) ;
#3142 = FACE_OUTER_BOUND ( 'NONE', #440, .T. ) ;
#3143 = VERTEX_POINT ( 'NONE', #3624 ) ;
#3144 = ORIENTED_EDGE ( 'NONE', *, *, #4986, .T. ) ;
#3145 = FACE_OUTER_BOUND ( 'NONE', #423, .T. ) ;
#3146 = PLANE ( 'NONE',  #2682 ) ;
#3147 = DIRECTION ( 'NONE',  ( -0.000000000000000000, -0.000000000000000000, 1.000000000000000000 ) ) ;
#3148 = CARTESIAN_POINT ( 'NONE',  ( -189.9999999999995453, 354.9334910019898643, 42.00000000000000000 ) ) ;
#3149 = AXIS2_PLACEMENT_3D ( 'NONE', #4594, #5097, #4138 ) ;
#3150 = VERTEX_POINT ( 'NONE', #852 ) ;
#3151 = EDGE_CURVE ( 'NONE', #511, #4308, #1864, .T. ) ;
#3152 = ORIENTED_EDGE ( 'NONE', *, *, #5713, .F. ) ;
#3153 = DIRECTION ( 'NONE',  ( -0.000000000000000000, -0.000000000000000000, -1.000000000000000000 ) ) ;
#3154 = CARTESIAN_POINT ( 'NONE',  ( -44.99999999999959499, 334.9334910019898643, 42.00000000000000000 ) ) ;
#3155 = FACE_OUTER_BOUND ( 'NONE', #5865, .T. ) ;
#3156 = VECTOR ( 'NONE', #2323, 1000.000000000000000 ) ;
#3157 = ORIENTED_EDGE ( 'NONE', *, *, #2077, .T. ) ;
#3158 = EDGE_CURVE ( 'NONE', #5215, #3289, #1361, .T. ) ;
#3159 = PLANE ( 'NONE',  #3696 ) ;
#3160 = FILL_AREA_STYLE_COLOUR ( '', #4789 ) ;
#3161 = VECTOR ( 'NONE', #4945, 1000.000000000000000 ) ;
#3162 = ORIENTED_EDGE ( 'NONE', *, *, #1367, .F. ) ;
#3163 = DIRECTION ( 'NONE',  ( 1.000000000000000000, 1.110223024625155594E-14, 0.000000000000000000 ) ) ;
#3164 = CARTESIAN_POINT ( 'NONE',  ( -64.99999999999961631, 215.0665089980102493, 42.00000000000000000 ) ) ;
#3165 = CARTESIAN_POINT ( 'NONE',  ( -44.99999999999959499, 334.9334910019898643, 42.00000000000000000 ) ) ;
#3166 = VECTOR ( 'NONE', #447, 1000.000000000000000 ) ;
#3167 = CARTESIAN_POINT ( 'NONE',  ( -355.0000000000005116, 85.00000000000004263, 42.00000000000000000 ) ) ;
#3168 = EDGE_CURVE ( 'NONE', #1486, #483, #2761, .T. ) ;
#3169 = EDGE_CURVE ( 'NONE', #4517, #4664, #3566, .T. ) ;
#3170 = PLANE ( 'NONE',  #5843 ) ;
#3171 = ORIENTED_EDGE ( 'NONE', *, *, #653, .F. ) ;
#3172 = DIRECTION ( 'NONE',  ( 0.000000000000000000, 1.000000000000000000, 0.000000000000000000 ) ) ;
#3173 = VERTEX_POINT ( 'NONE', #5393 ) ;
#3174 = ORIENTED_EDGE ( 'NONE', *, *, #3273, .T. ) ;
#3175 = LINE ( 'NONE', #4407, #3126 ) ;
#3176 = CARTESIAN_POINT ( 'NONE',  ( -44.99999999999965183, 230.0665089980102209, 2.000000000000000000 ) ) ;
#3177 = LINE ( 'NONE', #4997, #2071 ) ;
#3178 = CARTESIAN_POINT ( 'NONE',  ( -49.99999999999965894, 105.0000000000000995, 42.00000000000000000 ) ) ;
#3179 = VERTEX_POINT ( 'NONE', #4937 ) ;
#3180 = VERTEX_POINT ( 'NONE', #3178 ) ;
#3181 = CARTESIAN_POINT ( 'NONE',  ( -184.9999999999995453, 90.00000000000002842, 2.000000000000000000 ) ) ;
#3182 = FACE_OUTER_BOUND ( 'NONE', #1903, .T. ) ;
#3183 = LINE ( 'NONE', #1843, #4949 ) ;
#3184 = EDGE_CURVE ( 'NONE', #2380, #5856, #2312, .T. ) ;
#3185 = ORIENTED_EDGE ( 'NONE', *, *, #2105, .T. ) ;
#3186 = CARTESIAN_POINT ( 'NONE',  ( -49.99999999999965894, 304.9334910019900349, 42.00000000000000000 ) ) ;
#3187 = CARTESIAN_POINT ( 'NONE',  ( -215.0000000000007958, 304.9334910019900349, 42.00000000000000000 ) ) ;
#3188 = ORIENTED_EDGE ( 'NONE', *, *, #979, .F. ) ;
#3189 = DIRECTION ( 'NONE',  ( 1.000000000000000000, 0.000000000000000000, -0.000000000000000000 ) ) ;
#3190 = DIRECTION ( 'NONE',  ( 0.000000000000000000, 0.000000000000000000, 1.000000000000000000 ) ) ;
#3191 = DIRECTION ( 'NONE',  ( -0.000000000000000000, -0.000000000000000000, -1.000000000000000000 ) ) ;
#3192 = EDGE_CURVE ( 'NONE', #4307, #5015, #5421, .T. ) ;
#3193 = CARTESIAN_POINT ( 'NONE',  ( -215.0000000000005684, 289.9334910019899780, 2.000000000000000000 ) ) ;
#3194 =( NAMED_UNIT ( * ) PLANE_ANGLE_UNIT ( ) SI_UNIT ( $, .RADIAN. ) );
#3195 = CARTESIAN_POINT ( 'NONE',  ( 0.000000000000000000, 0.000000000000000000, 42.00000000000000000 ) ) ;
#3196 = ORIENTED_EDGE ( 'NONE', *, *, #1489, .T. ) ;
#3197 = CARTESIAN_POINT ( 'NONE',  ( -64.99999999999961631, 85.00000000000005684, 2.000000000000000000 ) ) ;
#3198 = ADVANCED_FACE ( 'NONE', ( #2848 ), #3015, .F. ) ;
#3199 = EDGE_LOOP ( 'NONE', ( #4669, #206, #133, #2334, #1739, #5321, #5599, #4097, #3403, #754, #3275, #5295, #294, #28, #1324, #5488, #2279, #199, #5555, #2623, #98, #2566, #2114, #600 ) ) ;
#3200 = EDGE_LOOP ( 'NONE', ( #4252, #2521, #364, #3293 ) ) ;
#3201 = DIRECTION ( 'NONE',  ( -1.480297366166868866E-14, -1.000000000000000000, 0.000000000000000000 ) ) ;
#3202 = DIRECTION ( 'NONE',  ( 1.000000000000000000, 0.000000000000000000, -0.000000000000000000 ) ) ;
#3203 = LINE ( 'NONE', #2701, #5513 ) ;
#3204 = EDGE_CURVE ( 'NONE', #4865, #3102, #245, .T. ) ;
#3205 = EDGE_CURVE ( 'NONE', #5304, #253, #1172, .T. ) ;
#3206 = VECTOR ( 'NONE', #3679, 1000.000000000000000 ) ;
#3207 = EDGE_LOOP ( 'NONE', ( #646, #2490, #3109, #2287 ) ) ;
#3208 = ORIENTED_EDGE ( 'NONE', *, *, #605, .T. ) ;
#3209 = DIRECTION ( 'NONE',  ( 1.000000000000000000, 0.000000000000000000, -0.000000000000000000 ) ) ;
#3210 = DIRECTION ( 'NONE',  ( 0.000000000000000000, -4.818676322157798854E-17, 1.000000000000000000 ) ) ;
#3211 = CARTESIAN_POINT ( 'NONE',  ( 350.0000000000000568, -8.000000000000000000, 8.000000000000000000 ) ) ;
#3212 = ORIENTED_EDGE ( 'NONE', *, *, #4918, .F. ) ;
#3213 = VECTOR ( 'NONE', #1826, 1000.000000000000000 ) ;
#3214 = DIRECTION ( 'NONE',  ( 1.000000000000000000, -3.700743415417198986E-15, 0.000000000000000000 ) ) ;
#3215 = LINE ( 'NONE', #5581, #1062 ) ;
#3216 = ORIENTED_EDGE ( 'NONE', *, *, #2979, .T. ) ;
#3217 = FACE_OUTER_BOUND ( 'NONE', #5175, .T. ) ;
#3218 = DIRECTION ( 'NONE',  ( 0.000000000000000000, 0.000000000000000000, 1.000000000000000000 ) ) ;
#3219 = DIRECTION ( 'NONE',  ( -0.000000000000000000, -0.000000000000000000, -1.000000000000000000 ) ) ;
#3220 = VECTOR ( 'NONE', #3065, 1000.000000000000000 ) ;
#3221 = VECTOR ( 'NONE', #3634, 1000.000000000000000 ) ;
#3222 = CARTESIAN_POINT ( 'NONE',  ( -215.0000000000007958, 215.0665089980102209, 42.00000000000000000 ) ) ;
#3223 = VECTOR ( 'NONE', #5044, 1000.000000000000000 ) ;
#3224 = CARTESIAN_POINT ( 'NONE',  ( -184.9999999999995453, 339.9334910019898075, 42.00000000000000000 ) ) ;
#3225 = VECTOR ( 'NONE', #1085, 1000.000000000000000 ) ;
#3226 = EDGE_CURVE ( 'NONE', #5462, #175, #137, .T. ) ;
#3227 = CARTESIAN_POINT ( 'NONE',  ( -49.99999999999965894, 230.0665089980102778, 42.00000000000000000 ) ) ;
#3228 = VERTEX_POINT ( 'NONE', #3266 ) ;
#3229 = LINE ( 'NONE', #1495, #2561 ) ;
#3230 = VECTOR ( 'NONE', #1280, 1000.000000000000000 ) ;
#3231 = VECTOR ( 'NONE', #2205, 1000.000000000000000 ) ;
#3232 = ORIENTED_EDGE ( 'NONE', *, *, #1054, .T. ) ;
#3233 = ADVANCED_FACE ( 'NONE', ( #4834 ), #1025, .F. ) ;
#3234 = ORIENTED_EDGE ( 'NONE', *, *, #866, .F. ) ;
#3235 = DIRECTION ( 'NONE',  ( 0.000000000000000000, 0.000000000000000000, 1.000000000000000000 ) ) ;
#3236 = CARTESIAN_POINT ( 'NONE',  ( -10.00000000000000000, -8.000000000000001776, -17.99999999999999645 ) ) ;
#3237 = LINE ( 'NONE', #402, #3030 ) ;
#3238 = ORIENTED_EDGE ( 'NONE', *, *, #3826, .F. ) ;
#3239 = ADVANCED_FACE ( 'NONE', ( #2098 ), #579, .T. ) ;
#3240 = ORIENTED_EDGE ( 'NONE', *, *, #291, .F. ) ;
#3241 = CARTESIAN_POINT ( 'NONE',  ( -44.99999999999965183, 289.9334910019900349, 42.00000000000000000 ) ) ;
#3242 = DIRECTION ( 'NONE',  ( 1.000000000000000000, -2.775557561562904367E-15, 0.000000000000000000 ) ) ;
#3243 = CARTESIAN_POINT ( 'NONE',  ( 378.2842712474619589, 8.000000000000001776, -8.000000000000000000 ) ) ;
#3244 = VECTOR ( 'NONE', #5201, 1000.000000000000000 ) ;
#3245 = ORIENTED_EDGE ( 'NONE', *, *, #1375, .F. ) ;
#3246 = ORIENTED_EDGE ( 'NONE', *, *, #291, .T. ) ;
#3247 = DIRECTION ( 'NONE',  ( 4.163336342344356748E-15, 1.000000000000000000, -0.000000000000000000 ) ) ;
#3248 = CARTESIAN_POINT ( 'NONE',  ( -44.99999999999965183, 105.0000000000000426, 42.00000000000000000 ) ) ;
#3249 = ORIENTED_EDGE ( 'NONE', *, *, #205, .T. ) ;
#3250 = DIRECTION ( 'NONE',  ( -0.000000000000000000, -0.000000000000000000, -1.000000000000000000 ) ) ;
#3251 = DIRECTION ( 'NONE',  ( -0.000000000000000000, 0.000000000000000000, -1.000000000000000000 ) ) ;
#3252 = LINE ( 'NONE', #1451, #5841 ) ;
#3253 = VECTOR ( 'NONE', #3484, 1000.000000000000000 ) ;
#3254 = FACE_OUTER_BOUND ( 'NONE', #3018, .T. ) ;
#3255 = AXIS2_PLACEMENT_3D ( 'NONE', #4670, #3209, #2820 ) ;
#3256 =( LENGTH_UNIT ( ) NAMED_UNIT ( * ) SI_UNIT ( .MILLI., .METRE. ) );
#3257 = CARTESIAN_POINT ( 'NONE',  ( -49.99999999999965894, 90.00000000000002842, 2.000000000000000000 ) ) ;
#3258 = ORIENTED_EDGE ( 'NONE', *, *, #5861, .T. ) ;
#3259 = CARTESIAN_POINT ( 'NONE',  ( -350.0000000000004547, 180.0665089980104199, 2.000000000000000000 ) ) ;
#3260 = VECTOR ( 'NONE', #2357, 1000.000000000000000 ) ;
#3261 = EDGE_CURVE ( 'NONE', #4831, #3180, #1927, .T. ) ;
#3262 = EDGE_LOOP ( 'NONE', ( #851, #584, #4314, #4922 ) ) ;
#3263 = ORIENTED_EDGE ( 'NONE', *, *, #3542, .F. ) ;
#3264 = CARTESIAN_POINT ( 'NONE',  ( -169.9999999999996021, 309.9334910019899780, 2.000000000000000000 ) ) ;
#3265 = CARTESIAN_POINT ( 'NONE',  ( -10.00000000000000000, 9.999999999999998224, -19.99999999999999645 ) ) ;
#3266 = CARTESIAN_POINT ( 'NONE',  ( -230.0000000000005400, 85.00000000000004263, 2.000000000000000000 ) ) ;
#3267 = ADVANCED_FACE ( 'NONE', ( #3768 ), #2569, .F. ) ;
#3268 = EDGE_LOOP ( 'NONE', ( #547, #279, #2391, #5871 ) ) ;
#3269 = ORIENTED_EDGE ( 'NONE', *, *, #2724, .F. ) ;
#3270 = LINE ( 'NONE', #4610, #5266 ) ;
#3271 = CARTESIAN_POINT ( 'NONE',  ( 350.0000000000000568, -8.000000000000000000, -7.999999999999991118 ) ) ;
#3272 = DIRECTION ( 'NONE',  ( -1.000000000000000000, -6.938893903907232322E-16, 0.000000000000000000 ) ) ;
#3273 = EDGE_CURVE ( 'NONE', #398, #1848, #1474, .T. ) ;
#3274 = ORIENTED_EDGE ( 'NONE', *, *, #5368, .T. ) ;
#3275 = ORIENTED_EDGE ( 'NONE', *, *, #5424, .T. ) ;
#3276 = DIRECTION ( 'NONE',  ( -0.000000000000000000, -0.000000000000000000, -1.000000000000000000 ) ) ;
#3277 = FACE_OUTER_BOUND ( 'NONE', #2314, .T. ) ;
#3278 = ORIENTED_EDGE ( 'NONE', *, *, #4702, .F. ) ;
#3279 = DIRECTION ( 'NONE',  ( -0.000000000000000000, -0.000000000000000000, -1.000000000000000000 ) ) ;
#3280 = DIRECTION ( 'NONE',  ( 0.000000000000000000, 1.000000000000000000, 0.000000000000000000 ) ) ;
#3281 = EDGE_CURVE ( 'NONE', #2515, #5600, #4809, .T. ) ;
#3282 = CARTESIAN_POINT ( 'NONE',  ( -10.00000000000000000, 10.00000000000000000, -10.00000000000000000 ) ) ;
#3283 = CARTESIAN_POINT ( 'NONE',  ( -10.00000000000000000, -10.00000000000000178, -19.99999999999999645 ) ) ;
#3284 = DIRECTION ( 'NONE',  ( -0.000000000000000000, -0.000000000000000000, -1.000000000000000000 ) ) ;
#3285 = ORIENTED_EDGE ( 'NONE', *, *, #1124, .F. ) ;
#3286 = DIRECTION ( 'NONE',  ( 0.000000000000000000, 1.000000000000000000, 0.000000000000000000 ) ) ;
#3287 = LINE ( 'NONE', #4513, #1639 ) ;
#3288 = ORIENTED_EDGE ( 'NONE', *, *, #2315, .T. ) ;
#3289 = VERTEX_POINT ( 'NONE', #3712 ) ;
#3290 = DIRECTION ( 'NONE',  ( 1.000000000000000000, 0.000000000000000000, 0.000000000000000000 ) ) ;
#3291 = DIRECTION ( 'NONE',  ( -0.000000000000000000, -0.000000000000000000, -1.000000000000000000 ) ) ;
#3292 = DIRECTION ( 'NONE',  ( 0.000000000000000000, -0.000000000000000000, 1.000000000000000000 ) ) ;
#3293 = ORIENTED_EDGE ( 'NONE', *, *, #1669, .T. ) ;
#3294 = ORIENTED_EDGE ( 'NONE', *, *, #4260, .T. ) ;
#3295 = EDGE_CURVE ( 'NONE', #77, #557, #545, .T. ) ;
#3296 = CARTESIAN_POINT ( 'NONE',  ( -350.0000000000005116, 430.0000000000000000, 42.00000000000000000 ) ) ;
#3297 = DIRECTION ( 'NONE',  ( -1.000000000000000000, -1.110223024625155752E-14, 0.000000000000000000 ) ) ;
#3298 = CARTESIAN_POINT ( 'NONE',  ( -350.0000000000004547, 215.0665089980102209, 2.000000000000000000 ) ) ;
#3299 = VERTEX_POINT ( 'NONE', #3908 ) ;
#3300 = ORIENTED_EDGE ( 'NONE', *, *, #3017, .F. ) ;
#3301 = CARTESIAN_POINT ( 'NONE',  ( -189.9999999999995453, 230.0665089980102209, 42.00000000000000000 ) ) ;
#3302 = EDGE_CURVE ( 'NONE', #4020, #1952, #693, .T. ) ;
#3303 = DIRECTION ( 'NONE',  ( -0.000000000000000000, 1.000000000000000000, 4.818676322157798854E-17 ) ) ;
#3304 = ORIENTED_EDGE ( 'NONE', *, *, #1262, .T. ) ;
#3305 = CARTESIAN_POINT ( 'NONE',  ( -335.0000000000005116, 90.00000000000005684, 42.00000000000000000 ) ) ;
#3306 = CARTESIAN_POINT ( 'NONE',  ( -400.0000000000000000, 19.99999999999999645, -9.999999999999994671 ) ) ;
#3307 = LINE ( 'NONE', #1878, #2364 ) ;
#3308 = AXIS2_PLACEMENT_3D ( 'NONE', #4959, #2602, #2218 ) ;
#3309 = LINE ( 'NONE', #215, #1313 ) ;
#3310 = EDGE_CURVE ( 'NONE', #1277, #992, #5265, .T. ) ;
#3311 = CARTESIAN_POINT ( 'NONE',  ( -184.9999999999995453, 90.00000000000002842, 42.00000000000000000 ) ) ;
#3312 = EDGE_CURVE ( 'NONE', #1844, #3887, #1617, .T. ) ;
#3313 = EDGE_LOOP ( 'NONE', ( #1776, #1937, #2397, #373 ) ) ;
#3314 = DIRECTION ( 'NONE',  ( 0.000000000000000000, 1.000000000000000000, 0.000000000000000000 ) ) ;
#3315 = AXIS2_PLACEMENT_3D ( 'NONE', #3680, #4093, #5482 ) ;
#3316 = LINE ( 'NONE', #1469, #2121 ) ;
#3317 = VECTOR ( 'NONE', #1369, 1000.000000000000000 ) ;
#3318 = VECTOR ( 'NONE', #5083, 1000.000000000000000 ) ;
#3319 = VECTOR ( 'NONE', #1113, 1000.000000000000000 ) ;
#3320 = ORIENTED_EDGE ( 'NONE', *, *, #4509, .T. ) ;
#3321 = FACE_OUTER_BOUND ( 'NONE', #1722, .T. ) ;
#3322 = ORIENTED_EDGE ( 'NONE', *, *, #3748, .F. ) ;
#3323 = CARTESIAN_POINT ( 'NONE',  ( -49.99999999999965894, 354.9334910019899212, 2.000000000000000000 ) ) ;
#3324 = DIRECTION ( 'NONE',  ( 1.000000000000000000, -2.775557561562904367E-15, 0.000000000000000000 ) ) ;
#3325 = CARTESIAN_POINT ( 'NONE',  ( 0.000000000000000000, 0.000000000000000000, 42.00000000000000000 ) ) ;
#3326 = VECTOR ( 'NONE', #826, 1000.000000000000000 ) ;
#3327 = AXIS2_PLACEMENT_3D ( 'NONE', #1948, #66, #929 ) ;
#3328 = VERTEX_POINT ( 'NONE', #4327 ) ;
#3329 = VECTOR ( 'NONE', #529, 1000.000000000000000 ) ;
#3330 = EDGE_LOOP ( 'NONE', ( #147, #247, #4993, #5183 ) ) ;
#3331 = CARTESIAN_POINT ( 'NONE',  ( -215.0000000000006253, 430.0000000000000568, 42.00000000000000000 ) ) ;
#3332 = LINE ( 'NONE', #2464, #3977 ) ;
#3333 = CARTESIAN_POINT ( 'NONE',  ( -210.0000000000006537, 185.0665089980103346, 2.000000000000000000 ) ) ;
#3334 = EDGE_CURVE ( 'NONE', #5561, #5362, #1647, .T. ) ;
#3335 = VERTEX_POINT ( 'NONE', #5292 ) ;
#3336 = ORIENTED_EDGE ( 'NONE', *, *, #598, .F. ) ;
#3337 = DIRECTION ( 'NONE',  ( -2.775557561562908706E-15, -1.000000000000000000, 0.000000000000000000 ) ) ;
#3338 = CARTESIAN_POINT ( 'NONE',  ( -10.00000000000000000, 10.00000000000000000, 10.00000000000000000 ) ) ;
#3339 = EDGE_LOOP ( 'NONE', ( #338, #5512, #1430, #242 ) ) ;
#3340 = CARTESIAN_POINT ( 'NONE',  ( -355.0000000000004547, 105.0000000000000426, 42.00000000000000000 ) ) ;
#3341 = DIRECTION ( 'NONE',  ( 0.000000000000000000, 0.000000000000000000, 1.000000000000000000 ) ) ;
#3342 = PLANE ( 'NONE',  #4269 ) ;
#3343 = VECTOR ( 'NONE', #1786, 1000.000000000000000 ) ;
#3344 = EDGE_CURVE ( 'NONE', #883, #285, #1196, .T. ) ;
#3345 = LINE ( 'NONE', #1525, #1789 ) ;
#3346 = CARTESIAN_POINT ( 'NONE',  ( -215.0000000000007958, 215.0665089980102209, 2.000000000000000000 ) ) ;
#3347 = VERTEX_POINT ( 'NONE', #5348 ) ;
#3348 = ORIENTED_EDGE ( 'NONE', *, *, #3093, .T. ) ;
#3349 = CARTESIAN_POINT ( 'NONE',  ( -184.9999999999995453, 90.00000000000002842, 42.00000000000000000 ) ) ;
#3350 = DIRECTION ( 'NONE',  ( -1.000000000000000000, 0.000000000000000000, 0.000000000000000000 ) ) ;
#3351 = APPLICATION_CONTEXT ( 'automotive_design' ) ;
#3352 = ADVANCED_FACE ( 'NONE', ( #4186 ), #3742, .T. ) ;
#3353 = EDGE_CURVE ( 'NONE', #1274, #4189, #4047, .T. ) ;
#3354 = VECTOR ( 'NONE', #3371, 1000.000000000000000 ) ;
#3355 = VERTEX_POINT ( 'NONE', #1226 ) ;
#3356 = DIRECTION ( 'NONE',  ( -1.110223024625155752E-14, 1.000000000000000000, 0.000000000000000000 ) ) ;
#3357 = ORIENTED_EDGE ( 'NONE', *, *, #3414, .T. ) ;
#3358 = PLANE ( 'NONE',  #3796 ) ;
#3359 = LINE ( 'NONE', #2877, #5790 ) ;
#3360 = VECTOR ( 'NONE', #3629, 1000.000000000000000 ) ;
#3361 = EDGE_CURVE ( 'NONE', #4133, #3378, #5799, .T. ) ;
#3362 = AXIS2_PLACEMENT_3D ( 'NONE', #3195, #5014, #4901 ) ;
#3363 = VERTEX_POINT ( 'NONE', #3578 ) ;
#3364 = ORIENTED_EDGE ( 'NONE', *, *, #4132, .F. ) ;
#3365 = CARTESIAN_POINT ( 'NONE',  ( 350.0000000000000568, -10.00000000000000178, 9.999999999999884537 ) ) ;
#3366 = DIRECTION ( 'NONE',  ( 0.000000000000000000, -1.000000000000000000, 0.000000000000000000 ) ) ;
#3367 = DIRECTION ( 'NONE',  ( -1.000000000000000000, 0.000000000000000000, -0.000000000000000000 ) ) ;
#3368 = ORIENTED_EDGE ( 'NONE', *, *, #68, .F. ) ;
#3369 = ORIENTED_EDGE ( 'NONE', *, *, #1235, .F. ) ;
#3370 = DIRECTION ( 'NONE',  ( -1.000000000000000000, 0.000000000000000000, -0.000000000000000000 ) ) ;
#3371 = DIRECTION ( 'NONE',  ( 1.000000000000000000, 0.000000000000000000, 0.000000000000000000 ) ) ;
#3372 = ORIENTED_EDGE ( 'NONE', *, *, #4369, .F. ) ;
#3373 = LINE ( 'NONE', #595, #284 ) ;
#3374 = DIRECTION ( 'NONE',  ( 0.000000000000000000, 0.000000000000000000, 1.000000000000000000 ) ) ;
#3375 = LINE ( 'NONE', #4713, #844 ) ;
#3376 = FACE_OUTER_BOUND ( 'NONE', #3733, .T. ) ;
#3377 = SURFACE_STYLE_USAGE ( .BOTH. , #2094 ) ;
#3378 = VERTEX_POINT ( 'NONE', #4985 ) ;
#3379 = LINE ( 'NONE', #5170, #3042 ) ;
#3380 = CARTESIAN_POINT ( 'NONE',  ( -350.0000000000004547, 304.9334910019900349, 2.000000000000000000 ) ) ;
#3381 = ADVANCED_FACE ( 'NONE', ( #5441 ), #1737, .F. ) ;
#3382 = EDGE_LOOP ( 'NONE', ( #4461, #500, #1633, #5004 ) ) ;
#3383 = LINE ( 'NONE', #5176, #352 ) ;
#3384 = ORIENTED_EDGE ( 'NONE', *, *, #5089, .F. ) ;
#3385 = CARTESIAN_POINT ( 'NONE',  ( -355.0000000000006821, 354.9334910019898643, 42.00000000000000000 ) ) ;
#3386 = CARTESIAN_POINT ( 'NONE',  ( -184.9999999999995453, 165.0665089980103346, 2.000000000000000000 ) ) ;
#3387 = ORIENTED_EDGE ( 'NONE', *, *, #4579, .F. ) ;
#3388 = VERTEX_POINT ( 'NONE', #4473 ) ;
#3389 = EDGE_CURVE ( 'NONE', #2497, #668, #1345, .T. ) ;
#3390 = PLANE ( 'NONE',  #4205 ) ;
#3391 = EDGE_CURVE ( 'NONE', #4771, #5115, #4501, .T. ) ;
#3392 = CARTESIAN_POINT ( 'NONE',  ( -10.00000000000000000, -8.000000000000001776, -17.99999999999999645 ) ) ;
#3393 = CARTESIAN_POINT ( 'NONE',  ( -189.9999999999995453, 105.0000000000000426, 2.000000000000000000 ) ) ;
#3394 = ORIENTED_EDGE ( 'NONE', *, *, #4054, .T. ) ;
#3395 = EDGE_LOOP ( 'NONE', ( #528, #1421, #2171, #3081 ) ) ;
#3396 = DIRECTION ( 'NONE',  ( 1.000000000000000000, 0.000000000000000000, -0.000000000000000000 ) ) ;
#3397 = DIRECTION ( 'NONE',  ( -1.850371707708599493E-15, 1.000000000000000000, 0.000000000000000000 ) ) ;
#3398 = ORIENTED_EDGE ( 'NONE', *, *, #170, .F. ) ;
#3399 = CARTESIAN_POINT ( 'NONE',  ( -210.0000000000005684, 289.9334910019900349, 42.00000000000000000 ) ) ;
#3400 = DIRECTION ( 'NONE',  ( -0.000000000000000000, -0.000000000000000000, -1.000000000000000000 ) ) ;
#3401 = VECTOR ( 'NONE', #3324, 1000.000000000000000 ) ;
#3402 = CARTESIAN_POINT ( 'NONE',  ( -350.0000000000004547, 304.9334910019900349, 2.000000000000000000 ) ) ;
#3403 = ORIENTED_EDGE ( 'NONE', *, *, #3133, .F. ) ;
#3404 = CARTESIAN_POINT ( 'NONE',  ( -210.0000000000005684, 289.9334910019900349, 42.00000000000000000 ) ) ;
#3405 = CARTESIAN_POINT ( 'NONE',  ( -44.99999999999953815, 210.0665089980102209, 2.000000000000000000 ) ) ;
#3406 = EDGE_CURVE ( 'NONE', #3587, #5796, #386, .T. ) ;
#3407 = VERTEX_POINT ( 'NONE', #357 ) ;
#3408 = CARTESIAN_POINT ( 'NONE',  ( -355.0000000000004547, 105.0000000000000426, 42.00000000000000000 ) ) ;
#3409 = VECTOR ( 'NONE', #741, 1000.000000000000000 ) ;
#3410 = VERTEX_POINT ( 'NONE', #1312 ) ;
#3411 = LINE ( 'NONE', #3446, #5810 ) ;
#3412 = VECTOR ( 'NONE', #1571, 1000.000000000000000 ) ;
#3413 = AXIS2_PLACEMENT_3D ( 'NONE', #2294, #3247, #87 ) ;
#3414 = EDGE_CURVE ( 'NONE', #680, #3822, #3134, .T. ) ;
#3415 = ORIENTED_EDGE ( 'NONE', *, *, #144, .F. ) ;
#3416 = ADVANCED_FACE ( 'NONE', ( #2186 ), #895, .T. ) ;
#3417 = ORIENTED_EDGE ( 'NONE', *, *, #3468, .T. ) ;
#3418 = VECTOR ( 'NONE', #834, 1000.000000000000000 ) ;
#3419 = AXIS2_PLACEMENT_3D ( 'NONE', #2333, #41, #5049 ) ;
#3420 = CARTESIAN_POINT ( 'NONE',  ( -355.0000000000006821, 165.0665089980103915, 42.00000000000000000 ) ) ;
#3421 = LINE ( 'NONE', #637, #3412 ) ;
#3422 = LINE ( 'NONE', #3298, #3130 ) ;
#3423 = VECTOR ( 'NONE', #2559, 1000.000000000000000 ) ;
#3424 = AXIS2_PLACEMENT_3D ( 'NONE', #3340, #125, #1606 ) ;
#3425 = EDGE_CURVE ( 'NONE', #4446, #838, #1257, .T. ) ;
#3426 = ADVANCED_FACE ( 'NONE', ( #3496 ), #3079, .T. ) ;
#3427 = VERTEX_POINT ( 'NONE', #4898 ) ;
#3428 = VERTEX_POINT ( 'NONE', #2657 ) ;
#3429 = CARTESIAN_POINT ( 'NONE',  ( -350.0000000000004547, 90.00000000000002842, 42.00000000000000000 ) ) ;
#3430 = LINE ( 'NONE', #707, #4778 ) ;
#3431 = CARTESIAN_POINT ( 'NONE',  ( -49.99999999999965894, 304.9334910019900349, 42.00000000000000000 ) ) ;
#3432 = ITEM_DEFINED_TRANSFORMATION ( 'NONE', 'NONE', #5637,  #4192 ) ;
#3433 = FACE_OUTER_BOUND ( 'NONE', #560, .T. ) ;
#3434 = FACE_OUTER_BOUND ( 'NONE', #4414, .T. ) ;
#3435 = FACE_OUTER_BOUND ( 'NONE', #2074, .T. ) ;
#3436 = ORIENTED_EDGE ( 'NONE', *, *, #397, .T. ) ;
#3437 = CARTESIAN_POINT ( 'NONE',  ( -169.9999999999996021, 210.0665089980102493, 2.000000000000000000 ) ) ;
#3438 = LINE ( 'NONE', #1143, #293 ) ;
#3439 = DIRECTION ( 'NONE',  ( 1.000000000000000000, -1.110223024625155594E-14, 0.000000000000000000 ) ) ;
#3440 = AXIS2_PLACEMENT_3D ( 'NONE', #3554, #2265, #4562 ) ;
#3441 =( GEOMETRIC_REPRESENTATION_CONTEXT ( 3 ) GLOBAL_UNCERTAINTY_ASSIGNED_CONTEXT ( ( #2702 ) ) GLOBAL_UNIT_ASSIGNED_CONTEXT ( ( #1731, #5436, #3991 ) ) REPRESENTATION_CONTEXT ( 'NONE', 'WORKASPACE' ) );
#3442 = ORIENTED_EDGE ( 'NONE', *, *, #3295, .F. ) ;
#3443 = FACE_OUTER_BOUND ( 'NONE', #47, .T. ) ;
#3444 = PRODUCT ( 'T2_4x2', 'T2_4x2', '', ( #1637 ) ) ;
#3445 = ORIENTED_EDGE ( 'NONE', *, *, #1157, .T. ) ;
#3446 = CARTESIAN_POINT ( 'NONE',  ( 410.0000000000001137, -10.00000000000000178, 19.99999999999999645 ) ) ;
#3447 = EDGE_CURVE ( 'NONE', #3690, #4982, #5884, .T. ) ;
#3448 = COLOUR_RGB ( '',0.7921568627450980005, 0.8196078431372548767, 0.9333333333333333481 ) ;
#3449 = ORIENTED_EDGE ( 'NONE', *, *, #4773, .T. ) ;
#3450 = AXIS2_PLACEMENT_3D ( 'NONE', #2360, #5106, #3824 ) ;
#3451 = ORIENTED_EDGE ( 'NONE', *, *, #5903, .T. ) ;
#3452 = CARTESIAN_POINT ( 'NONE',  ( -230.0000000000005400, 180.0665089980103915, 42.00000000000000000 ) ) ;
#3453 = DIRECTION ( 'NONE',  ( -0.000000000000000000, -0.000000000000000000, -1.000000000000000000 ) ) ;
#3454 = EDGE_CURVE ( 'NONE', #5267, #113, #1285, .T. ) ;
#3455 = DIRECTION ( 'NONE',  ( -0.000000000000000000, -0.000000000000000000, -1.000000000000000000 ) ) ;
#3456 = VECTOR ( 'NONE', #1946, 1000.000000000000000 ) ;
#3457 = ORIENTED_EDGE ( 'NONE', *, *, #2527, .T. ) ;
#3458 = ORIENTED_EDGE ( 'NONE', *, *, #4661, .F. ) ;
#3459 = DIRECTION ( 'NONE',  ( 0.000000000000000000, 1.000000000000000000, 0.000000000000000000 ) ) ;
#3460 = FACE_OUTER_BOUND ( 'NONE', #698, .T. ) ;
#3461 = FACE_OUTER_BOUND ( 'NONE', #5888, .T. ) ;
#3462 = DIRECTION ( 'NONE',  ( -1.000000000000000000, -1.480297366166868866E-14, 0.000000000000000000 ) ) ;
#3463 = CARTESIAN_POINT ( 'NONE',  ( -44.99999999999965183, 165.0665089980103915, 42.00000000000000000 ) ) ;
#3464 = CARTESIAN_POINT ( 'NONE',  ( -189.9999999999995737, 434.9999999999999432, -2.000000000000000000 ) ) ;
#3465 = ORIENTED_EDGE ( 'NONE', *, *, #1950, .F. ) ;
#3466 = CARTESIAN_POINT ( 'NONE',  ( -49.99999999999965894, 215.0665089980102209, 2.000000000000000000 ) ) ;
#3467 = CARTESIAN_POINT ( 'NONE',  ( -189.9999999999994884, 309.9334910019899780, 42.00000000000000000 ) ) ;
#3468 = EDGE_CURVE ( 'NONE', #5158, #4614, #3994, .T. ) ;
#3469 = DIRECTION ( 'NONE',  ( -0.000000000000000000, -0.000000000000000000, -1.000000000000000000 ) ) ;
#3470 = EDGE_CURVE ( 'NONE', #1988, #3120, #3105, .T. ) ;
#3471 = EDGE_LOOP ( 'NONE', ( #933, #5635, #872, #5121 ) ) ;
#3472 = DIRECTION ( 'NONE',  ( 0.000000000000000000, 1.000000000000000000, 0.000000000000000000 ) ) ;
#3473 = EDGE_LOOP ( 'NONE', ( #86, #1319, #1658, #3528 ) ) ;
#3474 = DIRECTION ( 'NONE',  ( -1.000000000000000000, 0.000000000000000000, -0.000000000000000000 ) ) ;
#3475 = ORIENTED_EDGE ( 'NONE', *, *, #4803, .T. ) ;
#3476 = ORIENTED_EDGE ( 'NONE', *, *, #4294, .F. ) ;
#3477 = DIRECTION ( 'NONE',  ( -1.000000000000000000, 0.000000000000000000, 0.000000000000000000 ) ) ;
#3478 = DIRECTION ( 'NONE',  ( -1.000000000000000000, 0.000000000000000000, -0.000000000000000000 ) ) ;
#3479 = DIRECTION ( 'NONE',  ( 1.110223024625155752E-14, -1.000000000000000000, 0.000000000000000000 ) ) ;
#3480 = ORIENTED_EDGE ( 'NONE', *, *, #3310, .T. ) ;
#3481 = ADVANCED_FACE ( 'NONE', ( #4023 ), #780, .T. ) ;
#3482 = ORIENTED_EDGE ( 'NONE', *, *, #292, .F. ) ;
#3483 = DIRECTION ( 'NONE',  ( -1.000000000000000000, -1.110223024625155594E-14, 0.000000000000000000 ) ) ;
#3484 = DIRECTION ( 'NONE',  ( 1.000000000000000000, 0.000000000000000000, 0.000000000000000000 ) ) ;
#3485 = PLANE ( 'NONE',  #450 ) ;
#3486 = APPLICATION_PROTOCOL_DEFINITION ( 'draft international standard', 'automotive_design', 1998, #3763 ) ;
#3487 = CARTESIAN_POINT ( 'NONE',  ( -230.0000000000005969, 435.0000000000000568, 2.000000000000000000 ) ) ;
#3488 = PRODUCT_DEFINITION_SHAPE ( 'NONE', 'NONE',  #1807 ) ;
#3489 = EDGE_CURVE ( 'NONE', #5015, #3750, #3963, .T. ) ;
#3490 = CARTESIAN_POINT ( 'NONE',  ( -49.99999999999960210, 414.9999999999999432, 42.00000000000000000 ) ) ;
#3491 = EDGE_CURVE ( 'NONE', #3115, #5624, #3307, .T. ) ;
#3492 = DIRECTION ( 'NONE',  ( 1.000000000000000000, 1.110223024625155594E-14, 0.000000000000000000 ) ) ;
#3493 = VERTEX_POINT ( 'NONE', #1046 ) ;
#3494 = PLANE ( 'NONE',  #4277 ) ;
#3495 = FACE_OUTER_BOUND ( 'NONE', #2137, .T. ) ;
#3496 = FACE_OUTER_BOUND ( 'NONE', #1147, .T. ) ;
#3497 = EDGE_CURVE ( 'NONE', #1058, #321, #1011, .T. ) ;
#3498 = ADVANCED_FACE ( 'NONE', ( #3639 ), #2388, .T. ) ;
#3499 = ORIENTED_EDGE ( 'NONE', *, *, #5424, .F. ) ;
#3500 = CARTESIAN_POINT ( 'NONE',  ( -350.0000000000004547, 339.9334910019898075, 42.00000000000000000 ) ) ;
#3501 = ORIENTED_EDGE ( 'NONE', *, *, #2650, .F. ) ;
#3502 = FACE_OUTER_BOUND ( 'NONE', #224, .T. ) ;
#3503 = VECTOR ( 'NONE', #1014, 1000.000000000000000 ) ;
#3504 = ORIENTED_EDGE ( 'NONE', *, *, #4502, .F. ) ;
#3505 = ORIENTED_EDGE ( 'NONE', *, *, #1053, .F. ) ;
#3506 = CARTESIAN_POINT ( 'NONE',  ( -10.00000000000000000, -10.00000000000000178, 19.99999999999999645 ) ) ;
#3507 = EDGE_LOOP ( 'NONE', ( #2224, #3234, #696, #484 ) ) ;
#3508 = LINE ( 'NONE', #2610, #1523 ) ;
#3509 = VECTOR ( 'NONE', #2999, 1000.000000000000000 ) ;
#3510 = VECTOR ( 'NONE', #2709, 1000.000000000000000 ) ;
#3511 = CARTESIAN_POINT ( 'NONE',  ( -215.0000000000005684, 354.9334910019899212, 42.00000000000000000 ) ) ;
#3512 = VECTOR ( 'NONE', #4111, 1000.000000000000000 ) ;
#3513 = ORIENTED_EDGE ( 'NONE', *, *, #4991, .T. ) ;
#3514 = AXIS2_PLACEMENT_3D ( 'NONE', #3404, #4807, #691 ) ;
#3515 = EDGE_LOOP ( 'NONE', ( #4510, #1483, #1237, #5108 ) ) ;
#3516 = LINE ( 'NONE', #2644, #3539 ) ;
#3517 = LINE ( 'NONE', #1726, #2946 ) ;
#3518 = CARTESIAN_POINT ( 'NONE',  ( -189.9999999999994884, 334.9334910019899212, 2.000000000000000000 ) ) ;
#3519 = VECTOR ( 'NONE', #4428, 1000.000000000000000 ) ;
#3520 = AXIS2_PLACEMENT_3D ( 'NONE', #2684, #3935, #2126 ) ;
#3521 = EDGE_CURVE ( 'NONE', #3138, #5395, #5099, .T. ) ;
#3522 = LINE ( 'NONE', #2092, #3121 ) ;
#3523 = ORIENTED_EDGE ( 'NONE', *, *, #1622, .T. ) ;
#3524 = DIRECTION ( 'NONE',  ( -0.000000000000000000, -0.000000000000000000, -1.000000000000000000 ) ) ;
#3525 = CARTESIAN_POINT ( 'NONE',  ( -49.99999999999965894, 180.0665089980104199, 42.00000000000000000 ) ) ;
#3526 = DIRECTION ( 'NONE',  ( 0.000000000000000000, 0.000000000000000000, 1.000000000000000000 ) ) ;
#3527 = EDGE_CURVE ( 'NONE', #3180, #838, #4564, .T. ) ;
#3528 = ORIENTED_EDGE ( 'NONE', *, *, #68, .T. ) ;
#3529 = PLANE ( 'NONE',  #930 ) ;
#3530 = CARTESIAN_POINT ( 'NONE',  ( -44.99999999999965183, 165.0665089980103915, 42.00000000000000000 ) ) ;
#3531 = ORIENTED_EDGE ( 'NONE', *, *, #3944, .F. ) ;
#3532 = DIRECTION ( 'NONE',  ( -0.000000000000000000, -0.000000000000000000, -1.000000000000000000 ) ) ;
#3533 = ADVANCED_FACE ( 'NONE', ( #5529 ), #35, .F. ) ;
#3534 = VECTOR ( 'NONE', #5683, 1000.000000000000000 ) ;
#3535 = ORIENTED_EDGE ( 'NONE', *, *, #101, .F. ) ;
#3536 = ORIENTED_EDGE ( 'NONE', *, *, #1441, .F. ) ;
#3537 = CARTESIAN_POINT ( 'NONE',  ( -64.99999999999961631, 210.0665089980102493, 42.00000000000000000 ) ) ;
#3538 = ORIENTED_EDGE ( 'NONE', *, *, #4734, .F. ) ;
#3539 = VECTOR ( 'NONE', #2589, 1000.000000000000000 ) ;
#3540 = FACE_OUTER_BOUND ( 'NONE', #1976, .T. ) ;
#3541 = LINE ( 'NONE', #820, #5135 ) ;
#3542 = EDGE_CURVE ( 'NONE', #2049, #2861, #443, .T. ) ;
#3543 = VECTOR ( 'NONE', #2406, 1000.000000000000000 ) ;
#3544 = VERTEX_POINT ( 'NONE', #2831 ) ;
#3545 = ORIENTED_EDGE ( 'NONE', *, *, #2612, .F. ) ;
#3546 = CARTESIAN_POINT ( 'NONE',  ( -210.0000000000005400, 289.9334910019899780, 2.000000000000000000 ) ) ;
#3547 = LINE ( 'NONE', #1279, #1612 ) ;
#3548 = CARTESIAN_POINT ( 'NONE',  ( -335.0000000000007390, 215.0665089980102493, 42.00000000000000000 ) ) ;
#3549 = VECTOR ( 'NONE', #742, 1000.000000000000000 ) ;
#3550 = DIRECTION ( 'NONE',  ( -0.000000000000000000, -0.000000000000000000, -1.000000000000000000 ) ) ;
#3551 = LINE ( 'NONE', #2622, #583 ) ;
#3552 = ORIENTED_EDGE ( 'NONE', *, *, #4586, .T. ) ;
#3553 = CARTESIAN_POINT ( 'NONE',  ( -184.9999999999995453, 215.0665089980102209, 42.00000000000000000 ) ) ;
#3554 = CARTESIAN_POINT ( 'NONE',  ( -44.99999999999959499, 309.9334910019899780, 42.00000000000000000 ) ) ;
#3555 = DIRECTION ( 'NONE',  ( 0.000000000000000000, -1.084202172485504434E-16, 1.000000000000000000 ) ) ;
#3556 = ORIENTED_EDGE ( 'NONE', *, *, #3389, .T. ) ;
#3557 = CARTESIAN_POINT ( 'NONE',  ( -44.99999999999965183, 354.9334910019898643, 2.000000000000000000 ) ) ;
#3558 = EDGE_CURVE ( 'NONE', #2106, #4814, #127, .T. ) ;
#3559 = DIRECTION ( 'NONE',  ( 1.000000000000000000, -1.110223024625155594E-14, 0.000000000000000000 ) ) ;
#3560 = ORIENTED_EDGE ( 'NONE', *, *, #5022, .T. ) ;
#3561 = DIRECTION ( 'NONE',  ( 0.000000000000000000, -1.000000000000000000, 0.000000000000000000 ) ) ;
#3562 = ORIENTED_EDGE ( 'NONE', *, *, #3643, .F. ) ;
#3563 = EDGE_LOOP ( 'NONE', ( #3499, #4406, #3162, #1989, #1383, #3003 ) ) ;
#3564 = LINE ( 'NONE', #5419, #5651 ) ;
#3565 = ORIENTED_EDGE ( 'NONE', *, *, #1971, .T. ) ;
#3566 = LINE ( 'NONE', #5454, #358 ) ;
#3567 = ORIENTED_EDGE ( 'NONE', *, *, #2041, .F. ) ;
#3568 = EDGE_CURVE ( 'NONE', #855, #339, #1851, .T. ) ;
#3569 = EDGE_CURVE ( 'NONE', #2673, #4065, #1433, .T. ) ;
#3570 = ORIENTED_EDGE ( 'NONE', *, *, #945, .F. ) ;
#3571 = CARTESIAN_POINT ( 'NONE',  ( -335.0000000000007390, 180.0665089980103915, 2.000000000000000000 ) ) ;
#3572 = LINE ( 'NONE', #4345, #3231 ) ;
#3573 = LINE ( 'NONE', #4464, #370 ) ;
#3574 = CARTESIAN_POINT ( 'NONE',  ( 378.2842712474619589, -8.000000000000000000, 8.000000000000000000 ) ) ;
#3575 = CARTESIAN_POINT ( 'NONE',  ( -10.00000000000000000, -10.00000000000000000, -10.00000000000000000 ) ) ;
#3576 = VERTEX_POINT ( 'NONE', #3666 ) ;
#3577 = FACE_OUTER_BOUND ( 'NONE', #4289, .T. ) ;
#3578 = CARTESIAN_POINT ( 'NONE',  ( -49.99999999999965894, 215.0665089980102209, 42.00000000000000000 ) ) ;
#3579 = VERTEX_POINT ( 'NONE', #5493 ) ;
#3580 = LINE ( 'NONE', #4444, #2079 ) ;
#3581 = CARTESIAN_POINT ( 'NONE',  ( -44.99999999999959499, 185.0665089980103915, 42.00000000000000000 ) ) ;
#3582 = VERTEX_POINT ( 'NONE', #2266 ) ;
#3583 = CARTESIAN_POINT ( 'NONE',  ( -215.0000000000007958, 215.0665089980102209, 2.000000000000000000 ) ) ;
#3584 = AXIS2_PLACEMENT_3D ( 'NONE', #4597, #36, #4528 ) ;
#3585 = EDGE_CURVE ( 'NONE', #5115, #3289, #2352, .T. ) ;
#3586 = ORIENTED_EDGE ( 'NONE', *, *, #5134, .F. ) ;
#3587 = VERTEX_POINT ( 'NONE', #4139 ) ;
#3588 = DIRECTION ( 'NONE',  ( -1.000000000000000000, 0.000000000000000000, -0.000000000000000000 ) ) ;
#3589 = DIRECTION ( 'NONE',  ( 0.000000000000000000, 0.000000000000000000, -1.000000000000000000 ) ) ;
#3590 = LINE ( 'NONE', #3236, #2536 ) ;
#3591 = CARTESIAN_POINT ( 'NONE',  ( -215.0000000000007958, 339.9334910019898075, 42.00000000000000000 ) ) ;
#3592 = EDGE_CURVE ( 'NONE', #4090, #2672, #955, .T. ) ;
#3593 = ORIENTED_EDGE ( 'NONE', *, *, #2565, .T. ) ;
#3594 = EDGE_LOOP ( 'NONE', ( #2274, #4675, #4812, #2773 ) ) ;
#3595 = VECTOR ( 'NONE', #1772, 1000.000000000000000 ) ;
#3596 = AXIS2_PLACEMENT_3D ( 'NONE', #1465, #899, #9 ) ;
#3597 = FACE_OUTER_BOUND ( 'NONE', #2781, .T. ) ;
#3598 = CARTESIAN_POINT ( 'NONE',  ( -49.99999999999960210, 430.0000000000000000, 2.000000000000000000 ) ) ;
#3599 = DIRECTION ( 'NONE',  ( 1.000000000000000000, -2.775557561562904367E-15, 0.000000000000000000 ) ) ;
#3600 = ADVANCED_FACE ( 'NONE', ( #60 ), #987, .T. ) ;
#3601 = ADVANCED_FACE ( 'NONE', ( #5073 ), #923, .T. ) ;
#3602 = VECTOR ( 'NONE', #4527, 1000.000000000000000 ) ;
#3603 = AXIS2_PLACEMENT_3D ( 'NONE', #1690, #2281, #3588 ) ;
#3604 = ORIENTED_EDGE ( 'NONE', *, *, #1375, .T. ) ;
#3605 = CARTESIAN_POINT ( 'NONE',  ( -215.0000000000006253, 415.0000000000000000, 42.00000000000000000 ) ) ;
#3606 = ORIENTED_EDGE ( 'NONE', *, *, #3425, .F. ) ;
#3607 = FACE_OUTER_BOUND ( 'NONE', #2425, .T. ) ;
#3608 = VECTOR ( 'NONE', #2944, 1000.000000000000000 ) ;
#3609 = DIRECTION ( 'NONE',  ( 2.775557561562892929E-15, 1.000000000000000000, 0.000000000000000000 ) ) ;
#3610 = AXIS2_PLACEMENT_3D ( 'NONE', #2132, #5325, #1796 ) ;
#3611 = CARTESIAN_POINT ( 'NONE',  ( 340.0000000000000568, 8.000000000000001776, -8.000000000000000000 ) ) ;
#3612 = VECTOR ( 'NONE', #1551, 1000.000000000000000 ) ;
#3613 = DIRECTION ( 'NONE',  ( -3.773734306841389525E-48, -3.081487911019577365E-32, -1.000000000000000000 ) ) ;
#3614 = CARTESIAN_POINT ( 'NONE',  ( 340.0000000000000568, -10.00000000000000000, 10.00000000000000000 ) ) ;
#3615 = DIRECTION ( 'NONE',  ( -0.000000000000000000, -0.000000000000000000, -1.000000000000000000 ) ) ;
#3616 = ORIENTED_EDGE ( 'NONE', *, *, #1017, .T. ) ;
#3617 = DIRECTION ( 'NONE',  ( 1.000000000000000000, 0.000000000000000000, -0.000000000000000000 ) ) ;
#3618 = ORIENTED_EDGE ( 'NONE', *, *, #5684, .T. ) ;
#3619 = EDGE_LOOP ( 'NONE', ( #4914, #4470, #146, #721 ) ) ;
#3620 = CARTESIAN_POINT ( 'NONE',  ( -184.9999999999995453, 215.0665089980102209, 42.00000000000000000 ) ) ;
#3621 = EDGE_CURVE ( 'NONE', #2134, #2667, #1910, .T. ) ;
#3622 = CARTESIAN_POINT ( 'NONE',  ( 340.0000000000000568, -8.000000000000000000, -8.000000000000000000 ) ) ;
#3623 = DIRECTION ( 'NONE',  ( -1.000000000000000000, -0.000000000000000000, -0.000000000000000000 ) ) ;
#3624 = CARTESIAN_POINT ( 'NONE',  ( -350.0000000000004547, 180.0665089980104199, 2.000000000000000000 ) ) ;
#3625 =( GEOMETRIC_REPRESENTATION_CONTEXT ( 3 ) GLOBAL_UNCERTAINTY_ASSIGNED_CONTEXT ( ( #430 ) ) GLOBAL_UNIT_ASSIGNED_CONTEXT ( ( #4680, #4202, #4109 ) ) REPRESENTATION_CONTEXT ( 'NONE', 'WORKASPACE' ) );
#3626 = ORIENTED_EDGE ( 'NONE', *, *, #5684, .F. ) ;
#3627 = ORIENTED_EDGE ( 'NONE', *, *, #5721, .T. ) ;
#3628 = EDGE_CURVE ( 'NONE', #1952, #3347, #506, .T. ) ;
#3629 = DIRECTION ( 'NONE',  ( 0.000000000000000000, 1.000000000000000000, 0.000000000000000000 ) ) ;
#3630 = DIRECTION ( 'NONE',  ( 0.000000000000000000, 0.000000000000000000, -1.000000000000000000 ) ) ;
#3631 = CARTESIAN_POINT ( 'NONE',  ( -350.0000000000005116, 430.0000000000000000, 42.00000000000000000 ) ) ;
#3632 = VECTOR ( 'NONE', #1966, 1000.000000000000000 ) ;
#3633 = ORIENTED_EDGE ( 'NONE', *, *, #3786, .F. ) ;
#3634 = DIRECTION ( 'NONE',  ( -0.000000000000000000, -0.000000000000000000, -1.000000000000000000 ) ) ;
#3635 = EDGE_CURVE ( 'NONE', #1659, #2966, #5256, .T. ) ;
#3636 = AXIS2_PLACEMENT_3D ( 'NONE', #947, #5573, #493 ) ;
#3637 = ORIENTED_EDGE ( 'NONE', *, *, #5472, .F. ) ;
#3638 = CARTESIAN_POINT ( 'NONE',  ( -210.0000000000005684, 289.9334910019900349, 2.000000000000000000 ) ) ;
#3639 = FACE_OUTER_BOUND ( 'NONE', #4535, .T. ) ;
#3640 = MECHANICAL_DESIGN_GEOMETRIC_PRESENTATION_REPRESENTATION (  '', ( #2975 ), #3441 ) ;
#3641 = PLANE ( 'NONE',  #3584 ) ;
#3642 = CARTESIAN_POINT ( 'NONE',  ( -355.0000000000006821, 165.0665089980103915, 42.00000000000000000 ) ) ;
#3643 = EDGE_CURVE ( 'NONE', #635, #5882, #2983, .T. ) ;
#3644 = DIRECTION ( 'NONE',  ( 1.000000000000000000, -1.110223024625155752E-14, 0.000000000000000000 ) ) ;
#3645 = EDGE_CURVE ( 'NONE', #2964, #4020, #3375, .T. ) ;
#3646 = VERTEX_POINT ( 'NONE', #3902 ) ;
#3647 = LINE ( 'NONE', #2753, #1609 ) ;
#3648 = APPLICATION_CONTEXT ( 'automotive_design' ) ;
#3649 = ORIENTED_EDGE ( 'NONE', *, *, #2133, .T. ) ;
#3650 = ORIENTED_EDGE ( 'NONE', *, *, #4439, .T. ) ;
#3651 = CARTESIAN_POINT ( 'NONE',  ( -184.9999999999995453, 354.9334910019899212, 2.000000000000000000 ) ) ;
#3652 = CARTESIAN_POINT ( 'NONE',  ( -355.0000000000005684, 434.9999999999999432, 42.00000000000000000 ) ) ;
#3653 = DIRECTION ( 'NONE',  ( 0.000000000000000000, -1.000000000000000000, 0.000000000000000000 ) ) ;
#3654 = ORIENTED_EDGE ( 'NONE', *, *, #2824, .T. ) ;
#3655 = ORIENTED_EDGE ( 'NONE', *, *, #566, .T. ) ;
#3656 = DIRECTION ( 'NONE',  ( -0.000000000000000000, -0.000000000000000000, -1.000000000000000000 ) ) ;
#3657 = CARTESIAN_POINT ( 'NONE',  ( -10.00000000000000000, 8.000000000000000000, -17.99999999999999645 ) ) ;
#3658 = LINE ( 'NONE', #5461, #2187 ) ;
#3659 = EDGE_CURVE ( 'NONE', #1315, #2703, #5735, .T. ) ;
#3660 = EDGE_LOOP ( 'NONE', ( #2513, #1527, #1005, #4688 ) ) ;
#3661 = DIRECTION ( 'NONE',  ( 1.000000000000000000, 1.850371707708599493E-15, 0.000000000000000000 ) ) ;
#3662 = PLANE ( 'NONE',  #4683 ) ;
#3663 = VERTEX_POINT ( 'NONE', #4774 ) ;
#3664 = PLANE ( 'NONE',  #2277 ) ;
#3665 = DIRECTION ( 'NONE',  ( 4.314083075427408311E-32, -2.775557561562891351E-16, 1.000000000000000000 ) ) ;
#3666 = CARTESIAN_POINT ( 'NONE',  ( -64.99999999999961631, 215.0665089980102493, 2.000000000000000000 ) ) ;
#3667 = ADVANCED_FACE ( 'NONE', ( #5195 ), #4320, .T. ) ;
#3668 = ADVANCED_FACE ( 'NONE', ( #710 ), #5224, .T. ) ;
#3669 = CARTESIAN_POINT ( 'NONE',  ( -335.0000000000005684, 434.9999999999999432, 2.000000000000000000 ) ) ;
#3670 = LINE ( 'NONE', #1016, #3260 ) ;
#3671 = VERTEX_POINT ( 'NONE', #1970 ) ;
#3672 = DIRECTION ( 'NONE',  ( 1.000000000000000000, -3.700743415417198986E-15, 0.000000000000000000 ) ) ;
#3673 = ADVANCED_BREP_SHAPE_REPRESENTATION ( '', ( #4693, #4192 ), #3625 ) ;
#3674 = EDGE_CURVE ( 'NONE', #5020, #2887, #2526, .T. ) ;
#3675 = ADVANCED_FACE ( 'NONE', ( #1524 ), #3342, .F. ) ;
#3676 = VERTEX_POINT ( 'NONE', #5284 ) ;
#3677 = ORIENTED_EDGE ( 'NONE', *, *, #2541, .F. ) ;
#3678 = LINE ( 'NONE', #5505, #3319 ) ;
#3679 = DIRECTION ( 'NONE',  ( 1.000000000000000000, -4.163336342344356748E-15, 0.000000000000000000 ) ) ;
#3680 = CARTESIAN_POINT ( 'NONE',  ( -189.9999999999994884, 210.0665089980103062, 42.00000000000000000 ) ) ;
#3681 = ORIENTED_EDGE ( 'NONE', *, *, #2099, .T. ) ;
#3682 = ORIENTED_EDGE ( 'NONE', *, *, #23, .F. ) ;
#3683 = PLANE ( 'NONE',  #684 ) ;
#3684 = DIRECTION ( 'NONE',  ( 1.000000000000000000, -1.110223024625155594E-14, 0.000000000000000000 ) ) ;
#3685 = DIRECTION ( 'NONE',  ( 1.000000000000000000, 1.480297366166868866E-14, -0.000000000000000000 ) ) ;
#3686 = ORIENTED_EDGE ( 'NONE', *, *, #5771, .T. ) ;
#3687 = VERTEX_POINT ( 'NONE', #5163 ) ;
#3688 = CARTESIAN_POINT ( 'NONE',  ( 0.000000000000000000, 0.000000000000000000, 0.000000000000000000 ) ) ;
#3689 = CARTESIAN_POINT ( 'NONE',  ( -64.99999999999961631, 304.9334910019899780, 2.000000000000000000 ) ) ;
#3690 = VERTEX_POINT ( 'NONE', #1075 ) ;
#3691 = LINE ( 'NONE', #441, #1326 ) ;
#3692 = CARTESIAN_POINT ( 'NONE',  ( -365.0000000000001705, 445.0000000000001137, 0.000000000000000000 ) ) ;
#3693 = EDGE_CURVE ( 'NONE', #5642, #1899, #4682, .T. ) ;
#3694 = DIRECTION ( 'NONE',  ( -1.000000000000000000, 1.850371707708599493E-15, 0.000000000000000000 ) ) ;
#3695 = VECTOR ( 'NONE', #522, 1000.000000000000000 ) ;
#3696 = AXIS2_PLACEMENT_3D ( 'NONE', #4523, #5190, #3370 ) ;
#3697 = CARTESIAN_POINT ( 'NONE',  ( -350.0000000000006821, 354.9334910019899212, 42.00000000000000000 ) ) ;
#3698 = AXIS2_PLACEMENT_3D ( 'NONE', #2600, #4417, #333 ) ;
#3699 = VECTOR ( 'NONE', #5655, 1000.000000000000000 ) ;
#3700 = DIRECTION ( 'NONE',  ( 1.480297366166868866E-14, 1.000000000000000000, 0.000000000000000000 ) ) ;
#3701 = ORIENTED_EDGE ( 'NONE', *, *, #4516, .T. ) ;
#3702 = CARTESIAN_POINT ( 'NONE',  ( -215.0000000000007958, 180.0665089980104199, 42.00000000000000000 ) ) ;
#3703 = EDGE_CURVE ( 'NONE', #3996, #3965, #153, .T. ) ;
#3704 = VECTOR ( 'NONE', #4893, 1000.000000000000000 ) ;
#3705 = AXIS2_PLACEMENT_3D ( 'NONE', #5829, #3103, #1734 ) ;
#3706 = ORIENTED_EDGE ( 'NONE', *, *, #962, .F. ) ;
#3707 = VERTEX_POINT ( 'NONE', #2442 ) ;
#3708 = DIRECTION ( 'NONE',  ( 0.000000000000000000, -1.000000000000000000, 0.000000000000000000 ) ) ;
#3709 = EDGE_CURVE ( 'NONE', #2673, #1594, #5648, .T. ) ;
#3710 = CARTESIAN_POINT ( 'NONE',  ( -335.0000000000005116, 85.00000000000004263, 42.00000000000000000 ) ) ;
#3711 = EDGE_CURVE ( 'NONE', #3363, #2152, #2954, .T. ) ;
#3712 = CARTESIAN_POINT ( 'NONE',  ( 340.0000000000000568, -8.000000000000000000, 8.000000000000000000 ) ) ;
#3713 = UNCERTAINTY_MEASURE_WITH_UNIT (LENGTH_MEASURE( 1.000000000000000082E-05 ), #5704, 'distance_accuracy_value', 'NONE');
#3714 = ORIENTED_EDGE ( 'NONE', *, *, #5872, .T. ) ;
#3715 = VERTEX_POINT ( 'NONE', #182 ) ;
#3716 = FACE_OUTER_BOUND ( 'NONE', #611, .T. ) ;
#3717 = EDGE_CURVE ( 'NONE', #2718, #3799, #1103, .T. ) ;
#3718 = DIRECTION ( 'NONE',  ( 0.000000000000000000, 0.000000000000000000, 1.000000000000000000 ) ) ;
#3719 = DIRECTION ( 'NONE',  ( -1.000000000000000000, -1.110223024625155594E-14, 0.000000000000000000 ) ) ;
#3720 = ORIENTED_EDGE ( 'NONE', *, *, #5174, .F. ) ;
#3721 = ORIENTED_EDGE ( 'NONE', *, *, #4334, .F. ) ;
#3722 = FACE_BOUND ( 'NONE', #3594, .T. ) ;
#3723 = DIRECTION ( 'NONE',  ( 1.000000000000000000, 0.000000000000000000, 0.000000000000000000 ) ) ;
#3724 = VERTEX_POINT ( 'NONE', #649 ) ;
#3725 = CARTESIAN_POINT ( 'NONE',  ( -210.0000000000006537, 210.0665089980103346, 2.000000000000000000 ) ) ;
#3726 = DIRECTION ( 'NONE',  ( 4.314083075427408311E-32, -2.775557561562891351E-16, 1.000000000000000000 ) ) ;
#3727 = CARTESIAN_POINT ( 'NONE',  ( -189.9999999999995453, 105.0000000000000426, 42.00000000000000000 ) ) ;
#3728 = AXIS2_PLACEMENT_3D ( 'NONE', #4379, #5282, #2980 ) ;
#3729 = FACE_OUTER_BOUND ( 'NONE', #536, .T. ) ;
#3730 = VECTOR ( 'NONE', #5815, 1000.000000000000000 ) ;
#3731 = CARTESIAN_POINT ( 'NONE',  ( -169.9999999999996021, 334.9334910019898643, 42.00000000000000000 ) ) ;
#3732 = CARTESIAN_POINT ( 'NONE',  ( -169.9999999999996021, 185.0665089980103915, 2.000000000000000000 ) ) ;
#3733 = EDGE_LOOP ( 'NONE', ( #1618, #4753, #5448, #4870 ) ) ;
#3734 = CARTESIAN_POINT ( 'NONE',  ( -210.0000000000006253, 415.0000000000000568, 42.00000000000000000 ) ) ;
#3735 = CARTESIAN_POINT ( 'NONE',  ( -230.0000000000005400, 210.0665089980102493, 2.000000000000000000 ) ) ;
#3736 = VECTOR ( 'NONE', #3998, 1000.000000000000000 ) ;
#3737 = ADVANCED_FACE ( 'NONE', ( #3433 ), #2477, .T. ) ;
#3738 = ORIENTED_EDGE ( 'NONE', *, *, #1015, .T. ) ;
#3739 = ORIENTED_EDGE ( 'NONE', *, *, #2572, .F. ) ;
#3740 = CARTESIAN_POINT ( 'NONE',  ( -10.00000000000000000, -10.00000000000000000, -10.00000000000000000 ) ) ;
#3741 = LINE ( 'NONE', #608, #3964 ) ;
#3742 = PLANE ( 'NONE',  #1990 ) ;
#3743 = ORIENTED_EDGE ( 'NONE', *, *, #3989, .T. ) ;
#3744 = ORIENTED_EDGE ( 'NONE', *, *, #3281, .T. ) ;
#3745 = LINE ( 'NONE', #2256, #781 ) ;
#3746 = CARTESIAN_POINT ( 'NONE',  ( -189.9999999999995453, 354.9334910019898643, 42.00000000000000000 ) ) ;
#3747 = LINE ( 'NONE', #1961, #2276 ) ;
#3748 = EDGE_CURVE ( 'NONE', #1352, #2752, #683, .T. ) ;
#3749 = EDGE_CURVE ( 'NONE', #3027, #5837, #3871, .T. ) ;
#3750 = VERTEX_POINT ( 'NONE', #3518 ) ;
#3751 = ORIENTED_EDGE ( 'NONE', *, *, #4296, .F. ) ;
#3752 = DIRECTION ( 'NONE',  ( -0.000000000000000000, 0.000000000000000000, -1.000000000000000000 ) ) ;
#3753 = CARTESIAN_POINT ( 'NONE',  ( -215.0000000000007958, 304.9334910019900349, 2.000000000000000000 ) ) ;
#3754 = ORIENTED_EDGE ( 'NONE', *, *, #1767, .F. ) ;
#3755 = CARTESIAN_POINT ( 'NONE',  ( -49.99999999999960210, 430.0000000000000000, 42.00000000000000000 ) ) ;
#3756 =( LENGTH_UNIT ( ) NAMED_UNIT ( * ) SI_UNIT ( .MILLI., .METRE. ) );
#3757 = CARTESIAN_POINT ( 'NONE',  ( -210.0000000000005684, 230.0665089980102209, 2.000000000000000000 ) ) ;
#3758 = FILL_AREA_STYLE ('',( #3787 ) ) ;
#3759 = CARTESIAN_POINT ( 'NONE',  ( -210.0000000000006253, 415.0000000000000568, 42.00000000000000000 ) ) ;
#3760 = ORIENTED_EDGE ( 'NONE', *, *, #3009, .F. ) ;
#3761 = CARTESIAN_POINT ( 'NONE',  ( -184.9999999999994884, 415.0000000000000000, 2.000000000000000000 ) ) ;
#3762 = CARTESIAN_POINT ( 'NONE',  ( -210.0000000000005684, 289.9334910019900349, 42.00000000000000000 ) ) ;
#3763 = APPLICATION_CONTEXT ( 'automotive_design' ) ;
#3764 = EDGE_LOOP ( 'NONE', ( #5807, #369, #3090, #1450 ) ) ;
#3765 = ORIENTED_EDGE ( 'NONE', *, *, #1297, .F. ) ;
#3766 = CARTESIAN_POINT ( 'NONE',  ( -64.99999999999961631, 180.0665089980103915, 42.00000000000000000 ) ) ;
#3767 = DIRECTION ( 'NONE',  ( 0.000000000000000000, 1.000000000000000000, 0.000000000000000000 ) ) ;
#3768 = FACE_OUTER_BOUND ( 'NONE', #1199, .T. ) ;
#3769 = EDGE_CURVE ( 'NONE', #5104, #3576, #738, .T. ) ;
#3770 = EDGE_LOOP ( 'NONE', ( #1050, #4696, #4055, #5666 ) ) ;
#3771 = EDGE_LOOP ( 'NONE', ( #5389, #4816, #4736, #2614 ) ) ;
#3772 = CARTESIAN_POINT ( 'NONE',  ( -215.0000000000007958, 304.9334910019900349, 42.00000000000000000 ) ) ;
#3773 = FACE_OUTER_BOUND ( 'NONE', #525, .T. ) ;
#3774 = EDGE_CURVE ( 'NONE', #719, #1546, #1694, .T. ) ;
#3775 = CARTESIAN_POINT ( 'NONE',  ( -230.0000000000005400, 309.9334910019899780, 42.00000000000000000 ) ) ;
#3776 = CLOSED_SHELL ( 'NONE', ( #1081, #4691, #867, #3198, #1715, #239, #2613, #632, #3498, #326 ) ) ;
#3777 = ORIENTED_EDGE ( 'NONE', *, *, #3769, .T. ) ;
#3778 = VERTEX_POINT ( 'NONE', #5343 ) ;
#3779 = CARTESIAN_POINT ( 'NONE',  ( -64.99999999999955946, 434.9999999999999432, 2.000000000000000000 ) ) ;
#3780 = LINE ( 'NONE', #1370, #5649 ) ;
#3781 = ORIENTED_EDGE ( 'NONE', *, *, #2872, .T. ) ;
#3782 = CARTESIAN_POINT ( 'NONE',  ( -335.0000000000007390, 185.0665089980103915, 42.00000000000000000 ) ) ;
#3783 =( NAMED_UNIT ( * ) PLANE_ANGLE_UNIT ( ) SI_UNIT ( $, .RADIAN. ) );
#3784 = ADVANCED_FACE ( 'NONE', ( #4381 ), #2591, .T. ) ;
#3785 = CARTESIAN_POINT ( 'NONE',  ( -49.99999999999965894, 339.9334910019898075, 42.00000000000000000 ) ) ;
#3786 = EDGE_CURVE ( 'NONE', #4791, #3778, #1304, .T. ) ;
#3787 = FILL_AREA_STYLE_COLOUR ( '', #5604 ) ;
#3788 = CARTESIAN_POINT ( 'NONE',  ( -355.0000000000005684, 434.9999999999999432, 2.000000000000000000 ) ) ;
#3789 = ORIENTED_EDGE ( 'NONE', *, *, #519, .T. ) ;
#3790 = CARTESIAN_POINT ( 'NONE',  ( -215.0000000000005684, 90.00000000000002842, 42.00000000000000000 ) ) ;
#3791 = AXIS2_PLACEMENT_3D ( 'NONE', #1811, #3630, #2734 ) ;
#3792 = PLANE ( 'NONE',  #3450 ) ;
#3793 = VECTOR ( 'NONE', #3290, 1000.000000000000000 ) ;
#3794 = ADVANCED_FACE ( 'NONE', ( #4827 ), #3124, .F. ) ;
#3795 = VECTOR ( 'NONE', #2326, 1000.000000000000000 ) ;
#3796 = AXIS2_PLACEMENT_3D ( 'NONE', #3912, #722, #4305 ) ;
#3797 = VERTEX_POINT ( 'NONE', #5823 ) ;
#3798 = DIRECTION ( 'NONE',  ( -1.000000000000000000, 0.000000000000000000, 0.000000000000000000 ) ) ;
#3799 = VERTEX_POINT ( 'NONE', #3955 ) ;
#3800 = DIRECTION ( 'NONE',  ( -0.000000000000000000, -0.000000000000000000, -1.000000000000000000 ) ) ;
#3801 = FACE_OUTER_BOUND ( 'NONE', #453, .T. ) ;
#3802 = AXIS2_PLACEMENT_3D ( 'NONE', #2611, #5782, #2638 ) ;
#3803 = VECTOR ( 'NONE', #2351, 1000.000000000000000 ) ;
#3804 = ORIENTED_EDGE ( 'NONE', *, *, #292, .T. ) ;
#3805 = AXIS2_PLACEMENT_3D ( 'NONE', #1994, #2911, #5154 ) ;
#3806 = EDGE_LOOP ( 'NONE', ( #3232, #5177, #3992, #3972 ) ) ;
#3807 = CARTESIAN_POINT ( 'NONE',  ( -350.0000000000004547, 90.00000000000002842, 42.00000000000000000 ) ) ;
#3808 = DIRECTION ( 'NONE',  ( 1.000000000000000000, 1.110223024625155752E-14, 0.000000000000000000 ) ) ;
#3809 = CARTESIAN_POINT ( 'NONE',  ( -335.0000000000005684, 429.9999999999999432, 42.00000000000000000 ) ) ;
#3810 = ORIENTED_EDGE ( 'NONE', *, *, #1631, .F. ) ;
#3811 = EDGE_CURVE ( 'NONE', #4250, #2429, #2233, .T. ) ;
#3812 = EDGE_LOOP ( 'NONE', ( #4694, #3451, #4273, #1028, #5221, #1963 ) ) ;
#3813 = DIRECTION ( 'NONE',  ( -0.000000000000000000, -0.000000000000000000, -1.000000000000000000 ) ) ;
#3814 = DIRECTION ( 'NONE',  ( -1.000000000000000000, 0.000000000000000000, 0.000000000000000000 ) ) ;
#3815 = CARTESIAN_POINT ( 'NONE',  ( -44.99999999999953815, 434.9999999999999432, -2.000000000000000000 ) ) ;
#3816 = DIRECTION ( 'NONE',  ( -0.000000000000000000, -0.000000000000000000, -1.000000000000000000 ) ) ;
#3817 = PRODUCT_CONTEXT ( 'NONE', #4565, 'mechanical' ) ;
#3818 = CARTESIAN_POINT ( 'NONE',  ( -189.9999999999994884, 185.0665089980103346, 42.00000000000000000 ) ) ;
#3819 = EDGE_CURVE ( 'NONE', #2423, #1587, #4016, .T. ) ;
#3820 = LINE ( 'NONE', #5680, #1266 ) ;
#3821 = VECTOR ( 'NONE', #4519, 1000.000000000000000 ) ;
#3822 = VERTEX_POINT ( 'NONE', #802 ) ;
#3823 = CARTESIAN_POINT ( 'NONE',  ( -230.0000000000005400, 215.0665089980102493, 2.000000000000000000 ) ) ;
#3824 = DIRECTION ( 'NONE',  ( -1.000000000000000000, 0.000000000000000000, -0.000000000000000000 ) ) ;
#3825 = VECTOR ( 'NONE', #727, 1000.000000000000000 ) ;
#3826 = EDGE_CURVE ( 'NONE', #5667, #3837, #2618, .T. ) ;
#3827 = EDGE_CURVE ( 'NONE', #3059, #2861, #4917, .T. ) ;
#3828 = ORIENTED_EDGE ( 'NONE', *, *, #347, .F. ) ;
#3829 = FACE_OUTER_BOUND ( 'NONE', #4796, .T. ) ;
#3830 = ORIENTED_EDGE ( 'NONE', *, *, #3930, .F. ) ;
#3831 = FACE_OUTER_BOUND ( 'NONE', #503, .T. ) ;
#3832 = DIRECTION ( 'NONE',  ( 1.000000000000000000, 0.000000000000000000, -0.000000000000000000 ) ) ;
#3833 = COLOUR_RGB ( '',0.7921568627450980005, 0.8196078431372548767, 0.9333333333333333481 ) ;
#3834 = UNCERTAINTY_MEASURE_WITH_UNIT (LENGTH_MEASURE( 1.000000000000000082E-05 ), #4804, 'distance_accuracy_value', 'NONE');
#3835 = VECTOR ( 'NONE', #64, 1000.000000000000000 ) ;
#3836 = VERTEX_POINT ( 'NONE', #4493 ) ;
#3837 = VERTEX_POINT ( 'NONE', #2175 ) ;
#3838 = LINE ( 'NONE', #5668, #2306 ) ;
#3839 = PLANE ( 'NONE',  #3805 ) ;
#3840 = DIRECTION ( 'NONE',  ( -1.480297366166868866E-14, 1.000000000000000000, 0.000000000000000000 ) ) ;
#3841 = ORIENTED_EDGE ( 'NONE', *, *, #5024, .T. ) ;
#3842 = EDGE_LOOP ( 'NONE', ( #5383, #2430, #1819, #2141 ) ) ;
#3843 = CARTESIAN_POINT ( 'NONE',  ( -184.9999999999995453, 339.9334910019898075, 42.00000000000000000 ) ) ;
#3844 = CARTESIAN_POINT ( 'NONE',  ( -350.0000000000004547, 90.00000000000002842, 2.000000000000000000 ) ) ;
#3845 = ORIENTED_EDGE ( 'NONE', *, *, #3353, .T. ) ;
#3846 = PLANE ( 'NONE',  #3424 ) ;
#3847 = DIRECTION ( 'NONE',  ( -1.850371707708599493E-15, 1.000000000000000000, 0.000000000000000000 ) ) ;
#3848 = EDGE_CURVE ( 'NONE', #4982, #4875, #380, .T. ) ;
#3849 = DIRECTION ( 'NONE',  ( 1.000000000000000000, -3.700743415417254206E-15, 0.000000000000000000 ) ) ;
#3850 = ORIENTED_EDGE ( 'NONE', *, *, #4221, .T. ) ;
#3851 = FACE_OUTER_BOUND ( 'NONE', #161, .T. ) ;
#3852 = CARTESIAN_POINT ( 'NONE',  ( -350.0000000000004547, 180.0665089980104199, 42.00000000000000000 ) ) ;
#3853 = EDGE_CURVE ( 'NONE', #4625, #5846, #5877, .T. ) ;
#3854 = ORIENTED_EDGE ( 'NONE', *, *, #4540, .F. ) ;
#3855 = CARTESIAN_POINT ( 'NONE',  ( -355.0000000000005116, 415.0000000000000000, 42.00000000000000000 ) ) ;
#3856 = ORIENTED_EDGE ( 'NONE', *, *, #1736, .F. ) ;
#3857 = FACE_OUTER_BOUND ( 'NONE', #4965, .T. ) ;
#3858 = EDGE_CURVE ( 'NONE', #5169, #5820, #1727, .T. ) ;
#3859 = EDGE_CURVE ( 'NONE', #4430, #4065, #5853, .T. ) ;
#3860 = VERTEX_POINT ( 'NONE', #2646 ) ;
#3861 = ORIENTED_EDGE ( 'NONE', *, *, #5440, .F. ) ;
#3862 = CARTESIAN_POINT ( 'NONE',  ( -44.99999999999965183, 354.9334910019898643, 42.00000000000000000 ) ) ;
#3863 = CARTESIAN_POINT ( 'NONE',  ( -169.9999999999996021, 185.0665089980103915, 42.00000000000000000 ) ) ;
#3864 = LINE ( 'NONE', #614, #554 ) ;
#3865 = ORIENTED_EDGE ( 'NONE', *, *, #4733, .T. ) ;
#3866 = ORIENTED_EDGE ( 'NONE', *, *, #192, .F. ) ;
#3867 = DIRECTION ( 'NONE',  ( 2.775557561562900423E-15, -1.000000000000000000, 0.000000000000000000 ) ) ;
#3868 = PLANE ( 'NONE',  #2113 ) ;
#3869 = LINE ( 'NONE', #151, #3612 ) ;
#3870 = PRODUCT_CONTEXT ( 'NONE', #5792, 'mechanical' ) ;
#3871 = LINE ( 'NONE', #1607, #1996 ) ;
#3872 = DIRECTION ( 'NONE',  ( -1.110223024625155752E-14, -1.000000000000000000, 0.000000000000000000 ) ) ;
#3873 = EDGE_CURVE ( 'NONE', #1808, #271, #4861, .T. ) ;
#3874 = PRESENTATION_STYLE_ASSIGNMENT (( #3377 ) ) ;
#3875 = ORIENTED_EDGE ( 'NONE', *, *, #3310, .F. ) ;
#3876 = LINE ( 'NONE', #5706, #84 ) ;
#3877 = CARTESIAN_POINT ( 'NONE',  ( -189.9999999999994884, 415.0000000000000568, 2.000000000000000000 ) ) ;
#3878 = CARTESIAN_POINT ( 'NONE',  ( -10.00000000000000000, 8.000000000000001776, -8.000000000000000000 ) ) ;
#3879 = ORIENTED_EDGE ( 'NONE', *, *, #3261, .T. ) ;
#3880 = FACE_OUTER_BOUND ( 'NONE', #1232, .T. ) ;
#3881 = VECTOR ( 'NONE', #1377, 1000.000000000000000 ) ;
#3882 = EDGE_CURVE ( 'NONE', #3996, #1277, #3573, .T. ) ;
#3883 = ORIENTED_EDGE ( 'NONE', *, *, #1349, .F. ) ;
#3884 = DIRECTION ( 'NONE',  ( 0.000000000000000000, 1.000000000000000000, 0.000000000000000000 ) ) ;
#3885 = VECTOR ( 'NONE', #4258, 1000.000000000000000 ) ;
#3886 = VECTOR ( 'NONE', #878, 1000.000000000000000 ) ;
#3887 = VERTEX_POINT ( 'NONE', #3008 ) ;
#3888 = EDGE_CURVE ( 'NONE', #436, #85, #5762, .T. ) ;
#3889 = EDGE_LOOP ( 'NONE', ( #5511, #2959, #1650, #1021 ) ) ;
#3890 = VECTOR ( 'NONE', #5213, 1000.000000000000000 ) ;
#3891 = AXIS2_PLACEMENT_3D ( 'NONE', #2453, #2017, #2514 ) ;
#3892 = CARTESIAN_POINT ( 'NONE',  ( -215.0000000000005684, 230.0665089980102778, 42.00000000000000000 ) ) ;
#3893 = CARTESIAN_POINT ( 'NONE',  ( -350.0000000000004547, 339.9334910019898075, 42.00000000000000000 ) ) ;
#3894 = DIRECTION ( 'NONE',  ( 0.000000000000000000, 1.000000000000000000, 0.000000000000000000 ) ) ;
#3895 = VECTOR ( 'NONE', #922, 1000.000000000000000 ) ;
#3896 = ORIENTED_EDGE ( 'NONE', *, *, #1116, .T. ) ;
#3897 = EDGE_CURVE ( 'NONE', #4768, #4241, #1216, .T. ) ;
#3898 = ORIENTED_EDGE ( 'NONE', *, *, #788, .T. ) ;
#3899 = CARTESIAN_POINT ( 'NONE',  ( -49.99999999999960210, 430.0000000000000000, 2.000000000000000000 ) ) ;
#3900 = CARTESIAN_POINT ( 'NONE',  ( -184.9999999999995453, 215.0665089980102209, 42.00000000000000000 ) ) ;
#3901 = CARTESIAN_POINT ( 'NONE',  ( -184.9999999999995453, 230.0665089980102778, 2.000000000000000000 ) ) ;
#3902 = CARTESIAN_POINT ( 'NONE',  ( -210.0000000000006537, 309.9334910019899212, 42.00000000000000000 ) ) ;
#3903 = CARTESIAN_POINT ( 'NONE',  ( -189.9999999999995453, 165.0665089980103915, 42.00000000000000000 ) ) ;
#3904 = CARTESIAN_POINT ( 'NONE',  ( -49.99999999999965894, 289.9334910019899780, 42.00000000000000000 ) ) ;
#3905 = EDGE_LOOP ( 'NONE', ( #4255, #4213, #5565, #1221, #1072, #2345, #5722, #1958, #3096, #5705, #1998, #4615, #5339, #627, #799, #1923, #2376, #847, #2597, #5524, #1379, #4148, #1362, #2829 ) ) ;
#3906 = DIRECTION ( 'NONE',  ( -1.000000000000000000, 1.110223024625155594E-14, 0.000000000000000000 ) ) ;
#3907 = DIRECTION ( 'NONE',  ( -0.000000000000000000, -0.000000000000000000, -1.000000000000000000 ) ) ;
#3908 = CARTESIAN_POINT ( 'NONE',  ( -350.0000000000004547, 304.9334910019900349, 42.00000000000000000 ) ) ;
#3909 = ORIENTED_EDGE ( 'NONE', *, *, #3995, .T. ) ;
#3910 = CARTESIAN_POINT ( 'NONE',  ( -355.0000000000005684, 85.00000000000005684, -2.000000000000000000 ) ) ;
#3911 = ORIENTED_EDGE ( 'NONE', *, *, #4221, .F. ) ;
#3912 = CARTESIAN_POINT ( 'NONE',  ( -215.0000000000007958, 180.0665089980104199, 42.00000000000000000 ) ) ;
#3913 = VECTOR ( 'NONE', #3723, 1000.000000000000000 ) ;
#3914 = ADVANCED_FACE ( 'NONE', ( #553 ), #467, .T. ) ;
#3915 = EDGE_LOOP ( 'NONE', ( #1295, #1183, #2913, #2531 ) ) ;
#3916 = VECTOR ( 'NONE', #791, 1000.000000000000000 ) ;
#3917 = VERTEX_POINT ( 'NONE', #5062 ) ;
#3918 = PLANE ( 'NONE',  #1354 ) ;
#3919 = DIRECTION ( 'NONE',  ( 0.000000000000000000, 1.000000000000000000, 0.000000000000000000 ) ) ;
#3920 = LINE ( 'NONE', #3511, #2754 ) ;
#3921 = ADVANCED_FACE ( 'NONE', ( #4977 ), #916, .F. ) ;
#3922 = VECTOR ( 'NONE', #2192, 1000.000000000000000 ) ;
#3923 = EDGE_LOOP ( 'NONE', ( #2992, #2704, #4855, #5124 ) ) ;
#3924 = ORIENTED_EDGE ( 'NONE', *, *, #1092, .F. ) ;
#3925 = FACE_OUTER_BOUND ( 'NONE', #4608, .T. ) ;
#3926 = DIRECTION ( 'NONE',  ( 1.000000000000000000, 1.850371707708599493E-15, 0.000000000000000000 ) ) ;
#3927 = CARTESIAN_POINT ( 'NONE',  ( -215.0000000000007958, 180.0665089980104199, 42.00000000000000000 ) ) ;
#3928 =( NAMED_UNIT ( * ) SI_UNIT ( $, .STERADIAN. ) SOLID_ANGLE_UNIT ( ) );
#3929 = DIRECTION ( 'NONE',  ( 0.000000000000000000, 1.000000000000000000, 0.000000000000000000 ) ) ;
#3930 = EDGE_CURVE ( 'NONE', #5357, #5462, #4521, .T. ) ;
#3931 = ADVANCED_FACE ( 'NONE', ( #3155 ), #1453, .F. ) ;
#3932 = LINE ( 'NONE', #1307, #5323 ) ;
#3933 =( NAMED_UNIT ( * ) SI_UNIT ( $, .STERADIAN. ) SOLID_ANGLE_UNIT ( ) );
#3934 = ORIENTED_EDGE ( 'NONE', *, *, #4287, .F. ) ;
#3935 = DIRECTION ( 'NONE',  ( 1.110223024625155752E-14, 1.000000000000000000, -0.000000000000000000 ) ) ;
#3936 = LINE ( 'NONE', #2533, #2389 ) ;
#3937 = CARTESIAN_POINT ( 'NONE',  ( -355.0000000000006821, 230.0665089980102209, 42.00000000000000000 ) ) ;
#3938 = ORIENTED_EDGE ( 'NONE', *, *, #4029, .T. ) ;
#3939 = PLANE ( 'NONE',  #3308 ) ;
#3940 = ORIENTED_EDGE ( 'NONE', *, *, #1962, .F. ) ;
#3941 = CARTESIAN_POINT ( 'NONE',  ( -210.0000000000005684, 105.0000000000000426, 42.00000000000000000 ) ) ;
#3942 = ORIENTED_EDGE ( 'NONE', *, *, #5784, .T. ) ;
#3943 = VERTEX_POINT ( 'NONE', #2822 ) ;
#3944 = EDGE_CURVE ( 'NONE', #2437, #4999, #5487, .T. ) ;
#3945 = CARTESIAN_POINT ( 'NONE',  ( -350.0000000000004547, 180.0665089980104199, 42.00000000000000000 ) ) ;
#3946 = VERTEX_POINT ( 'NONE', #4613 ) ;
#3947 = CARTESIAN_POINT ( 'NONE',  ( -215.0000000000007958, 304.9334910019900349, 42.00000000000000000 ) ) ;
#3948 = CARTESIAN_POINT ( 'NONE',  ( -335.0000000000007390, 309.9334910019899780, 2.000000000000000000 ) ) ;
#3949 = ORIENTED_EDGE ( 'NONE', *, *, #2565, .F. ) ;
#3950 = ORIENTED_EDGE ( 'NONE', *, *, #2075, .T. ) ;
#3951 = PLANE ( 'NONE',  #3603 ) ;
#3952 = EDGE_CURVE ( 'NONE', #3427, #4405, #1392, .T. ) ;
#3953 = CARTESIAN_POINT ( 'NONE',  ( -49.99999999999965894, 304.9334910019900349, 42.00000000000000000 ) ) ;
#3954 = DIRECTION ( 'NONE',  ( 0.000000000000000000, -1.084202172485504434E-16, 1.000000000000000000 ) ) ;
#3955 = CARTESIAN_POINT ( 'NONE',  ( -44.99999999999953815, 334.9334910019898643, 2.000000000000000000 ) ) ;
#3956 = FACE_OUTER_BOUND ( 'NONE', #4787, .T. ) ;
#3957 = ADVANCED_FACE ( 'NONE', ( #5090 ), #1870, .T. ) ;
#3958 = CARTESIAN_POINT ( 'NONE',  ( -169.9999999999996021, 210.0665089980102493, 42.00000000000000000 ) ) ;
#3959 = EDGE_CURVE ( 'NONE', #3943, #1274, #2379, .T. ) ;
#3960 = VERTEX_POINT ( 'NONE', #1425 ) ;
#3961 = FACE_OUTER_BOUND ( 'NONE', #4176, .T. ) ;
#3962 = DIRECTION ( 'NONE',  ( -0.000000000000000000, -0.000000000000000000, -1.000000000000000000 ) ) ;
#3963 = LINE ( 'NONE', #531, #2081 ) ;
#3964 = VECTOR ( 'NONE', #4698, 1000.000000000000000 ) ;
#3965 = VERTEX_POINT ( 'NONE', #496 ) ;
#3966 = CARTESIAN_POINT ( 'NONE',  ( -210.0000000000006537, 334.9334910019899212, 42.00000000000000000 ) ) ;
#3967 = CARTESIAN_POINT ( 'NONE',  ( -44.99999999999959499, 185.0665089980103915, 42.00000000000000000 ) ) ;
#3968 = EDGE_CURVE ( 'NONE', #3027, #5150, #2258, .T. ) ;
#3969 = EDGE_LOOP ( 'NONE', ( #2737, #3570, #5249, #4420 ) ) ;
#3970 = DIRECTION ( 'NONE',  ( -1.000000000000000000, -2.775557561562904367E-15, 0.000000000000000000 ) ) ;
#3971 = AXIS2_PLACEMENT_3D ( 'NONE', #3500, #3082, #1763 ) ;
#3972 = ORIENTED_EDGE ( 'NONE', *, *, #1236, .T. ) ;
#3973 = ORIENTED_EDGE ( 'NONE', *, *, #4651, .T. ) ;
#3974 = CARTESIAN_POINT ( 'NONE',  ( -350.0000000000004547, 180.0665089980104199, 42.00000000000000000 ) ) ;
#3975 = ORIENTED_EDGE ( 'NONE', *, *, #1088, .T. ) ;
#3976 = CARTESIAN_POINT ( 'NONE',  ( 0.000000000000000000, 0.000000000000000000, 42.00000000000000000 ) ) ;
#3977 = VECTOR ( 'NONE', #1065, 1000.000000000000000 ) ;
#3978 = VECTOR ( 'NONE', #2771, 1000.000000000000000 ) ;
#3979 = LINE ( 'NONE', #2582, #941 ) ;
#3980 = VECTOR ( 'NONE', #276, 1000.000000000000000 ) ;
#3981 = ORIENTED_EDGE ( 'NONE', *, *, #4035, .F. ) ;
#3982 = VECTOR ( 'NONE', #5021, 1000.000000000000000 ) ;
#3983 = VERTEX_POINT ( 'NONE', #4071 ) ;
#3984 = LINE ( 'NONE', #2705, #3821 ) ;
#3985 = LINE ( 'NONE', #3098, #1997 ) ;
#3986 = DIRECTION ( 'NONE',  ( -1.000000000000000000, -1.110223024625155594E-14, 0.000000000000000000 ) ) ;
#3987 = AXIS2_PLACEMENT_3D ( 'NONE', #435, #1004, #4585 ) ;
#3988 = VECTOR ( 'NONE', #1693, 1000.000000000000000 ) ;
#3989 = EDGE_CURVE ( 'NONE', #3179, #765, #5432, .T. ) ;
#3990 = CARTESIAN_POINT ( 'NONE',  ( -350.0000000000006821, 165.0665089980103346, 42.00000000000000000 ) ) ;
#3991 =( NAMED_UNIT ( * ) SI_UNIT ( $, .STERADIAN. ) SOLID_ANGLE_UNIT ( ) );
#3992 = ORIENTED_EDGE ( 'NONE', *, *, #3261, .F. ) ;
#3993 = CARTESIAN_POINT ( 'NONE',  ( -355.0000000000006821, 289.9334910019900349, 42.00000000000000000 ) ) ;
#3994 = LINE ( 'NONE', #5770, #4648 ) ;
#3995 = EDGE_CURVE ( 'NONE', #3299, #3407, #1813, .T. ) ;
#3996 = VERTEX_POINT ( 'NONE', #4194 ) ;
#3997 = CARTESIAN_POINT ( 'NONE',  ( -355.0000000000006253, 334.9334910019899212, 2.000000000000000000 ) ) ;
#3998 = DIRECTION ( 'NONE',  ( 1.000000000000000000, 1.110223024625155594E-14, 0.000000000000000000 ) ) ;
#3999 = ORIENTED_EDGE ( 'NONE', *, *, #5098, .F. ) ;
#4000 = CARTESIAN_POINT ( 'NONE',  ( -64.99999999999961631, 85.00000000000004263, 42.00000000000000000 ) ) ;
#4001 = EDGE_CURVE ( 'NONE', #2515, #1832, #117, .T. ) ;
#4002 = EDGE_CURVE ( 'NONE', #5169, #4350, #4159, .T. ) ;
#4003 = VECTOR ( 'NONE', #3609, 1000.000000000000000 ) ;
#4004 = ORIENTED_EDGE ( 'NONE', *, *, #3023, .F. ) ;
#4005 = ORIENTED_EDGE ( 'NONE', *, *, #2794, .F. ) ;
#4006 = CARTESIAN_POINT ( 'NONE',  ( -44.99999999999953815, 85.00000000000005684, -2.000000000000000000 ) ) ;
#4007 = ORIENTED_EDGE ( 'NONE', *, *, #354, .T. ) ;
#4008 = VECTOR ( 'NONE', #4915, 1000.000000000000000 ) ;
#4009 = CARTESIAN_POINT ( 'NONE',  ( -184.9999999999994884, 430.0000000000000568, 42.00000000000000000 ) ) ;
#4010 = CARTESIAN_POINT ( 'NONE',  ( -355.0000000000006253, 185.0665089980103346, 42.00000000000000000 ) ) ;
#4011 = VECTOR ( 'NONE', #5116, 1000.000000000000000 ) ;
#4012 = ORIENTED_EDGE ( 'NONE', *, *, #4734, .T. ) ;
#4013 = ORIENTED_EDGE ( 'NONE', *, *, #2315, .F. ) ;
#4014 = LINE ( 'NONE', #1213, #4008 ) ;
#4015 = CARTESIAN_POINT ( 'NONE',  ( -10.00000000000000000, -8.000000000000001776, 17.99999999999999645 ) ) ;
#4016 = LINE ( 'NONE', #4041, #3704 ) ;
#4017 = VECTOR ( 'NONE', #927, 1000.000000000000000 ) ;
#4018 = CARTESIAN_POINT ( 'NONE',  ( -230.0000000000005400, 215.0665089980102493, 42.00000000000000000 ) ) ;
#4019 =( NAMED_UNIT ( * ) PLANE_ANGLE_UNIT ( ) SI_UNIT ( $, .RADIAN. ) );
#4020 = VERTEX_POINT ( 'NONE', #1336 ) ;
#4021 = LINE ( 'NONE', #744, #2375 ) ;
#4022 = EDGE_CURVE ( 'NONE', #3410, #1921, #3658, .T. ) ;
#4023 = FACE_OUTER_BOUND ( 'NONE', #4190, .T. ) ;
#4024 = EDGE_LOOP ( 'NONE', ( #5498, #2395, #2888, #1765, #195, #5816, #4506, #5070, #5690, #3655, #3777, #2135, #1151, #209, #3896, #4932, #5437, #2436, #4582, #5685, #3348, #4357, #4798, #853, #2255, #2102, #4989, #1964, #2607, #1061, #2968, #2469, #3258, #4215, #1022, #3372, #2164, #3552, #2366, #3942, #2506, #1388, #4324, #928, #5434, #3415, #2259, #346, #3830, #2242, #4313, #842, #1179, #1700, #3720, #3686, #2404, #4926, #5521, #3765, #3682, #5812, #5630, #2339, #4602, #1712, #4619, #5092 ) ) ;
#4025 = CARTESIAN_POINT ( 'NONE',  ( -10.00000000000000000, -10.00000000000000000, -10.00000000000000000 ) ) ;
#4026 = DIRECTION ( 'NONE',  ( 0.000000000000000000, 0.000000000000000000, 1.000000000000000000 ) ) ;
#4027 = ORIENTED_EDGE ( 'NONE', *, *, #5360, .F. ) ;
#4028 = PLANE ( 'NONE',  #4270 ) ;
#4029 = EDGE_CURVE ( 'NONE', #2576, #5766, #3183, .T. ) ;
#4030 = VERTEX_POINT ( 'NONE', #3211 ) ;
#4031 = ORIENTED_EDGE ( 'NONE', *, *, #1333, .T. ) ;
#4032 = EDGE_CURVE ( 'NONE', #4664, #3778, #5034, .T. ) ;
#4033 = DIRECTION ( 'NONE',  ( -0.000000000000000000, -0.000000000000000000, -1.000000000000000000 ) ) ;
#4034 = CARTESIAN_POINT ( 'NONE',  ( 410.0000000000001137, -8.000000000000001776, -17.99999999999999645 ) ) ;
#4035 = EDGE_CURVE ( 'NONE', #2049, #4882, #3422, .T. ) ;
#4036 = DIRECTION ( 'NONE',  ( 0.000000000000000000, -1.000000000000000000, 0.000000000000000000 ) ) ;
#4037 = ORIENTED_EDGE ( 'NONE', *, *, #1593, .T. ) ;
#4038 = ORIENTED_EDGE ( 'NONE', *, *, #183, .T. ) ;
#4039 = CARTESIAN_POINT ( 'NONE',  ( 410.0000000000001137, -10.00000000000000178, 19.99999999999999645 ) ) ;
#4040 = CARTESIAN_POINT ( 'NONE',  ( -215.0000000000006253, 415.0000000000000000, 42.00000000000000000 ) ) ;
#4041 = CARTESIAN_POINT ( 'NONE',  ( -184.9999999999995453, 339.9334910019898075, 2.000000000000000000 ) ) ;
#4042 = ORIENTED_EDGE ( 'NONE', *, *, #788, .F. ) ;
#4043 = DIRECTION ( 'NONE',  ( 1.000000000000000000, -1.110223024625155594E-14, 0.000000000000000000 ) ) ;
#4044 = ORIENTED_EDGE ( 'NONE', *, *, #3558, .T. ) ;
#4045 = LINE ( 'NONE', #831, #1515 ) ;
#4046 =( NAMED_UNIT ( * ) SI_UNIT ( $, .STERADIAN. ) SOLID_ANGLE_UNIT ( ) );
#4047 = LINE ( 'NONE', #4924, #3418 ) ;
#4048 = CARTESIAN_POINT ( 'NONE',  ( -189.9999999999995737, 85.00000000000005684, 42.00000000000000000 ) ) ;
#4049 = EDGE_CURVE ( 'NONE', #3724, #310, #5119, .T. ) ;
#4050 =( NAMED_UNIT ( * ) SI_UNIT ( $, .STERADIAN. ) SOLID_ANGLE_UNIT ( ) );
#4051 = DIRECTION ( 'NONE',  ( -0.000000000000000000, -0.000000000000000000, -1.000000000000000000 ) ) ;
#4052 = ORIENTED_EDGE ( 'NONE', *, *, #2435, .F. ) ;
#4053 = CARTESIAN_POINT ( 'NONE',  ( -189.9999999999995453, 289.9334910019900349, 42.00000000000000000 ) ) ;
#4054 = EDGE_CURVE ( 'NONE', #2134, #1174, #2912, .T. ) ;
#4055 = ORIENTED_EDGE ( 'NONE', *, *, #5100, .F. ) ;
#4056 = VERTEX_POINT ( 'NONE', #1513 ) ;
#4057 = DIRECTION ( 'NONE',  ( 0.000000000000000000, 0.000000000000000000, -1.000000000000000000 ) ) ;
#4058 = LINE ( 'NONE', #5563, #5056 ) ;
#4059 = CARTESIAN_POINT ( 'NONE',  ( -49.99999999999965894, 215.0665089980102209, 42.00000000000000000 ) ) ;
#4060 = CARTESIAN_POINT ( 'NONE',  ( -44.99999999999965183, 165.0665089980103915, 42.00000000000000000 ) ) ;
#4061 = VECTOR ( 'NONE', #3849, 1000.000000000000000 ) ;
#4062 = PRODUCT_RELATED_PRODUCT_CATEGORY ( 'part', '', ( #772 ) ) ;
#4063 = EDGE_CURVE ( 'NONE', #4517, #4182, #2856, .T. ) ;
#4064 = EDGE_CURVE ( 'NONE', #1930, #704, #3747, .T. ) ;
#4065 = VERTEX_POINT ( 'NONE', #2052 ) ;
#4066 = EDGE_LOOP ( 'NONE', ( #1840, #5199, #4124, #5579 ) ) ;
#4067 = AXIS2_PLACEMENT_3D ( 'NONE', #4825, #2145, #4409 ) ;
#4068 = AXIS2_PLACEMENT_3D ( 'NONE', #5896, #906, #1211 ) ;
#4069 = DIRECTION ( 'NONE',  ( -0.000000000000000000, -0.000000000000000000, -1.000000000000000000 ) ) ;
#4070 = PLANE ( 'NONE',  #2647 ) ;
#4071 = CARTESIAN_POINT ( 'NONE',  ( -64.99999999999955946, 429.9999999999999432, 42.00000000000000000 ) ) ;
#4072 = AXIS2_PLACEMENT_3D ( 'NONE', #4168, #2804, #5011 ) ;
#4073 = VECTOR ( 'NONE', #4088, 1000.000000000000000 ) ;
#4074 = EDGE_CURVE ( 'NONE', #5378, #2858, #4673, .T. ) ;
#4075 = CARTESIAN_POINT ( 'NONE',  ( -210.0000000000005684, 165.0665089980103915, 42.00000000000000000 ) ) ;
#4076 = FILL_AREA_STYLE ('',( #3160 ) ) ;
#4077 = VERTEX_POINT ( 'NONE', #171 ) ;
#4078 = CARTESIAN_POINT ( 'NONE',  ( -10.00000000000000000, -10.00000000000000178, -19.99999999999999645 ) ) ;
#4079 = VECTOR ( 'NONE', #4456, 1000.000000000000000 ) ;
#4080 = CARTESIAN_POINT ( 'NONE',  ( -169.9999999999995453, 435.0000000000000568, 2.000000000000000000 ) ) ;
#4081 = AXIS2_PLACEMENT_3D ( 'NONE', #681, #4318, #179 ) ;
#4082 = CARTESIAN_POINT ( 'NONE',  ( -169.9999999999996021, 210.0665089980102493, 42.00000000000000000 ) ) ;
#4083 = AXIS2_PLACEMENT_3D ( 'NONE', #210, #2033, #621 ) ;
#4084 = DIRECTION ( 'NONE',  ( 6.938893903907233308E-16, 1.000000000000000000, -0.000000000000000000 ) ) ;
#4085 = FILL_AREA_STYLE_COLOUR ( '', #2930 ) ;
#4086 = CARTESIAN_POINT ( 'NONE',  ( -44.99999999999965183, 105.0000000000000426, 42.00000000000000000 ) ) ;
#4087 = ORIENTED_EDGE ( 'NONE', *, *, #5382, .T. ) ;
#4088 = DIRECTION ( 'NONE',  ( -1.480297366166868866E-14, -1.000000000000000000, 0.000000000000000000 ) ) ;
#4089 = VERTEX_POINT ( 'NONE', #4794 ) ;
#4090 = VERTEX_POINT ( 'NONE', #3809 ) ;
#4091 = FACE_OUTER_BOUND ( 'NONE', #2082, .T. ) ;
#4092 = CARTESIAN_POINT ( 'NONE',  ( -335.0000000000007390, 334.9334910019898643, 2.000000000000000000 ) ) ;
#4093 = DIRECTION ( 'NONE',  ( 2.775557561562904367E-15, 1.000000000000000000, -0.000000000000000000 ) ) ;
#4094 = ADVANCED_FACE ( 'NONE', ( #5187 ), #1572, .T. ) ;
#4095 = VECTOR ( 'NONE', #2127, 1000.000000000000000 ) ;
#4096 = EDGE_LOOP ( 'NONE', ( #43, #1090, #4634, #3196 ) ) ;
#4097 = ORIENTED_EDGE ( 'NONE', *, *, #5472, .T. ) ;
#4098 = CARTESIAN_POINT ( 'NONE',  ( -189.9999999999995453, 230.0665089980102209, 42.00000000000000000 ) ) ;
#4099 = PLANE ( 'NONE',  #4566 ) ;
#4100 = EDGE_CURVE ( 'NONE', #3115, #3347, #3864, .T. ) ;
#4101 = DIRECTION ( 'NONE',  ( -0.000000000000000000, -0.000000000000000000, -1.000000000000000000 ) ) ;
#4102 = AXIS2_PLACEMENT_3D ( 'NONE', #3958, #5377, #5402 ) ;
#4103 = ORIENTED_EDGE ( 'NONE', *, *, #61, .F. ) ;
#4104 = LINE ( 'NONE', #4134, #1505 ) ;
#4105 = DIRECTION ( 'NONE',  ( -0.000000000000000000, -0.000000000000000000, -1.000000000000000000 ) ) ;
#4106 = AXIS2_PLACEMENT_3D ( 'NONE', #2197, #5845, #1748 ) ;
#4107 = ORIENTED_EDGE ( 'NONE', *, *, #4280, .T. ) ;
#4108 = LINE ( 'NONE', #2742, #1229 ) ;
#4109 =( NAMED_UNIT ( * ) SI_UNIT ( $, .STERADIAN. ) SOLID_ANGLE_UNIT ( ) );
#4110 = EDGE_CURVE ( 'NONE', #32, #3946, #2433, .T. ) ;
#4111 = DIRECTION ( 'NONE',  ( -1.000000000000000000, 1.110223024625155594E-14, 0.000000000000000000 ) ) ;
#4112 = ADVANCED_FACE ( 'NONE', ( #5639 ), #203, .F. ) ;
#4113 = VECTOR ( 'NONE', #4051, 1000.000000000000000 ) ;
#4114 = LINE ( 'NONE', #2747, #259 ) ;
#4115 = CARTESIAN_POINT ( 'NONE',  ( 410.0000000000001137, -8.000000000000001776, -17.99999999999999645 ) ) ;
#4116 = LINE ( 'NONE', #3732, #5657 ) ;
#4117 = ORIENTED_EDGE ( 'NONE', *, *, #67, .F. ) ;
#4118 = FACE_OUTER_BOUND ( 'NONE', #3812, .T. ) ;
#4119 = ORIENTED_EDGE ( 'NONE', *, *, #2789, .F. ) ;
#4120 = ORIENTED_EDGE ( 'NONE', *, *, #2228, .F. ) ;
#4121 = DIRECTION ( 'NONE',  ( -1.000000000000000000, 0.000000000000000000, 0.000000000000000000 ) ) ;
#4122 = DIRECTION ( 'NONE',  ( -0.000000000000000000, -1.000000000000000000, -1.084202172485504434E-16 ) ) ;
#4123 = CARTESIAN_POINT ( 'NONE',  ( 0.000000000000000000, 0.000000000000000000, 42.00000000000000000 ) ) ;
#4124 = ORIENTED_EDGE ( 'NONE', *, *, #1812, .T. ) ;
#4125 = EDGE_CURVE ( 'NONE', #5534, #3715, #4340, .T. ) ;
#4126 = ORIENTED_EDGE ( 'NONE', *, *, #3414, .F. ) ;
#4127 = PRODUCT_RELATED_PRODUCT_CATEGORY ( 'part', '', ( #5399 ) ) ;
#4128 = PLANE ( 'NONE',  #3255 ) ;
#4129 = DIRECTION ( 'NONE',  ( -1.000000000000000000, 0.000000000000000000, 0.000000000000000000 ) ) ;
#4130 = DIRECTION ( 'NONE',  ( 1.000000000000000000, 0.000000000000000000, 0.000000000000000000 ) ) ;
#4131 = ORIENTED_EDGE ( 'NONE', *, *, #3344, .F. ) ;
#4132 = EDGE_CURVE ( 'NONE', #2667, #603, #143, .T. ) ;
#4133 = VERTEX_POINT ( 'NONE', #1481 ) ;
#4134 = CARTESIAN_POINT ( 'NONE',  ( -169.9999999999996021, 85.00000000000004263, 2.000000000000000000 ) ) ;
#4135 = FACE_OUTER_BOUND ( 'NONE', #2683, .T. ) ;
#4136 = ORIENTED_EDGE ( 'NONE', *, *, #445, .T. ) ;
#4137 = LINE ( 'NONE', #4593, #3895 ) ;
#4138 = DIRECTION ( 'NONE',  ( 1.000000000000000000, 0.000000000000000000, 0.000000000000000000 ) ) ;
#4139 = CARTESIAN_POINT ( 'NONE',  ( -44.99999999999959499, 210.0665089980102493, 42.00000000000000000 ) ) ;
#4140 = CARTESIAN_POINT ( 'NONE',  ( 0.000000000000000000, 0.000000000000000000, 42.00000000000000000 ) ) ;
#4141 = ADVANCED_FACE ( 'NONE', ( #2495 ), #258, .F. ) ;
#4142 = CARTESIAN_POINT ( 'NONE',  ( -169.9999999999995453, 435.0000000000000568, 42.00000000000000000 ) ) ;
#4143 = LINE ( 'NONE', #3311, #3835 ) ;
#4144 = ORIENTED_EDGE ( 'NONE', *, *, #460, .F. ) ;
#4145 = LINE ( 'NONE', #2359, #651 ) ;
#4146 = ADVANCED_FACE ( 'NONE', ( #1598 ), #1156, .F. ) ;
#4147 = ORIENTED_EDGE ( 'NONE', *, *, #4872, .T. ) ;
#4148 = ORIENTED_EDGE ( 'NONE', *, *, #2713, .F. ) ;
#4149 = CARTESIAN_POINT ( 'NONE',  ( -215.0000000000005684, 165.0665089980103346, 42.00000000000000000 ) ) ;
#4150 = CARTESIAN_POINT ( 'NONE',  ( -210.0000000000005400, 434.9999999999999432, 2.000000000000000000 ) ) ;
#4151 = DIRECTION ( 'NONE',  ( -0.000000000000000000, -0.000000000000000000, -1.000000000000000000 ) ) ;
#4152 = AXIS2_PLACEMENT_3D ( 'NONE', #1984, #3832, #5111 ) ;
#4153 = ORIENTED_EDGE ( 'NONE', *, *, #972, .F. ) ;
#4154 = SHAPE_REPRESENTATION ( 'Shaker_Assembly', ( #5351, #4962, #3149, #5637, #2104, #574, #3057, #1911, #2963, #5445 ), #4292 ) ;
#4155 = VERTEX_POINT ( 'NONE', #2519 ) ;
#4156 = CARTESIAN_POINT ( 'NONE',  ( -210.0000000000005684, 354.9334910019898643, 42.00000000000000000 ) ) ;
#4157 = CARTESIAN_POINT ( 'NONE',  ( -44.99999999999959499, 85.00000000000004263, 42.00000000000000000 ) ) ;
#4158 = VECTOR ( 'NONE', #5661, 1000.000000000000000 ) ;
#4159 = LINE ( 'NONE', #3631, #4180 ) ;
#4160 = ORIENTED_EDGE ( 'NONE', *, *, #3117, .T. ) ;
#4161 = VECTOR ( 'NONE', #870, 1000.000000000000000 ) ;
#4162 = ORIENTED_EDGE ( 'NONE', *, *, #4844, .F. ) ;
#4163 = PLANE ( 'NONE',  #3413 ) ;
#4164 = CARTESIAN_POINT ( 'NONE',  ( -215.0000000000005684, 90.00000000000002842, 42.00000000000000000 ) ) ;
#4165 = VERTEX_POINT ( 'NONE', #3333 ) ;
#4166 = DIRECTION ( 'NONE',  ( -1.000000000000000000, 0.000000000000000000, 0.000000000000000000 ) ) ;
#4167 = DIRECTION ( 'NONE',  ( 0.000000000000000000, 1.000000000000000000, 0.000000000000000000 ) ) ;
#4168 = CARTESIAN_POINT ( 'NONE',  ( -230.0000000000005400, 210.0665089980102493, 42.00000000000000000 ) ) ;
#4169 = VECTOR ( 'NONE', #4193, 1000.000000000000000 ) ;
#4170 = VECTOR ( 'NONE', #861, 1000.000000000000000 ) ;
#4171 = ADVANCED_FACE ( 'NONE', ( #702, #5155 ), #1066, .T. ) ;
#4172 = CARTESIAN_POINT ( 'NONE',  ( -355.0000000000006253, 185.0665089980103346, 2.000000000000000000 ) ) ;
#4173 = VECTOR ( 'NONE', #2416, 1000.000000000000000 ) ;
#4174 = AXIS2_PLACEMENT_3D ( 'NONE', #2995, #283, #5296 ) ;
#4175 = LINE ( 'NONE', #510, #4978 ) ;
#4176 = EDGE_LOOP ( 'NONE', ( #4197, #1063, #4580, #5878 ) ) ;
#4177 = DIRECTION ( 'NONE',  ( -1.000000000000000000, 2.775557561562908312E-15, 0.000000000000000000 ) ) ;
#4178 = DIRECTION ( 'NONE',  ( 1.000000000000000000, -3.700743415417198986E-15, 0.000000000000000000 ) ) ;
#4179 = EDGE_CURVE ( 'NONE', #5774, #3983, #318, .T. ) ;
#4180 = VECTOR ( 'NONE', #4101, 1000.000000000000000 ) ;
#4181 = VECTOR ( 'NONE', #3524, 1000.000000000000000 ) ;
#4182 = VERTEX_POINT ( 'NONE', #2080 ) ;
#4183 = EDGE_LOOP ( 'NONE', ( #5456, #403, #3069, #173 ) ) ;
#4184 = CARTESIAN_POINT ( 'NONE',  ( -64.99999999999961631, 90.00000000000005684, 42.00000000000000000 ) ) ;
#4185 = DIRECTION ( 'NONE',  ( 0.000000000000000000, -1.084202172485504434E-16, 1.000000000000000000 ) ) ;
#4186 = FACE_OUTER_BOUND ( 'NONE', #2263, .T. ) ;
#4187 = EDGE_CURVE ( 'NONE', #3138, #1363, #3541, .T. ) ;
#4188 = ADVANCED_FACE ( 'NONE', ( #2168 ), #3092, .T. ) ;
#4189 = VERTEX_POINT ( 'NONE', #4853 ) ;
#4190 = EDGE_LOOP ( 'NONE', ( #4482, #1371, #4450, #1506 ) ) ;
#4191 = CARTESIAN_POINT ( 'NONE',  ( -10.00000000000000000, -8.000000000000000000, 8.000000000000000000 ) ) ;
#4192 = AXIS2_PLACEMENT_3D ( 'NONE', #414, #3104, #2655 ) ;
#4193 = DIRECTION ( 'NONE',  ( -1.000000000000000000, 1.110223024625155594E-14, 0.000000000000000000 ) ) ;
#4194 = CARTESIAN_POINT ( 'NONE',  ( -10.00000000000000000, -8.000000000000000000, -8.000000000000000000 ) ) ;
#4195 = VECTOR ( 'NONE', #3172, 1000.000000000000000 ) ;
#4196 = VERTEX_POINT ( 'NONE', #1657 ) ;
#4197 = ORIENTED_EDGE ( 'NONE', *, *, #4508, .F. ) ;
#4198 = CARTESIAN_POINT ( 'NONE',  ( -44.99999999999959499, 309.9334910019899780, 2.000000000000000000 ) ) ;
#4199 = LINE ( 'NONE', #4229, #482 ) ;
#4200 = VERTEX_POINT ( 'NONE', #1208 ) ;
#4201 = LINE ( 'NONE', #1343, #3803 ) ;
#4202 =( NAMED_UNIT ( * ) PLANE_ANGLE_UNIT ( ) SI_UNIT ( $, .RADIAN. ) );
#4203 = CARTESIAN_POINT ( 'NONE',  ( -215.0000000000005684, 289.9334910019899780, 42.00000000000000000 ) ) ;
#4204 =( GEOMETRIC_REPRESENTATION_CONTEXT ( 3 ) GLOBAL_UNCERTAINTY_ASSIGNED_CONTEXT ( ( #2149 ) ) GLOBAL_UNIT_ASSIGNED_CONTEXT ( ( #891, #4019, #5881 ) ) REPRESENTATION_CONTEXT ( 'NONE', 'WORKASPACE' ) );
#4205 = AXIS2_PLACEMENT_3D ( 'NONE', #3807, #5185, #4281 ) ;
#4206 =( NAMED_UNIT ( * ) PLANE_ANGLE_UNIT ( ) SI_UNIT ( $, .RADIAN. ) );
#4207 = ADVANCED_FACE ( 'NONE', ( #2200 ), #5818, .T. ) ;
#4208 = CARTESIAN_POINT ( 'NONE',  ( -350.0000000000004547, 215.0665089980102209, 42.00000000000000000 ) ) ;
#4209 = ORIENTED_EDGE ( 'NONE', *, *, #5209, .F. ) ;
#4210 = CARTESIAN_POINT ( 'NONE',  ( -350.0000000000005116, 430.0000000000000000, 2.000000000000000000 ) ) ;
#4211 = DIRECTION ( 'NONE',  ( -1.000000000000000000, 1.110223024625155594E-14, 0.000000000000000000 ) ) ;
#4212 = VECTOR ( 'NONE', #688, 1000.000000000000000 ) ;
#4213 = ORIENTED_EDGE ( 'NONE', *, *, #23, .T. ) ;
#4214 = EDGE_CURVE ( 'NONE', #5740, #4768, #729, .T. ) ;
#4215 = ORIENTED_EDGE ( 'NONE', *, *, #896, .F. ) ;
#4216 = CARTESIAN_POINT ( 'NONE',  ( 340.0000000000000568, -10.00000000000000000, -10.00000000000000000 ) ) ;
#4217 = PLANE ( 'NONE',  #3016 ) ;
#4218 = CARTESIAN_POINT ( 'NONE',  ( 350.0000000000000568, -9.999999999999996447, 10.00000000000000000 ) ) ;
#4219 = ORIENTED_EDGE ( 'NONE', *, *, #1566, .F. ) ;
#4220 = EDGE_CURVE ( 'NONE', #1799, #3180, #1273, .T. ) ;
#4221 = EDGE_CURVE ( 'NONE', #113, #5654, #3979, .T. ) ;
#4222 = ORIENTED_EDGE ( 'NONE', *, *, #4495, .T. ) ;
#4223 = CARTESIAN_POINT ( 'NONE',  ( -210.0000000000006253, 415.0000000000000568, 42.00000000000000000 ) ) ;
#4224 = DIRECTION ( 'NONE',  ( 1.000000000000000000, 1.110223024625155752E-14, 0.000000000000000000 ) ) ;
#4225 = DIRECTION ( 'NONE',  ( 2.775557561562904367E-15, 1.000000000000000000, -0.000000000000000000 ) ) ;
#4226 = ORIENTED_EDGE ( 'NONE', *, *, #5328, .F. ) ;
#4227 = ORIENTED_EDGE ( 'NONE', *, *, #5100, .T. ) ;
#4228 = PLANE ( 'NONE',  #2842 ) ;
#4229 = CARTESIAN_POINT ( 'NONE',  ( 410.0000000000001137, -10.00000000000000178, -19.99999999999999645 ) ) ;
#4230 = ORIENTED_EDGE ( 'NONE', *, *, #2769, .F. ) ;
#4231 = CARTESIAN_POINT ( 'NONE',  ( -355.0000000000006253, 185.0665089980103346, 2.000000000000000000 ) ) ;
#4232 = CARTESIAN_POINT ( 'NONE',  ( -184.9999999999994884, 430.0000000000000568, 2.000000000000000000 ) ) ;
#4233 = PLANE ( 'NONE',  #2260 ) ;
#4234 = DIRECTION ( 'NONE',  ( 0.000000000000000000, 1.000000000000000000, 0.000000000000000000 ) ) ;
#4235 = ORIENTED_EDGE ( 'NONE', *, *, #1047, .T. ) ;
#4236 = FACE_OUTER_BOUND ( 'NONE', #3515, .T. ) ;
#4237 = DIRECTION ( 'NONE',  ( 1.000000000000000000, 0.000000000000000000, 0.000000000000000000 ) ) ;
#4238 = EDGE_CURVE ( 'NONE', #2014, #1174, #5301, .T. ) ;
#4239 = ORIENTED_EDGE ( 'NONE', *, *, #5564, .F. ) ;
#4240 = CARTESIAN_POINT ( 'NONE',  ( -189.9999999999994884, 415.0000000000000568, 42.00000000000000000 ) ) ;
#4241 = VERTEX_POINT ( 'NONE', #3948 ) ;
#4242 = DIRECTION ( 'NONE',  ( 0.000000000000000000, 0.000000000000000000, -1.000000000000000000 ) ) ;
#4243 = LINE ( 'NONE', #2905, #2827 ) ;
#4244 = EDGE_CURVE ( 'NONE', #662, #2280, #5337, .T. ) ;
#4245 = ORIENTED_EDGE ( 'NONE', *, *, #2585, .F. ) ;
#4246 = ORIENTED_EDGE ( 'NONE', *, *, #5123, .F. ) ;
#4247 = LINE ( 'NONE', #5275, #874 ) ;
#4248 = FACE_OUTER_BOUND ( 'NONE', #3262, .T. ) ;
#4249 = CARTESIAN_POINT ( 'NONE',  ( -230.0000000000005400, 304.9334910019899780, 42.00000000000000000 ) ) ;
#4250 = VERTEX_POINT ( 'NONE', #4010 ) ;
#4251 =( REPRESENTATION_RELATIONSHIP ('NONE','NONE', #4154, #661 ) REPRESENTATION_RELATIONSHIP_WITH_TRANSFORMATION ( #1102 )SHAPE_REPRESENTATION_RELATIONSHIP( ) );
#4252 = ORIENTED_EDGE ( 'NONE', *, *, #1895, .F. ) ;
#4253 = DIRECTION ( 'NONE',  ( -1.000000000000000000, -3.700743415417198986E-15, 0.000000000000000000 ) ) ;
#4254 = LINE ( 'NONE', #4710, #1538 ) ;
#4255 = ORIENTED_EDGE ( 'NONE', *, *, #3621, .T. ) ;
#4256 = PLANE ( 'NONE',  #4081 ) ;
#4257 = APPLICATION_PROTOCOL_DEFINITION ( 'draft international standard', 'automotive_design', 1998, #5792 ) ;
#4258 = DIRECTION ( 'NONE',  ( 0.000000000000000000, 1.000000000000000000, 0.000000000000000000 ) ) ;
#4259 = ADVANCED_FACE ( 'NONE', ( #289 ), #5277, .F. ) ;
#4260 = EDGE_CURVE ( 'NONE', #1315, #995, #375, .T. ) ;
#4261 = VECTOR ( 'NONE', #5703, 1000.000000000000000 ) ;
#4262 = DIRECTION ( 'NONE',  ( 0.000000000000000000, 0.000000000000000000, -1.000000000000000000 ) ) ;
#4263 = LINE ( 'NONE', #5738, #5363 ) ;
#4264 = ORIENTED_EDGE ( 'NONE', *, *, #3470, .T. ) ;
#4265 = CARTESIAN_POINT ( 'NONE',  ( -215.0000000000007958, 339.9334910019898075, 42.00000000000000000 ) ) ;
#4266 = VECTOR ( 'NONE', #3210, 1000.000000000000000 ) ;
#4267 = CARTESIAN_POINT ( 'NONE',  ( -210.0000000000005684, 105.0000000000000426, 42.00000000000000000 ) ) ;
#4268 = VECTOR ( 'NONE', #4952, 1000.000000000000000 ) ;
#4269 = AXIS2_PLACEMENT_3D ( 'NONE', #265, #3462, #2920 ) ;
#4270 = AXIS2_PLACEMENT_3D ( 'NONE', #4053, #2693, #5775 ) ;
#4271 = EDGE_LOOP ( 'NONE', ( #2924, #2851, #5151, #4360 ) ) ;
#4272 = CARTESIAN_POINT ( 'NONE',  ( -44.99999999999965183, 289.9334910019900349, 42.00000000000000000 ) ) ;
#4273 = ORIENTED_EDGE ( 'NONE', *, *, #4371, .T. ) ;
#4274 = PLANE ( 'NONE',  #5327 ) ;
#4275 = LINE ( 'NONE', #1565, #5408 ) ;
#4276 = VECTOR ( 'NONE', #3719, 1000.000000000000000 ) ;
#4277 = AXIS2_PLACEMENT_3D ( 'NONE', #3993, #1222, #4866 ) ;
#4278 = VERTEX_POINT ( 'NONE', #2550 ) ;
#4279 = ORIENTED_EDGE ( 'NONE', *, *, #1017, .F. ) ;
#4280 = EDGE_CURVE ( 'NONE', #1568, #1587, #1182, .T. ) ;
#4281 = DIRECTION ( 'NONE',  ( -1.000000000000000000, -1.850371707708599493E-15, 0.000000000000000000 ) ) ;
#4282 = DIRECTION ( 'NONE',  ( 2.775557561562892929E-15, -1.000000000000000000, 0.000000000000000000 ) ) ;
#4283 = DIRECTION ( 'NONE',  ( -0.000000000000000000, -0.000000000000000000, -1.000000000000000000 ) ) ;
#4284 = ORIENTED_EDGE ( 'NONE', *, *, #5659, .T. ) ;
#4285 = ORIENTED_EDGE ( 'NONE', *, *, #4911, .F. ) ;
#4286 = DIRECTION ( 'NONE',  ( -0.000000000000000000, -0.000000000000000000, -1.000000000000000000 ) ) ;
#4287 = EDGE_CURVE ( 'NONE', #3544, #5624, #3920, .T. ) ;
#4288 = DIRECTION ( 'NONE',  ( -1.000000000000000000, 1.850371707708627103E-15, 0.000000000000000000 ) ) ;
#4289 = EDGE_LOOP ( 'NONE', ( #4548, #518, #1644, #1126 ) ) ;
#4290 = DIRECTION ( 'NONE',  ( -1.000000000000000000, 1.110223024625155594E-14, 0.000000000000000000 ) ) ;
#4291 = DIRECTION ( 'NONE',  ( -1.000000000000000000, -1.110223024625155752E-14, 0.000000000000000000 ) ) ;
#4292 =( GEOMETRIC_REPRESENTATION_CONTEXT ( 3 ) GLOBAL_UNCERTAINTY_ASSIGNED_CONTEXT ( ( #2816 ) ) GLOBAL_UNIT_ASSIGNED_CONTEXT ( ( #2088, #2475, #3928 ) ) REPRESENTATION_CONTEXT ( 'NONE', 'WORKASPACE' ) );
#4293 = DIRECTION ( 'NONE',  ( -1.000000000000000000, -0.000000000000000000, -0.000000000000000000 ) ) ;
#4294 = EDGE_CURVE ( 'NONE', #935, #4999, #4531, .T. ) ;
#4295 = CARTESIAN_POINT ( 'NONE',  ( 410.0000000000001137, -10.00000000000000178, -19.99999999999999645 ) ) ;
#4296 = EDGE_CURVE ( 'NONE', #662, #4929, #418, .T. ) ;
#4297 = VECTOR ( 'NONE', #2472, 1000.000000000000000 ) ;
#4298 = ORIENTED_EDGE ( 'NONE', *, *, #2902, .F. ) ;
#4299 = CARTESIAN_POINT ( 'NONE',  ( -350.0000000000004547, 105.0000000000000995, 42.00000000000000000 ) ) ;
#4300 = LINE ( 'NONE', #1558, #5153 ) ;
#4301 = VECTOR ( 'NONE', #4818, 1000.000000000000000 ) ;
#4302 = ORIENTED_EDGE ( 'NONE', *, *, #5431, .F. ) ;
#4303 = CARTESIAN_POINT ( 'NONE',  ( -189.9999999999995453, 230.0665089980102209, 42.00000000000000000 ) ) ;
#4304 = ORIENTED_EDGE ( 'NONE', *, *, #782, .F. ) ;
#4305 = DIRECTION ( 'NONE',  ( 1.000000000000000000, 1.850371707708627103E-15, 0.000000000000000000 ) ) ;
#4306 = VECTOR ( 'NONE', #1403, 1000.000000000000000 ) ;
#4307 = VERTEX_POINT ( 'NONE', #5474 ) ;
#4308 = VERTEX_POINT ( 'NONE', #2628 ) ;
#4309 = DIRECTION ( 'NONE',  ( -0.000000000000000000, -1.000000000000000000, -0.000000000000000000 ) ) ;
#4310 = DIRECTION ( 'NONE',  ( -1.110223024625155752E-14, 1.000000000000000000, 0.000000000000000000 ) ) ;
#4311 = DIRECTION ( 'NONE',  ( 1.000000000000000000, 1.110223024625155594E-14, 0.000000000000000000 ) ) ;
#4312 = EDGE_CURVE ( 'NONE', #5491, #5217, #2717, .T. ) ;
#4313 = ORIENTED_EDGE ( 'NONE', *, *, #1845, .F. ) ;
#4314 = ORIENTED_EDGE ( 'NONE', *, *, #3989, .F. ) ;
#4315 = DIRECTION ( 'NONE',  ( -3.700743415417198986E-15, 1.000000000000000000, 0.000000000000000000 ) ) ;
#4316 = CARTESIAN_POINT ( 'NONE',  ( -189.9999999999995737, 85.00000000000005684, 42.00000000000000000 ) ) ;
#4317 = ORIENTED_EDGE ( 'NONE', *, *, #5891, .F. ) ;
#4318 = DIRECTION ( 'NONE',  ( 0.000000000000000000, 0.000000000000000000, 1.000000000000000000 ) ) ;
#4319 = ITEM_DEFINED_TRANSFORMATION ( 'NONE', 'NONE', #3057,  #4192 ) ;
#4320 = PLANE ( 'NONE',  #939 ) ;
#4321 = EDGE_CURVE ( 'NONE', #1563, #1274, #4928, .T. ) ;
#4322 = PRESENTATION_STYLE_ASSIGNMENT (( #2505 ) ) ;
#4323 = CARTESIAN_POINT ( 'NONE',  ( -350.0000000000005116, 414.9999999999999432, 42.00000000000000000 ) ) ;
#4324 = ORIENTED_EDGE ( 'NONE', *, *, #1706, .F. ) ;
#4325 = DIRECTION ( 'NONE',  ( 1.000000000000000000, 1.110223024625155752E-14, 0.000000000000000000 ) ) ;
#4326 = DIRECTION ( 'NONE',  ( -0.000000000000000000, -0.000000000000000000, -1.000000000000000000 ) ) ;
#4327 = CARTESIAN_POINT ( 'NONE',  ( -10.00000000000000000, -8.000000000000001776, 17.99999999999999645 ) ) ;
#4328 = EDGE_CURVE ( 'NONE', #5740, #492, #1794, .T. ) ;
#4329 = EDGE_CURVE ( 'NONE', #5267, #2480, #1828, .T. ) ;
#4330 = ORIENTED_EDGE ( 'NONE', *, *, #2354, .F. ) ;
#4331 = DIRECTION ( 'NONE',  ( 0.000000000000000000, 1.000000000000000000, 0.000000000000000000 ) ) ;
#4332 = VERTEX_POINT ( 'NONE', #5862 ) ;
#4333 = CARTESIAN_POINT ( 'NONE',  ( -189.9999999999995737, 85.00000000000005684, 2.000000000000000000 ) ) ;
#4334 = EDGE_CURVE ( 'NONE', #2198, #5534, #871, .T. ) ;
#4335 = ORIENTED_EDGE ( 'NONE', *, *, #1554, .T. ) ;
#4336 = ORIENTED_EDGE ( 'NONE', *, *, #2428, .F. ) ;
#4337 = LINE ( 'NONE', #4223, #4588 ) ;
#4338 = DIRECTION ( 'NONE',  ( 1.000000000000000000, 0.000000000000000000, -0.000000000000000000 ) ) ;
#4339 = PRODUCT_DEFINITION_SHAPE ( 'NONE', 'NONE',  #4612 ) ;
#4340 = LINE ( 'NONE', #1122, #5425 ) ;
#4341 = ORIENTED_EDGE ( 'NONE', *, *, #2285, .F. ) ;
#4342 = ORIENTED_EDGE ( 'NONE', *, *, #5494, .F. ) ;
#4343 = CARTESIAN_POINT ( 'NONE',  ( -44.99999999999953815, 434.9999999999999432, 42.00000000000000000 ) ) ;
#4344 = CARTESIAN_POINT ( 'NONE',  ( -350.0000000000004547, 304.9334910019900349, 42.00000000000000000 ) ) ;
#4345 = CARTESIAN_POINT ( 'NONE',  ( 350.0000000000000568, -9.999999999999996447, -10.00000000000000000 ) ) ;
#4346 = SHAPE_DEFINITION_REPRESENTATION ( #1676, #4777 ) ;
#4347 = DIRECTION ( 'NONE',  ( -1.000000000000000000, 0.000000000000000000, 0.000000000000000000 ) ) ;
#4348 = CARTESIAN_POINT ( 'NONE',  ( -64.99999999999961631, 85.00000000000004263, 42.00000000000000000 ) ) ;
#4349 = FILL_AREA_STYLE_COLOUR ( '', #3833 ) ;
#4350 = VERTEX_POINT ( 'NONE', #1288 ) ;
#4351 = DIRECTION ( 'NONE',  ( 1.480297366166868866E-14, 1.000000000000000000, 0.000000000000000000 ) ) ;
#4352 = CARTESIAN_POINT ( 'NONE',  ( -10.00000000000000000, 9.999999999999998224, 19.99999999999999645 ) ) ;
#4353 = ADVANCED_FACE ( 'NONE', ( #1764 ), #4445, .F. ) ;
#4354 = DIRECTION ( 'NONE',  ( 0.000000000000000000, 1.000000000000000000, 0.000000000000000000 ) ) ;
#4355 = VECTOR ( 'NONE', #623, 1000.000000000000000 ) ;
#4356 = VECTOR ( 'NONE', #2788, 1000.000000000000000 ) ;
#4357 = ORIENTED_EDGE ( 'NONE', *, *, #2585, .T. ) ;
#4358 = LINE ( 'NONE', #1498, #3022 ) ;
#4359 = VECTOR ( 'NONE', #1945, 1000.000000000000000 ) ;
#4360 = ORIENTED_EDGE ( 'NONE', *, *, #4624, .T. ) ;
#4361 = CARTESIAN_POINT ( 'NONE',  ( 0.000000000000000000, -8.000000000000000000, 8.000000000000000000 ) ) ;
#4362 = ADVANCED_FACE ( 'NONE', ( #1378 ), #1711, .F. ) ;
#4363 = VECTOR ( 'NONE', #3219, 1000.000000000000000 ) ;
#4364 = AXIS2_PLACEMENT_3D ( 'NONE', #2621, #2563, #328 ) ;
#4365 = ORIENTED_EDGE ( 'NONE', *, *, #4986, .F. ) ;
#4366 = VERTEX_POINT ( 'NONE', #2691 ) ;
#4367 = AXIS2_PLACEMENT_3D ( 'NONE', #3775, #2974, #5605 ) ;
#4368 = AXIS2_PLACEMENT_3D ( 'NONE', #394, #3561, #2665 ) ;
#4369 = EDGE_CURVE ( 'NONE', #5846, #1899, #3108, .T. ) ;
#4370 = PLANE ( 'NONE',  #5166 ) ;
#4371 = EDGE_CURVE ( 'NONE', #5491, #1584, #841, .T. ) ;
#4372 = FACE_OUTER_BOUND ( 'NONE', #4518, .T. ) ;
#4373 = DIRECTION ( 'NONE',  ( -1.000000000000000000, 0.000000000000000000, 0.000000000000000000 ) ) ;
#4374 =( REPRESENTATION_RELATIONSHIP ('NONE','NONE', #4154, #5620 ) REPRESENTATION_RELATIONSHIP_WITH_TRANSFORMATION ( #298 )SHAPE_REPRESENTATION_RELATIONSHIP( ) );
#4375 = VECTOR ( 'NONE', #3163, 1000.000000000000000 ) ;
#4376 = VERTEX_POINT ( 'NONE', #362 ) ;
#4377 = ORIENTED_EDGE ( 'NONE', *, *, #4587, .T. ) ;
#4378 = CARTESIAN_POINT ( 'NONE',  ( -210.0000000000005684, 165.0665089980103915, 2.000000000000000000 ) ) ;
#4379 = CARTESIAN_POINT ( 'NONE',  ( -215.0000000000007958, 215.0665089980102209, 42.00000000000000000 ) ) ;
#4380 = LINE ( 'NONE', #324, #3045 ) ;
#4381 = FACE_OUTER_BOUND ( 'NONE', #1112, .T. ) ;
#4382 = CARTESIAN_POINT ( 'NONE',  ( -355.0000000000006821, 165.0665089980103915, 2.000000000000000000 ) ) ;
#4383 = LINE ( 'NONE', #241, #2688 ) ;
#4384 = ORIENTED_EDGE ( 'NONE', *, *, #760, .T. ) ;
#4385 = CARTESIAN_POINT ( 'NONE',  ( -10.00000000000000000, 8.000000000000001776, -8.000000000000000000 ) ) ;
#4386 = LINE ( 'NONE', #244, #4095 ) ;
#4387 = CARTESIAN_POINT ( 'NONE',  ( -169.9999999999996021, 85.00000000000004263, 42.00000000000000000 ) ) ;
#4388 = AXIS2_PLACEMENT_3D ( 'NONE', #5380, #1344, #3190 ) ;
#4389 = EDGE_CURVE ( 'NONE', #3095, #863, #5356, .T. ) ;
#4390 = EDGE_LOOP ( 'NONE', ( #2812, #1684, #4147, #2915 ) ) ;
#4391 = CARTESIAN_POINT ( 'NONE',  ( 350.0000000000000568, 9.999999999999946709, -10.00000000000011724 ) ) ;
#4392 = ORIENTED_EDGE ( 'NONE', *, *, #2075, .F. ) ;
#4393 = CARTESIAN_POINT ( 'NONE',  ( -230.0000000000005969, 435.0000000000000568, 42.00000000000000000 ) ) ;
#4394 = AXIS2_PLACEMENT_3D ( 'NONE', #3187, #5068, #2383 ) ;
#4395 = EDGE_CURVE ( 'NONE', #1508, #5777, #392, .T. ) ;
#4396 = EDGE_LOOP ( 'NONE', ( #3606, #404, #5364, #4559 ) ) ;
#4397 = VECTOR ( 'NONE', #255, 1000.000000000000000 ) ;
#4398 = VERTEX_POINT ( 'NONE', #811 ) ;
#4399 = LINE ( 'NONE', #3506, #3916 ) ;
#4400 = LINE ( 'NONE', #3947, #5338 ) ;
#4401 = CARTESIAN_POINT ( 'NONE',  ( -184.9999999999995453, 90.00000000000002842, 42.00000000000000000 ) ) ;
#4402 = VECTOR ( 'NONE', #3559, 1000.000000000000000 ) ;
#4403 = EDGE_CURVE ( 'NONE', #5882, #3822, #5444, .T. ) ;
#4404 = EDGE_CURVE ( 'NONE', #5729, #1624, #5836, .T. ) ;
#4405 = VERTEX_POINT ( 'NONE', #1350 ) ;
#4406 = ORIENTED_EDGE ( 'NONE', *, *, #1767, .T. ) ;
#4407 = CARTESIAN_POINT ( 'NONE',  ( -335.0000000000007390, 309.9334910019899780, 42.00000000000000000 ) ) ;
#4408 = CARTESIAN_POINT ( 'NONE',  ( -230.0000000000005969, 435.0000000000000568, 42.00000000000000000 ) ) ;
#4409 = DIRECTION ( 'NONE',  ( 0.000000000000000000, -0.000000000000000000, -1.000000000000000000 ) ) ;
#4410 = CARTESIAN_POINT ( 'NONE',  ( -184.9999999999995453, 304.9334910019900349, 42.00000000000000000 ) ) ;
#4411 = ADVANCED_FACE ( 'NONE', ( #5385 ), #3170, .T. ) ;
#4412 = CARTESIAN_POINT ( 'NONE',  ( 340.0000000000000568, 10.00000000000000000, -10.00000000000000000 ) ) ;
#4413 = CARTESIAN_POINT ( 'NONE',  ( -355.0000000000005116, 415.0000000000000000, 42.00000000000000000 ) ) ;
#4414 = EDGE_LOOP ( 'NONE', ( #589, #3934, #111, #134 ) ) ;
#4415 = DIRECTION ( 'NONE',  ( 1.000000000000000000, 0.000000000000000000, 0.000000000000000000 ) ) ;
#4416 = LINE ( 'NONE', #5708, #1153 ) ;
#4417 = DIRECTION ( 'NONE',  ( -1.000000000000000000, 0.000000000000000000, 0.000000000000000000 ) ) ;
#4418 = EDGE_LOOP ( 'NONE', ( #2844, #5051, #1882, #5479 ) ) ;
#4419 = DIRECTION ( 'NONE',  ( -0.000000000000000000, 0.000000000000000000, -1.000000000000000000 ) ) ;
#4420 = ORIENTED_EDGE ( 'NONE', *, *, #1243, .T. ) ;
#4421 = CARTESIAN_POINT ( 'NONE',  ( -169.9999999999996021, 339.9334910019898643, 42.00000000000000000 ) ) ;
#4422 = VERTEX_POINT ( 'NONE', #900 ) ;
#4423 = ORIENTED_EDGE ( 'NONE', *, *, #4022, .F. ) ;
#4424 = CARTESIAN_POINT ( 'NONE',  ( -215.0000000000006253, 430.0000000000000568, 2.000000000000000000 ) ) ;
#4425 = ORIENTED_EDGE ( 'NONE', *, *, #1839, .F. ) ;
#4426 = DIRECTION ( 'NONE',  ( 0.000000000000000000, 0.000000000000000000, 1.000000000000000000 ) ) ;
#4427 = EDGE_CURVE ( 'NONE', #5269, #5483, #2273, .T. ) ;
#4428 = DIRECTION ( 'NONE',  ( -1.000000000000000000, -3.700743415417198986E-15, 0.000000000000000000 ) ) ;
#4429 = VERTEX_POINT ( 'NONE', #599 ) ;
#4430 = VERTEX_POINT ( 'NONE', #1436 ) ;
#4431 = PLANE ( 'NONE',  #2489 ) ;
#4432 = DIRECTION ( 'NONE',  ( -0.000000000000000000, -0.000000000000000000, -1.000000000000000000 ) ) ;
#4433 = DIRECTION ( 'NONE',  ( -1.000000000000000000, -3.700743415417254206E-15, 0.000000000000000000 ) ) ;
#4434 = EDGE_CURVE ( 'NONE', #32, #1201, #155, .T. ) ;
#4435 = DIRECTION ( 'NONE',  ( 0.000000000000000000, -0.000000000000000000, -1.000000000000000000 ) ) ;
#4436 = FACE_OUTER_BOUND ( 'NONE', #5696, .T. ) ;
#4437 = ORIENTED_EDGE ( 'NONE', *, *, #1015, .F. ) ;
#4438 = FACE_OUTER_BOUND ( 'NONE', #473, .T. ) ;
#4439 = EDGE_CURVE ( 'NONE', #1719, #339, #2780, .T. ) ;
#4440 = DIRECTION ( 'NONE',  ( 2.775557561562904367E-15, -1.000000000000000000, 0.000000000000000000 ) ) ;
#4441 = EDGE_CURVE ( 'NONE', #5040, #4603, #5588, .T. ) ;
#4442 = VECTOR ( 'NONE', #136, 1000.000000000000000 ) ;
#4443 = ORIENTED_EDGE ( 'NONE', *, *, #181, .F. ) ;
#4444 = CARTESIAN_POINT ( 'NONE',  ( -44.99999999999959499, 210.0665089980102493, 2.000000000000000000 ) ) ;
#4445 = PLANE ( 'NONE',  #27 ) ;
#4446 = VERTEX_POINT ( 'NONE', #3257 ) ;
#4447 = DIRECTION ( 'NONE',  ( -1.000000000000000000, 1.110223024625155594E-14, 0.000000000000000000 ) ) ;
#4448 = PRESENTATION_LAYER_ASSIGNMENT (  '', '', ( #5026 ) ) ;
#4449 = VERTEX_POINT ( 'NONE', #1881 ) ;
#4450 = ORIENTED_EDGE ( 'NONE', *, *, #711, .T. ) ;
#4451 = FACE_OUTER_BOUND ( 'NONE', #1947, .T. ) ;
#4452 = LINE ( 'NONE', #17, #2632 ) ;
#4453 = LINE ( 'NONE', #4909, #2006 ) ;
#4454 = VECTOR ( 'NONE', #5025, 1000.000000000000000 ) ;
#4455 = VECTOR ( 'NONE', #1394, 1000.000000000000000 ) ;
#4456 = DIRECTION ( 'NONE',  ( -0.000000000000000000, -0.000000000000000000, -1.000000000000000000 ) ) ;
#4457 = AXIS2_PLACEMENT_3D ( 'NONE', #1944, #7, #1823 ) ;
#4458 = ORIENTED_EDGE ( 'NONE', *, *, #2478, .F. ) ;
#4459 = VECTOR ( 'NONE', #4780, 1000.000000000000000 ) ;
#4460 = EDGE_CURVE ( 'NONE', #1904, #5882, #5497, .T. ) ;
#4461 = ORIENTED_EDGE ( 'NONE', *, *, #221, .T. ) ;
#4462 = LINE ( 'NONE', #378, #2208 ) ;
#4463 = LINE ( 'NONE', #379, #463 ) ;
#4464 = CARTESIAN_POINT ( 'NONE',  ( -10.00000000000000000, -8.000000000000000000, -8.000000000000000000 ) ) ;
#4465 = AXIS2_PLACEMENT_3D ( 'NONE', #2736, #3685, #2290 ) ;
#4466 = VECTOR ( 'NONE', #3250, 1000.000000000000000 ) ;
#4467 = EDGE_CURVE ( 'NONE', #3917, #3797, #479, .T. ) ;
#4468 = LINE ( 'NONE', #300, #5225 ) ;
#4469 = EDGE_CURVE ( 'NONE', #4847, #4429, #4656, .T. ) ;
#4470 = ORIENTED_EDGE ( 'NONE', *, *, #3635, .F. ) ;
#4471 = DIRECTION ( 'NONE',  ( -0.000000000000000000, -0.000000000000000000, -1.000000000000000000 ) ) ;
#4472 = LINE ( 'NONE', #5468, #3343 ) ;
#4473 = CARTESIAN_POINT ( 'NONE',  ( -210.0000000000005400, 334.9334910019898643, 2.000000000000000000 ) ) ;
#4474 = ADVANCED_FACE ( 'NONE', ( #1975 ), #4599, .T. ) ;
#4475 = EDGE_CURVE ( 'NONE', #1758, #1056, #1077, .T. ) ;
#4476 = EDGE_LOOP ( 'NONE', ( #3633, #2313, #3216, #4720 ) ) ;
#4477 = FACE_OUTER_BOUND ( 'NONE', #5228, .T. ) ;
#4478 = DIRECTION ( 'NONE',  ( -1.000000000000000000, -1.110223024625155594E-14, 0.000000000000000000 ) ) ;
#4479 = VECTOR ( 'NONE', #1646, 1000.000000000000000 ) ;
#4480 = ORIENTED_EDGE ( 'NONE', *, *, #2987, .T. ) ;
#4481 = FACE_OUTER_BOUND ( 'NONE', #4657, .T. ) ;
#4482 = ORIENTED_EDGE ( 'NONE', *, *, #3628, .F. ) ;
#4483 = ORIENTED_EDGE ( 'NONE', *, *, #2535, .T. ) ;
#4484 = CARTESIAN_POINT ( 'NONE',  ( -189.9999999999994884, 415.0000000000000568, 42.00000000000000000 ) ) ;
#4485 = ORIENTED_EDGE ( 'NONE', *, *, #4475, .T. ) ;
#4486 = VECTOR ( 'NONE', #3926, 1000.000000000000000 ) ;
#4487 = LINE ( 'NONE', #429, #4454 ) ;
#4488 = VECTOR ( 'NONE', #4718, 1000.000000000000000 ) ;
#4489 = ORIENTED_EDGE ( 'NONE', *, *, #2010, .T. ) ;
#4490 = ORIENTED_EDGE ( 'NONE', *, *, #5872, .F. ) ;
#4491 = DIRECTION ( 'NONE',  ( 1.000000000000000000, 0.000000000000000000, -0.000000000000000000 ) ) ;
#4492 = CARTESIAN_POINT ( 'NONE',  ( 0.000000000000000000, 0.000000000000000000, 42.00000000000000000 ) ) ;
#4493 = CARTESIAN_POINT ( 'NONE',  ( -210.0000000000005969, 435.0000000000000000, 42.00000000000000000 ) ) ;
#4494 = VECTOR ( 'NONE', #5168, 1000.000000000000000 ) ;
#4495 = EDGE_CURVE ( 'NONE', #5654, #2429, #958, .T. ) ;
#4496 = ORIENTED_EDGE ( 'NONE', *, *, #2803, .T. ) ;
#4497 = CARTESIAN_POINT ( 'NONE',  ( -44.99999999999965183, 105.0000000000000426, 2.000000000000000000 ) ) ;
#4498 = ORIENTED_EDGE ( 'NONE', *, *, #540, .T. ) ;
#4499 = LINE ( 'NONE', #4385, #1045 ) ;
#4500 = DIRECTION ( 'NONE',  ( -0.000000000000000000, -0.000000000000000000, -1.000000000000000000 ) ) ;
#4501 = LINE ( 'NONE', #3611, #5809 ) ;
#4502 = EDGE_CURVE ( 'NONE', #1938, #3836, #991, .T. ) ;
#4503 = ORIENTED_EDGE ( 'NONE', *, *, #115, .F. ) ;
#4504 = FACE_OUTER_BOUND ( 'NONE', #3764, .T. ) ;
#4505 = DIRECTION ( 'NONE',  ( -0.000000000000000000, -0.000000000000000000, -1.000000000000000000 ) ) ;
#4506 = ORIENTED_EDGE ( 'NONE', *, *, #2762, .F. ) ;
#4507 = CARTESIAN_POINT ( 'NONE',  ( -355.0000000000005684, 105.0000000000000995, 2.000000000000000000 ) ) ;
#4508 = EDGE_CURVE ( 'NONE', #1209, #310, #4116, .T. ) ;
#4509 = EDGE_CURVE ( 'NONE', #5634, #3960, #5622, .T. ) ;
#4510 = ORIENTED_EDGE ( 'NONE', *, *, #2331, .F. ) ;
#4511 = ORIENTED_EDGE ( 'NONE', *, *, #5650, .F. ) ;
#4512 = CARTESIAN_POINT ( 'NONE',  ( -10.00000000000000000, -8.000000000000000000, -8.000000000000000000 ) ) ;
#4513 = CARTESIAN_POINT ( 'NONE',  ( 340.0000000000000568, -10.00000000000000000, -10.00000000000000000 ) ) ;
#4514 = CARTESIAN_POINT ( 'NONE',  ( -184.9999999999995453, 304.9334910019900349, 2.000000000000000000 ) ) ;
#4515 = PLANE ( 'NONE',  #1125 ) ;
#4516 = EDGE_CURVE ( 'NONE', #2293, #85, #2808, .T. ) ;
#4517 = VERTEX_POINT ( 'NONE', #5103 ) ;
#4518 = EDGE_LOOP ( 'NONE', ( #2757, #235, #5331, #3593 ) ) ;
#4519 = DIRECTION ( 'NONE',  ( -0.000000000000000000, -0.000000000000000000, -1.000000000000000000 ) ) ;
#4520 = DIRECTION ( 'NONE',  ( 0.000000000000000000, -1.000000000000000000, 0.000000000000000000 ) ) ;
#4521 = LINE ( 'NONE', #977, #5813 ) ;
#4522 = VERTEX_POINT ( 'NONE', #1856 ) ;
#4523 = CARTESIAN_POINT ( 'NONE',  ( 0.000000000000000000, 0.000000000000000000, 42.00000000000000000 ) ) ;
#4524 = ORIENTED_EDGE ( 'NONE', *, *, #3628, .T. ) ;
#4525 = PLANE ( 'NONE',  #5043 ) ;
#4526 = DIRECTION ( 'NONE',  ( 1.000000000000000000, 1.850371707708599493E-15, 0.000000000000000000 ) ) ;
#4527 = DIRECTION ( 'NONE',  ( -0.000000000000000000, -0.000000000000000000, -1.000000000000000000 ) ) ;
#4528 = DIRECTION ( 'NONE',  ( -1.000000000000000000, 3.700743415417198986E-15, 0.000000000000000000 ) ) ;
#4529 = FACE_OUTER_BOUND ( 'NONE', #2358, .T. ) ;
#4530 = EDGE_CURVE ( 'NONE', #483, #2452, #3670, .T. ) ;
#4531 = LINE ( 'NONE', #3140, #186 ) ;
#4532 = ORIENTED_EDGE ( 'NONE', *, *, #4540, .T. ) ;
#4533 = FACE_OUTER_BOUND ( 'NONE', #2320, .T. ) ;
#4534 = CLOSED_SHELL ( 'NONE', ( #4188, #5502, #2387, #2510, #2111, #934, #2329, #4765, #5640, #1641 ) ) ;
#4535 = EDGE_LOOP ( 'NONE', ( #1282, #4, #3535, #1867 ) ) ;
#4536 = AXIS2_PLACEMENT_3D ( 'NONE', #2538, #5203, #2015 ) ;
#4537 = EDGE_CURVE ( 'NONE', #1584, #3676, #4175, .T. ) ;
#4538 = ORIENTED_EDGE ( 'NONE', *, *, #3888, .F. ) ;
#4539 = LINE ( 'NONE', #1604, #1031 ) ;
#4540 = EDGE_CURVE ( 'NONE', #2014, #1917, #4143, .T. ) ;
#4541 = LINE ( 'NONE', #2013, #4488 ) ;
#4542 = LINE ( 'NONE', #456, #725 ) ;
#4543 = DIRECTION ( 'NONE',  ( 2.775557561562904367E-15, -1.000000000000000000, 0.000000000000000000 ) ) ;
#4544 = AXIS2_PLACEMENT_3D ( 'NONE', #5259, #2529, #3101 ) ;
#4545 = ORIENTED_EDGE ( 'NONE', *, *, #762, .F. ) ;
#4546 = EDGE_CURVE ( 'NONE', #4155, #5269, #97, .T. ) ;
#4547 = EDGE_CURVE ( 'NONE', #3113, #2480, #2390, .T. ) ;
#4548 = ORIENTED_EDGE ( 'NONE', *, *, #896, .T. ) ;
#4549 = VECTOR ( 'NONE', #4129, 1000.000000000000000 ) ;
#4550 = VECTOR ( 'NONE', #3276, 1000.000000000000000 ) ;
#4551 = PLANE ( 'NONE',  #3636 ) ;
#4552 = CARTESIAN_POINT ( 'NONE',  ( -184.9999999999995453, 90.00000000000002842, 42.00000000000000000 ) ) ;
#4553 = DIRECTION ( 'NONE',  ( -0.000000000000000000, -0.000000000000000000, -1.000000000000000000 ) ) ;
#4554 = VECTOR ( 'NONE', #622, 1000.000000000000000 ) ;
#4555 = VECTOR ( 'NONE', #2063, 1000.000000000000000 ) ;
#4556 = ORIENTED_EDGE ( 'NONE', *, *, #421, .F. ) ;
#4557 = PLANE ( 'NONE',  #4939 ) ;
#4558 = CARTESIAN_POINT ( 'NONE',  ( -189.9999999999995453, 230.0665089980102209, 42.00000000000000000 ) ) ;
#4559 = ORIENTED_EDGE ( 'NONE', *, *, #3527, .T. ) ;
#4560 = CARTESIAN_POINT ( 'NONE',  ( -215.0000000000006253, 430.0000000000000568, 2.000000000000000000 ) ) ;
#4561 = VECTOR ( 'NONE', #1686, 1000.000000000000000 ) ;
#4562 = DIRECTION ( 'NONE',  ( 0.000000000000000000, -0.000000000000000000, -1.000000000000000000 ) ) ;
#4563 = VECTOR ( 'NONE', #1010, 1000.000000000000000 ) ;
#4564 = LINE ( 'NONE', #5469, #4363 ) ;
#4565 = APPLICATION_CONTEXT ( 'automotive_design' ) ;
#4566 = AXIS2_PLACEMENT_3D ( 'NONE', #1365, #976, #2793 ) ;
#4567 = FACE_OUTER_BOUND ( 'NONE', #1753, .T. ) ;
#4568 = CARTESIAN_POINT ( 'NONE',  ( 0.000000000000000000, 0.000000000000000000, 42.00000000000000000 ) ) ;
#4569 = DIRECTION ( 'NONE',  ( -1.110223024625155752E-14, -1.000000000000000000, 0.000000000000000000 ) ) ;
#4570 = ORIENTED_EDGE ( 'NONE', *, *, #2291, .T. ) ;
#4571 = CARTESIAN_POINT ( 'NONE',  ( -230.0000000000005400, 210.0665089980102493, 2.000000000000000000 ) ) ;
#4572 = EDGE_CURVE ( 'NONE', #1799, #2918, #3820, .T. ) ;
#4573 = EDGE_LOOP ( 'NONE', ( #2520, #1244, #422, #4908, #1861, #3417 ) ) ;
#4574 = ORIENTED_EDGE ( 'NONE', *, *, #3542, .T. ) ;
#4575 = PLANE ( 'NONE',  #2272 ) ;
#4576 = PLANE ( 'NONE',  #4826 ) ;
#4577 = CARTESIAN_POINT ( 'NONE',  ( -355.0000000000005116, 85.00000000000004263, 42.00000000000000000 ) ) ;
#4578 = VECTOR ( 'NONE', #2064, 1000.000000000000000 ) ;
#4579 = EDGE_CURVE ( 'NONE', #1988, #1, #2061, .T. ) ;
#4580 = ORIENTED_EDGE ( 'NONE', *, *, #2435, .T. ) ;
#4581 = VECTOR ( 'NONE', #5345, 1000.000000000000000 ) ;
#4582 = ORIENTED_EDGE ( 'NONE', *, *, #3558, .F. ) ;
#4583 = DIRECTION ( 'NONE',  ( -0.000000000000000000, -0.000000000000000000, -1.000000000000000000 ) ) ;
#4584 = DIRECTION ( 'NONE',  ( 2.775557561562891351E-16, -0.000000000000000000, 1.000000000000000000 ) ) ;
#4585 = DIRECTION ( 'NONE',  ( -1.000000000000000000, -1.110223024625155752E-14, 0.000000000000000000 ) ) ;
#4586 = EDGE_CURVE ( 'NONE', #4625, #1587, #1140, .T. ) ;
#4587 = EDGE_CURVE ( 'NONE', #1832, #5066, #1555, .T. ) ;
#4588 = VECTOR ( 'NONE', #5211, 1000.000000000000000 ) ;
#4589 = VERTEX_POINT ( 'NONE', #1168 ) ;
#4590 = CARTESIAN_POINT ( 'NONE',  ( -49.99999999999960210, 430.0000000000000000, 42.00000000000000000 ) ) ;
#4591 = PLANE ( 'NONE',  #4394 ) ;
#4592 = ORIENTED_EDGE ( 'NONE', *, *, #381, .T. ) ;
#4593 = CARTESIAN_POINT ( 'NONE',  ( -10.00000000000000000, 8.000000000000000000, 8.000000000000001776 ) ) ;
#4594 = CARTESIAN_POINT ( 'NONE',  ( -365.0000000000001705, 74.99999999999990052, 0.000000000000000000 ) ) ;
#4595 = CARTESIAN_POINT ( 'NONE',  ( -335.0000000000005684, 429.9999999999999432, 42.00000000000000000 ) ) ;
#4596 = EDGE_CURVE ( 'NONE', #5386, #2293, #4383, .T. ) ;
#4597 = CARTESIAN_POINT ( 'NONE',  ( -350.0000000000005116, 430.0000000000000000, 42.00000000000000000 ) ) ;
#4598 = LINE ( 'NONE', #509, #3881 ) ;
#4599 = PLANE ( 'NONE',  #1738 ) ;
#4600 = ORIENTED_EDGE ( 'NONE', *, *, #52, .T. ) ;
#4601 = DIRECTION ( 'NONE',  ( 0.000000000000000000, 0.000000000000000000, 1.000000000000000000 ) ) ;
#4602 = ORIENTED_EDGE ( 'NONE', *, *, #1037, .F. ) ;
#4603 = VERTEX_POINT ( 'NONE', #4295 ) ;
#4604 = CARTESIAN_POINT ( 'NONE',  ( -184.9999999999994884, 430.0000000000000568, 42.00000000000000000 ) ) ;
#4605 = LINE ( 'NONE', #5898, #2348 ) ;
#4606 = DIRECTION ( 'NONE',  ( 0.000000000000000000, 1.000000000000000000, 0.000000000000000000 ) ) ;
#4607 = ORIENTED_EDGE ( 'NONE', *, *, #797, .T. ) ;
#4608 = EDGE_LOOP ( 'NONE', ( #1795, #3879, #1534, #5091, #576, #2797 ) ) ;
#4609 = EDGE_CURVE ( 'NONE', #3687, #3143, #5227, .T. ) ;
#4610 = CARTESIAN_POINT ( 'NONE',  ( -355.0000000000005684, 434.9999999999999432, 2.000000000000000000 ) ) ;
#4611 = LINE ( 'NONE', #25, #3695 ) ;
#4612 = PRODUCT_DEFINITION ( 'UNKNOWN', '', #963, #1448 ) ;
#4613 = CARTESIAN_POINT ( 'NONE',  ( -230.0000000000005400, 180.0665089980103915, 42.00000000000000000 ) ) ;
#4614 = VERTEX_POINT ( 'NONE', #3904 ) ;
#4615 = ORIENTED_EDGE ( 'NONE', *, *, #4467, .T. ) ;
#4616 = CARTESIAN_POINT ( 'NONE',  ( -335.0000000000005116, 85.00000000000004263, 2.000000000000000000 ) ) ;
#4617 = EDGE_CURVE ( 'NONE', #1471, #2152, #2958, .T. ) ;
#4618 = PLANE ( 'NONE',  #4970 ) ;
#4619 = ORIENTED_EDGE ( 'NONE', *, *, #4064, .T. ) ;
#4620 = PLANE ( 'NONE',  #2188 ) ;
#4621 = DIRECTION ( 'NONE',  ( 0.000000000000000000, 1.084202172485504434E-16, -1.000000000000000000 ) ) ;
#4622 = FACE_BOUND ( 'NONE', #2374, .T. ) ;
#4623 = CARTESIAN_POINT ( 'NONE',  ( -215.0000000000006253, 430.0000000000000568, 2.000000000000000000 ) ) ;
#4624 = EDGE_CURVE ( 'NONE', #2800, #2817, #1192, .T. ) ;
#4625 = VERTEX_POINT ( 'NONE', #5653 ) ;
#4626 = CARTESIAN_POINT ( 'NONE',  ( -184.9999999999995453, 180.0665089980104199, 42.00000000000000000 ) ) ;
#4627 = ORIENTED_EDGE ( 'NONE', *, *, #1351, .F. ) ;
#4628 = ORIENTED_EDGE ( 'NONE', *, *, #3811, .T. ) ;
#4629 = LINE ( 'NONE', #543, #642 ) ;
#4630 = LINE ( 'NONE', #578, #2921 ) ;
#4631 = CARTESIAN_POINT ( 'NONE',  ( -355.0000000000005684, 434.9999999999999432, -2.000000000000000000 ) ) ;
#4632 = CLOSED_SHELL ( 'NONE', ( #396, #1381, #2805, #5050, #4171, #2634, #251, #2651, #4259, #1884 ) ) ;
#4633 = ORIENTED_EDGE ( 'NONE', *, *, #1530, .T. ) ;
#4634 = ORIENTED_EDGE ( 'NONE', *, *, #1950, .T. ) ;
#4635 = FACE_OUTER_BOUND ( 'NONE', #2335, .T. ) ;
#4636 = LINE ( 'NONE', #5638, #1234 ) ;
#4637 = VECTOR ( 'NONE', #62, 1000.000000000000000 ) ;
#4638 = CARTESIAN_POINT ( 'NONE',  ( -189.9999999999995737, 434.9999999999999432, 2.000000000000000000 ) ) ;
#4639 = EDGE_CURVE ( 'NONE', #3724, #249, #2124, .T. ) ;
#4640 = EDGE_LOOP ( 'NONE', ( #3845, #3369, #1110, #254 ) ) ;
#4641 = VECTOR ( 'NONE', #5237, 1000.000000000000000 ) ;
#4642 = ORIENTED_EDGE ( 'NONE', *, *, #4918, .T. ) ;
#4643 = CARTESIAN_POINT ( 'NONE',  ( -350.0000000000004547, 90.00000000000002842, 42.00000000000000000 ) ) ;
#4644 = DIRECTION ( 'NONE',  ( 0.000000000000000000, -1.000000000000000000, 0.000000000000000000 ) ) ;
#4645 = ORIENTED_EDGE ( 'NONE', *, *, #1593, .F. ) ;
#4646 = CARTESIAN_POINT ( 'NONE',  ( -230.0000000000005400, 339.9334910019898643, 42.00000000000000000 ) ) ;
#4647 = CARTESIAN_POINT ( 'NONE',  ( -215.0000000000005684, 90.00000000000002842, 2.000000000000000000 ) ) ;
#4648 = VECTOR ( 'NONE', #5830, 1000.000000000000000 ) ;
#4649 = MANIFOLD_SOLID_BREP ( 'Boss-Extrude3[1]', #1681 ) ;
#4650 = VECTOR ( 'NONE', #1281, 1000.000000000000000 ) ;
#4651 = EDGE_CURVE ( 'NONE', #2680, #1260, #4263, .T. ) ;
#4652 = CARTESIAN_POINT ( 'NONE',  ( 350.0000000000000568, 9.999999999999946709, -10.00000000000011724 ) ) ;
#4653 = AXIS2_PLACEMENT_3D ( 'NONE', #5670, #4225, #5695 ) ;
#4654 = LINE ( 'NONE', #3283, #3503 ) ;
#4655 = VECTOR ( 'NONE', #250, 1000.000000000000000 ) ;
#4656 = LINE ( 'NONE', #5047, #4885 ) ;
#4657 = EDGE_LOOP ( 'NONE', ( #3482, #724, #3523, #5278 ) ) ;
#4658 = DIRECTION ( 'NONE',  ( -0.000000000000000000, -0.000000000000000000, 1.000000000000000000 ) ) ;
#4659 = CARTESIAN_POINT ( 'NONE',  ( -210.0000000000006537, 185.0665089980103346, 2.000000000000000000 ) ) ;
#4660 = AXIS2_PLACEMENT_3D ( 'NONE', #3755, #1487, #1101 ) ;
#4661 = EDGE_CURVE ( 'NONE', #1169, #513, #1613, .T. ) ;
#4662 = EDGE_CURVE ( 'NONE', #5820, #4077, #5198, .T. ) ;
#4663 = ORIENTED_EDGE ( 'NONE', *, *, #748, .T. ) ;
#4664 = VERTEX_POINT ( 'NONE', #3011 ) ;
#4665 = CARTESIAN_POINT ( 'NONE',  ( -64.99999999999955946, 434.9999999999999432, 42.00000000000000000 ) ) ;
#4666 = DIRECTION ( 'NONE',  ( 1.000000000000000000, 0.000000000000000000, -0.000000000000000000 ) ) ;
#4667 = DIRECTION ( 'NONE',  ( 1.000000000000000000, 0.000000000000000000, -0.000000000000000000 ) ) ;
#4668 = ORIENTED_EDGE ( 'NONE', *, *, #3897, .F. ) ;
#4669 = ORIENTED_EDGE ( 'NONE', *, *, #1822, .F. ) ;
#4670 = CARTESIAN_POINT ( 'NONE',  ( -64.99999999999955946, 434.9999999999999432, 42.00000000000000000 ) ) ;
#4671 =( GEOMETRIC_REPRESENTATION_CONTEXT ( 3 ) GLOBAL_UNCERTAINTY_ASSIGNED_CONTEXT ( ( #971 ) ) GLOBAL_UNIT_ASSIGNED_CONTEXT ( ( #3756, #3783, #1943 ) ) REPRESENTATION_CONTEXT ( 'NONE', 'WORKASPACE' ) );
#4672 = DIRECTION ( 'NONE',  ( 0.000000000000000000, 0.000000000000000000, 1.000000000000000000 ) ) ;
#4673 = LINE ( 'NONE', #587, #5526 ) ;
#4674 = ORIENTED_EDGE ( 'NONE', *, *, #2762, .T. ) ;
#4675 = ORIENTED_EDGE ( 'NONE', *, *, #5665, .T. ) ;
#4676 = CARTESIAN_POINT ( 'NONE',  ( -189.9999999999995453, 105.0000000000000426, 42.00000000000000000 ) ) ;
#4677 = DIRECTION ( 'NONE',  ( -0.000000000000000000, -0.000000000000000000, -1.000000000000000000 ) ) ;
#4678 = ORIENTED_EDGE ( 'NONE', *, *, #5180, .T. ) ;
#4679 = FACE_OUTER_BOUND ( 'NONE', #5273, .T. ) ;
#4680 =( LENGTH_UNIT ( ) NAMED_UNIT ( * ) SI_UNIT ( .MILLI., .METRE. ) );
#4681 = ADVANCED_FACE ( 'NONE', ( #3435 ), #4830, .F. ) ;
#4682 = LINE ( 'NONE', #4232, #4751 ) ;
#4683 = AXIS2_PLACEMENT_3D ( 'NONE', #559, #920, #5490 ) ;
#4684 = MANIFOLD_SOLID_BREP ( 'Boss-Extrude1', #3776 ) ;
#4685 = VECTOR ( 'NONE', #5060, 1000.000000000000000 ) ;
#4686 = DIRECTION ( 'NONE',  ( 0.000000000000000000, 1.000000000000000000, 0.000000000000000000 ) ) ;
#4687 = CARTESIAN_POINT ( 'NONE',  ( -64.99999999999961631, 85.00000000000004263, 42.00000000000000000 ) ) ;
#4688 = ORIENTED_EDGE ( 'NONE', *, *, #4312, .T. ) ;
#4689 = LINE ( 'NONE', #1977, #5142 ) ;
#4690 = CARTESIAN_POINT ( 'NONE',  ( -215.0000000000005684, 354.9334910019899212, 2.000000000000000000 ) ) ;
#4691 = ADVANCED_FACE ( 'NONE', ( #4436 ), #4953, .F. ) ;
#4692 = VECTOR ( 'NONE', #2009, 1000.000000000000000 ) ;
#4693 = MANIFOLD_SOLID_BREP ( 'Boss-Extrude1', #4534 ) ;
#4694 = ORIENTED_EDGE ( 'NONE', *, *, #4389, .F. ) ;
#4695 = CARTESIAN_POINT ( 'NONE',  ( -49.99999999999965894, 304.9334910019900349, 42.00000000000000000 ) ) ;
#4696 = ORIENTED_EDGE ( 'NONE', *, *, #3569, .F. ) ;
#4697 = LINE ( 'NONE', #1444, #3031 ) ;
#4698 = DIRECTION ( 'NONE',  ( 0.000000000000000000, -1.000000000000000000, 0.000000000000000000 ) ) ;
#4699 = EDGE_CURVE ( 'NONE', #1799, #4446, #3046, .T. ) ;
#4700 = ORIENTED_EDGE ( 'NONE', *, *, #5084, .T. ) ;
#4701 = ORIENTED_EDGE ( 'NONE', *, *, #4238, .F. ) ;
#4702 = EDGE_CURVE ( 'NONE', #4929, #2440, #3551, .T. ) ;
#4703 = DIRECTION ( 'NONE',  ( 2.775557561562896479E-15, -1.000000000000000000, 0.000000000000000000 ) ) ;
#4704 = EDGE_CURVE ( 'NONE', #2800, #5820, #439, .T. ) ;
#4705 = CARTESIAN_POINT ( 'NONE',  ( -210.0000000000006253, 415.0000000000000568, 42.00000000000000000 ) ) ;
#4706 = CARTESIAN_POINT ( 'NONE',  ( -230.0000000000005400, 309.9334910019899780, 42.00000000000000000 ) ) ;
#4707 = ORIENTED_EDGE ( 'NONE', *, *, #3295, .T. ) ;
#4708 = ORIENTED_EDGE ( 'NONE', *, *, #39, .T. ) ;
#4709 = CARTESIAN_POINT ( 'NONE',  ( -230.0000000000005400, 185.0665089980103915, 42.00000000000000000 ) ) ;
#4710 = CARTESIAN_POINT ( 'NONE',  ( 0.000000000000000000, -8.000000000000000000, -8.000000000000000000 ) ) ;
#4711 = VERTEX_POINT ( 'NONE', #3575 ) ;
#4712 = PLANE ( 'NONE',  #4083 ) ;
#4713 = CARTESIAN_POINT ( 'NONE',  ( -210.0000000000006537, 334.9334910019899212, 42.00000000000000000 ) ) ;
#4714 = CARTESIAN_POINT ( 'NONE',  ( -210.0000000000005684, 230.0665089980102209, 42.00000000000000000 ) ) ;
#4715 =( NAMED_UNIT ( * ) PLANE_ANGLE_UNIT ( ) SI_UNIT ( $, .RADIAN. ) );
#4716 = ORIENTED_EDGE ( 'NONE', *, *, #2363, .T. ) ;
#4717 = FACE_OUTER_BOUND ( 'NONE', #3395, .T. ) ;
#4718 = DIRECTION ( 'NONE',  ( -1.000000000000000000, 0.000000000000000000, 0.000000000000000000 ) ) ;
#4719 = ADVANCED_FACE ( 'NONE', ( #3 ), #2262, .F. ) ;
#4720 = ORIENTED_EDGE ( 'NONE', *, *, #4032, .T. ) ;
#4721 = PLANE ( 'NONE',  #1687 ) ;
#4722 = ORIENTED_EDGE ( 'NONE', *, *, #5274, .F. ) ;
#4723 = PLANE ( 'NONE',  #2091 ) ;
#4724 = DIRECTION ( 'NONE',  ( 1.000000000000000000, 0.000000000000000000, 0.000000000000000000 ) ) ;
#4725 = EDGE_CURVE ( 'NONE', #5086, #855, #1341, .T. ) ;
#4726 = ORIENTED_EDGE ( 'NONE', *, *, #1235, .T. ) ;
#4727 = EDGE_CURVE ( 'NONE', #3407, #3150, #1818, .T. ) ;
#4728 = ORIENTED_EDGE ( 'NONE', *, *, #505, .T. ) ;
#4729 = CARTESIAN_POINT ( 'NONE',  ( -169.9999999999995453, 435.0000000000000568, 42.00000000000000000 ) ) ;
#4730 = CARTESIAN_POINT ( 'NONE',  ( -184.9999999999995453, 339.9334910019898075, 42.00000000000000000 ) ) ;
#4731 = DIRECTION ( 'NONE',  ( -1.110223024625155752E-14, 1.000000000000000000, 0.000000000000000000 ) ) ;
#4732 = VECTOR ( 'NONE', #880, 1000.000000000000000 ) ;
#4733 = EDGE_CURVE ( 'NONE', #2977, #419, #4864, .T. ) ;
#4734 = EDGE_CURVE ( 'NONE', #1742, #3102, #1459, .T. ) ;
#4735 = VERTEX_POINT ( 'NONE', #1485 ) ;
#4736 = ORIENTED_EDGE ( 'NONE', *, *, #2041, .T. ) ;
#4737 = FACE_OUTER_BOUND ( 'NONE', #3330, .T. ) ;
#4738 = PLANE ( 'NONE',  #1158 ) ;
#4739 = ORIENTED_EDGE ( 'NONE', *, *, #4863, .F. ) ;
#4740 = PLANE ( 'NONE',  #4850 ) ;
#4741 = CONTEXT_DEPENDENT_SHAPE_REPRESENTATION ( #110, #5355 ) ;
#4742 = CARTESIAN_POINT ( 'NONE',  ( -44.99999999999959499, 334.9334910019898643, 42.00000000000000000 ) ) ;
#4743 = VECTOR ( 'NONE', #4927, 1000.000000000000000 ) ;
#4744 = PLANE ( 'NONE',  #4544 ) ;
#4745 = DIRECTION ( 'NONE',  ( -1.000000000000000000, 0.000000000000000000, 0.000000000000000000 ) ) ;
#4746 = ORIENTED_EDGE ( 'NONE', *, *, #3635, .T. ) ;
#4747 = CARTESIAN_POINT ( 'NONE',  ( -215.0000000000007958, 215.0665089980102209, 42.00000000000000000 ) ) ;
#4748 = VECTOR ( 'NONE', #4606, 1000.000000000000000 ) ;
#4749 = LINE ( 'NONE', #219, #102 ) ;
#4750 = VECTOR ( 'NONE', #1251, 1000.000000000000000 ) ;
#4751 = VECTOR ( 'NONE', #2034, 1000.000000000000000 ) ;
#4752 = VECTOR ( 'NONE', #571, 1000.000000000000000 ) ;
#4753 = ORIENTED_EDGE ( 'NONE', *, *, #3406, .F. ) ;
#4754 = DIRECTION ( 'NONE',  ( -1.110223024625155752E-14, -1.000000000000000000, 0.000000000000000000 ) ) ;
#4755 = ORIENTED_EDGE ( 'NONE', *, *, #4395, .F. ) ;
#4756 = CARTESIAN_POINT ( 'NONE',  ( -169.9999999999996021, 215.0665089980102493, 42.00000000000000000 ) ) ;
#4757 = DIRECTION ( 'NONE',  ( -0.000000000000000000, 0.000000000000000000, -1.000000000000000000 ) ) ;
#4758 = VECTOR ( 'NONE', #2343, 1000.000000000000000 ) ;
#4759 = VECTOR ( 'NONE', #601, 1000.000000000000000 ) ;
#4760 = EDGE_CURVE ( 'NONE', #1594, #5850, #5126, .T. ) ;
#4761 = ORIENTED_EDGE ( 'NONE', *, *, #3491, .T. ) ;
#4762 = ORIENTED_EDGE ( 'NONE', *, *, #2724, .T. ) ;
#4763 = DIRECTION ( 'NONE',  ( -0.000000000000000000, -0.000000000000000000, -1.000000000000000000 ) ) ;
#4764 = LINE ( 'NONE', #672, #1599 ) ;
#4765 = ADVANCED_FACE ( 'NONE', ( #4135 ), #1008, .F. ) ;
#4766 = CARTESIAN_POINT ( 'NONE',  ( -230.0000000000005400, 185.0665089980103915, 42.00000000000000000 ) ) ;
#4767 = ORIENTED_EDGE ( 'NONE', *, *, #4828, .T. ) ;
#4768 = VERTEX_POINT ( 'NONE', #502 ) ;
#4769 = CARTESIAN_POINT ( 'NONE',  ( -184.9999999999995453, 180.0665089980104199, 42.00000000000000000 ) ) ;
#4770 = CARTESIAN_POINT ( 'NONE',  ( -169.9999999999996021, 334.9334910019898643, 2.000000000000000000 ) ) ;
#4771 = VERTEX_POINT ( 'NONE', #2413 ) ;
#4772 = CARTESIAN_POINT ( 'NONE',  ( -44.99999999999953815, 414.9999999999999432, 2.000000000000000000 ) ) ;
#4773 = EDGE_CURVE ( 'NONE', #904, #1930, #1847, .T. ) ;
#4774 = CARTESIAN_POINT ( 'NONE',  ( 410.0000000000001137, -8.000000000000001776, -17.99999999999999645 ) ) ;
#4775 = ADVANCED_FACE ( 'NONE', ( #3277 ), #4618, .F. ) ;
#4776 = CARTESIAN_POINT ( 'NONE',  ( -49.99999999999965894, 105.0000000000000995, 2.000000000000000000 ) ) ;
#4777 = SHAPE_REPRESENTATION ( 'T1_2x2', ( #4192 ), #2202 ) ;
#4778 = VECTOR ( 'NONE', #2117, 1000.000000000000000 ) ;
#4779 = ORIENTED_EDGE ( 'NONE', *, *, #4179, .F. ) ;
#4780 = DIRECTION ( 'NONE',  ( -0.000000000000000000, -0.000000000000000000, -1.000000000000000000 ) ) ;
#4781 = CARTESIAN_POINT ( 'NONE',  ( -10.00000000000000000, -10.00000000000000178, 19.99999999999999645 ) ) ;
#4782 = DIRECTION ( 'NONE',  ( 0.000000000000000000, 0.000000000000000000, -1.000000000000000000 ) ) ;
#4783 = EDGE_CURVE ( 'NONE', #1174, #603, #122, .T. ) ;
#4784 = VECTOR ( 'NONE', #1595, 1000.000000000000000 ) ;
#4785 = ORIENTED_EDGE ( 'NONE', *, *, #1806, .T. ) ;
#4786 = CARTESIAN_POINT ( 'NONE',  ( -350.0000000000004547, 180.0665089980104199, 2.000000000000000000 ) ) ;
#4787 = EDGE_LOOP ( 'NONE', ( #785, #731, #4701, #4532 ) ) ;
#4788 = LINE ( 'NONE', #697, #5427 ) ;
#4789 = COLOUR_RGB ( '',0.7921568627450980005, 0.8196078431372548767, 0.9333333333333333481 ) ;
#4790 = ORIENTED_EDGE ( 'NONE', *, *, #1455, .F. ) ;
#4791 = VERTEX_POINT ( 'NONE', #3753 ) ;
#4792 = CARTESIAN_POINT ( 'NONE',  ( -210.0000000000005400, 434.9999999999999432, -2.000000000000000000 ) ) ;
#4793 = DIRECTION ( 'NONE',  ( -0.000000000000000000, -0.000000000000000000, -1.000000000000000000 ) ) ;
#4794 = CARTESIAN_POINT ( 'NONE',  ( -44.99999999999965183, 230.0665089980102209, 2.000000000000000000 ) ) ;
#4795 = APPLICATION_CONTEXT ( 'automotive_design' ) ;
#4796 = EDGE_LOOP ( 'NONE', ( #4951, #4162, #3754, #3556 ) ) ;
#4797 = ADVANCED_FACE ( 'NONE', ( #31 ), #3662, .F. ) ;
#4798 = ORIENTED_EDGE ( 'NONE', *, *, #4469, .T. ) ;
#4799 = DIRECTION ( 'NONE',  ( 0.000000000000000000, -1.000000000000000000, 0.000000000000000000 ) ) ;
#4800 = PLANE ( 'NONE',  #3728 ) ;
#4801 = FACE_OUTER_BOUND ( 'NONE', #1176, .T. ) ;
#4802 = CARTESIAN_POINT ( 'NONE',  ( 0.000000000000000000, -10.00000000000000000, -10.00000000000000000 ) ) ;
#4803 = EDGE_CURVE ( 'NONE', #4603, #2680, #4199, .T. ) ;
#4804 =( LENGTH_UNIT ( ) NAMED_UNIT ( * ) SI_UNIT ( .MILLI., .METRE. ) );
#4805 = SURFACE_STYLE_FILL_AREA ( #270 ) ;
#4806 = ORIENTED_EDGE ( 'NONE', *, *, #5477, .F. ) ;
#4807 = DIRECTION ( 'NONE',  ( 1.110223024625155752E-14, -1.000000000000000000, 0.000000000000000000 ) ) ;
#4808 = CARTESIAN_POINT ( 'NONE',  ( -49.99999999999960210, 430.0000000000000000, 42.00000000000000000 ) ) ;
#4809 = LINE ( 'NONE', #2962, #2183 ) ;
#4810 = EDGE_CURVE ( 'NONE', #668, #1521, #2828, .T. ) ;
#4811 = ADVANCED_FACE ( 'NONE', ( #952 ), #2740, .T. ) ;
#4812 = ORIENTED_EDGE ( 'NONE', *, *, #4919, .T. ) ;
#4813 = DIRECTION ( 'NONE',  ( -1.000000000000000000, -1.110223024625155752E-14, 0.000000000000000000 ) ) ;
#4814 = VERTEX_POINT ( 'NONE', #3689 ) ;
#4815 = CARTESIAN_POINT ( 'NONE',  ( 0.000000000000000000, 0.000000000000000000, 2.000000000000000000 ) ) ;
#4816 = ORIENTED_EDGE ( 'NONE', *, *, #3060, .F. ) ;
#4817 = ORIENTED_EDGE ( 'NONE', *, *, #3192, .T. ) ;
#4818 = DIRECTION ( 'NONE',  ( -1.387778780781448239E-15, 1.000000000000000000, 0.000000000000000000 ) ) ;
#4819 = PLANE ( 'NONE',  #5120 ) ;
#4820 = DIRECTION ( 'NONE',  ( 1.000000000000000000, 1.110223024625155752E-14, 0.000000000000000000 ) ) ;
#4821 = ORIENTED_EDGE ( 'NONE', *, *, #4328, .T. ) ;
#4822 = ORIENTED_EDGE ( 'NONE', *, *, #1736, .T. ) ;
#4823 = CARTESIAN_POINT ( 'NONE',  ( -215.0000000000005684, 105.0000000000000995, 2.000000000000000000 ) ) ;
#4824 = CARTESIAN_POINT ( 'NONE',  ( 410.0000000000001137, 8.000000000000000000, -17.99999999999999645 ) ) ;
#4825 = CARTESIAN_POINT ( 'NONE',  ( -10.00000000000000000, -8.000000000000000000, -8.000000000000000000 ) ) ;
#4826 = AXIS2_PLACEMENT_3D ( 'NONE', #1386, #3202, #5054 ) ;
#4827 = FACE_OUTER_BOUND ( 'NONE', #3969, .T. ) ;
#4828 = EDGE_CURVE ( 'NONE', #5107, #3837, #3215, .T. ) ;
#4829 = FACE_OUTER_BOUND ( 'NONE', #3563, .T. ) ;
#4830 = PLANE ( 'NONE',  #685 ) ;
#4831 = VERTEX_POINT ( 'NONE', #3248 ) ;
#4832 = PLANE ( 'NONE',  #1898 ) ;
#4833 = PLANE ( 'NONE',  #387 ) ;
#4834 = FACE_OUTER_BOUND ( 'NONE', #2823, .T. ) ;
#4835 = VECTOR ( 'NONE', #2922, 1000.000000000000000 ) ;
#4836 = EDGE_CURVE ( 'NONE', #548, #974, #3780, .T. ) ;
#4837 = AXIS2_PLACEMENT_3D ( 'NONE', #4492, #3718, #466 ) ;
#4838 = ORIENTED_EDGE ( 'NONE', *, *, #2818, .F. ) ;
#4839 = CARTESIAN_POINT ( 'NONE',  ( -355.0000000000006253, 334.9334910019899212, 42.00000000000000000 ) ) ;
#4840 = VECTOR ( 'NONE', #5159, 1000.000000000000000 ) ;
#4841 = ORIENTED_EDGE ( 'NONE', *, *, #213, .F. ) ;
#4842 = PLANE ( 'NONE',  #4174 ) ;
#4843 = ADVANCED_FACE ( 'NONE', ( #1940 ), #4591, .T. ) ;
#4844 = EDGE_CURVE ( 'NONE', #355, #1521, #983, .T. ) ;
#4845 = AXIS2_PLACEMENT_3D ( 'NONE', #3325, #5233, #1144 ) ;
#4846 = VECTOR ( 'NONE', #3286, 1000.000000000000000 ) ;
#4847 = VERTEX_POINT ( 'NONE', #527 ) ;
#4848 = VERTEX_POINT ( 'NONE', #2349 ) ;
#4849 = VECTOR ( 'NONE', #2140, 1000.000000000000000 ) ;
#4850 = AXIS2_PLACEMENT_3D ( 'NONE', #3431, #2415, #2057 ) ;
#4851 = CARTESIAN_POINT ( 'NONE',  ( -49.99999999999965894, 230.0665089980102778, 2.000000000000000000 ) ) ;
#4852 = LINE ( 'NONE', #3591, #5892 ) ;
#4853 = CARTESIAN_POINT ( 'NONE',  ( -64.99999999999955946, 429.9999999999999432, 2.000000000000000000 ) ) ;
#4854 = VECTOR ( 'NONE', #763, 1000.000000000000000 ) ;
#4855 = ORIENTED_EDGE ( 'NONE', *, *, #1922, .T. ) ;
#4856 = EDGE_LOOP ( 'NONE', ( #2246, #2891, #4335, #5571 ) ) ;
#4857 = LINE ( 'NONE', #5280, #2935 ) ;
#4858 = LINE ( 'NONE', #1754, #3161 ) ;
#4859 = DIRECTION ( 'NONE',  ( -0.000000000000000000, -0.000000000000000000, -1.000000000000000000 ) ) ;
#4860 = SHAPE_DEFINITION_REPRESENTATION ( #4339, #4154 ) ;
#4861 = LINE ( 'NONE', #299, #5719 ) ;
#4862 = PLANE ( 'NONE',  #4364 ) ;
#4863 = EDGE_CURVE ( 'NONE', #54, #1808, #88, .T. ) ;
#4864 = LINE ( 'NONE', #774, #5261 ) ;
#4865 = VERTEX_POINT ( 'NONE', #3900 ) ;
#4866 = DIRECTION ( 'NONE',  ( -1.000000000000000000, 1.110223024625155752E-14, 0.000000000000000000 ) ) ;
#4867 = CARTESIAN_POINT ( 'NONE',  ( -355.0000000000006821, 289.9334910019900349, 42.00000000000000000 ) ) ;
#4868 = DIRECTION ( 'NONE',  ( -0.000000000000000000, -0.000000000000000000, 1.000000000000000000 ) ) ;
#4869 = ORIENTED_EDGE ( 'NONE', *, *, #5793, .T. ) ;
#4870 = ORIENTED_EDGE ( 'NONE', *, *, #5508, .T. ) ;
#4871 = CARTESIAN_POINT ( 'NONE',  ( 0.000000000000000000, 8.000000000000001776, -8.000000000000000000 ) ) ;
#4872 = EDGE_CURVE ( 'NONE', #253, #4056, #1635, .T. ) ;
#4873 = PRODUCT_DEFINITION_SHAPE ( 'NONE', 'NONE',  #5904 ) ;
#4874 = APPLICATION_CONTEXT ( 'automotive_design' ) ;
#4875 = VERTEX_POINT ( 'NONE', #5732 ) ;
#4876 = DIRECTION ( 'NONE',  ( 0.000000000000000000, 0.000000000000000000, 1.000000000000000000 ) ) ;
#4877 = PRESENTATION_LAYER_ASSIGNMENT (  '', '', ( #868 ) ) ;
#4878 = ORIENTED_EDGE ( 'NONE', *, *, #4609, .T. ) ;
#4879 = VECTOR ( 'NONE', #200, 1000.000000000000000 ) ;
#4880 = ORIENTED_EDGE ( 'NONE', *, *, #3711, .T. ) ;
#4881 = DIRECTION ( 'NONE',  ( 1.850371707708627103E-15, 1.000000000000000000, -0.000000000000000000 ) ) ;
#4882 = VERTEX_POINT ( 'NONE', #1187 ) ;
#4883 = CARTESIAN_POINT ( 'NONE',  ( 350.0000000000000568, 8.000000000000001776, -8.000000000000000000 ) ) ;
#4884 = DIRECTION ( 'NONE',  ( -0.000000000000000000, -0.000000000000000000, -1.000000000000000000 ) ) ;
#4885 = VECTOR ( 'NONE', #4234, 1000.000000000000000 ) ;
#4886 = ORIENTED_EDGE ( 'NONE', *, *, #498, .F. ) ;
#4887 = EDGE_CURVE ( 'NONE', #1719, #2048, #2501, .T. ) ;
#4888 = EDGE_CURVE ( 'NONE', #3120, #767, #2556, .T. ) ;
#4889 = VERTEX_POINT ( 'NONE', #4770 ) ;
#4890 = DIRECTION ( 'NONE',  ( -0.000000000000000000, -0.000000000000000000, -1.000000000000000000 ) ) ;
#4891 = DIRECTION ( 'NONE',  ( -0.000000000000000000, -0.000000000000000000, -1.000000000000000000 ) ) ;
#4892 = CONTEXT_DEPENDENT_SHAPE_REPRESENTATION ( #4374, #256 ) ;
#4893 = DIRECTION ( 'NONE',  ( 0.000000000000000000, 1.000000000000000000, 0.000000000000000000 ) ) ;
#4894 = DIRECTION ( 'NONE',  ( -0.000000000000000000, -0.000000000000000000, -1.000000000000000000 ) ) ;
#4895 = PRESENTATION_STYLE_ASSIGNMENT (( #3076 ) ) ;
#4896 = ORIENTED_EDGE ( 'NONE', *, *, #4321, .F. ) ;
#4897 = PLANE ( 'NONE',  #3520 ) ;
#4898 = CARTESIAN_POINT ( 'NONE',  ( -210.0000000000005400, 85.00000000000005684, 42.00000000000000000 ) ) ;
#4899 = ORIENTED_EDGE ( 'NONE', *, *, #2643, .F. ) ;
#4900 = FACE_OUTER_BOUND ( 'NONE', #5672, .T. ) ;
#4901 = DIRECTION ( 'NONE',  ( -1.000000000000000000, 0.000000000000000000, -0.000000000000000000 ) ) ;
#4902 = ORIENTED_EDGE ( 'NONE', *, *, #1367, .T. ) ;
#4903 = CARTESIAN_POINT ( 'NONE',  ( -210.0000000000005400, 434.9999999999999432, 2.000000000000000000 ) ) ;
#4904 = ADVANCED_FACE ( 'NONE', ( #2031 ), #3868, .T. ) ;
#4905 = ORIENTED_EDGE ( 'NONE', *, *, #5024, .F. ) ;
#4906 = ORIENTED_EDGE ( 'NONE', *, *, #5611, .T. ) ;
#4907 = PLANE ( 'NONE',  #2778 ) ;
#4908 = ORIENTED_EDGE ( 'NONE', *, *, #5197, .T. ) ;
#4909 = CARTESIAN_POINT ( 'NONE',  ( -44.99999999999953815, 85.00000000000005684, 2.000000000000000000 ) ) ;
#4910 = CARTESIAN_POINT ( 'NONE',  ( -49.99999999999965894, 339.9334910019898075, 42.00000000000000000 ) ) ;
#4911 = EDGE_CURVE ( 'NONE', #869, #4278, #1605, .T. ) ;
#4912 = ADVANCED_FACE ( 'NONE', ( #3460 ), #4800, .F. ) ;
#4913 = EDGE_LOOP ( 'NONE', ( #1178, #5052, #732, #5458 ) ) ;
#4914 = ORIENTED_EDGE ( 'NONE', *, *, #5329, .F. ) ;
#4915 = DIRECTION ( 'NONE',  ( 1.000000000000000000, -2.775557561562904367E-15, 0.000000000000000000 ) ) ;
#4916 = CARTESIAN_POINT ( 'NONE',  ( -169.9999999999996021, 309.9334910019899780, 42.00000000000000000 ) ) ;
#4917 = LINE ( 'NONE', #3548, #2849 ) ;
#4918 = EDGE_CURVE ( 'NONE', #2584, #2752, #296, .T. ) ;
#4919 = EDGE_CURVE ( 'NONE', #2845, #5150, #4254, .T. ) ;
#4920 = PLANE ( 'NONE',  #75 ) ;
#4921 = DIRECTION ( 'NONE',  ( 0.000000000000000000, -1.000000000000000000, 0.000000000000000000 ) ) ;
#4922 = ORIENTED_EDGE ( 'NONE', *, *, #580, .T. ) ;
#4923 = PLANE ( 'NONE',  #564 ) ;
#4924 = CARTESIAN_POINT ( 'NONE',  ( -64.99999999999955946, 434.9999999999999432, 2.000000000000000000 ) ) ;
#4925 = VECTOR ( 'NONE', #1445, 1000.000000000000000 ) ;
#4926 = ORIENTED_EDGE ( 'NONE', *, *, #4049, .F. ) ;
#4927 = DIRECTION ( 'NONE',  ( 0.000000000000000000, -1.084202172485504434E-16, 1.000000000000000000 ) ) ;
#4928 = LINE ( 'NONE', #2219, #593 ) ;
#4929 = VERTEX_POINT ( 'NONE', #619 ) ;
#4930 = PLANE ( 'NONE',  #4368 ) ;
#4931 = VECTOR ( 'NONE', #2209, 1000.000000000000000 ) ;
#4932 = ORIENTED_EDGE ( 'NONE', *, *, #762, .T. ) ;
#4933 = ORIENTED_EDGE ( 'NONE', *, *, #2278, .T. ) ;
#4934 = EDGE_CURVE ( 'NONE', #5107, #390, #3430, .T. ) ;
#4935 = CARTESIAN_POINT ( 'NONE',  ( -44.99999999999959499, 185.0665089980103915, 42.00000000000000000 ) ) ;
#4936 = EDGE_LOOP ( 'NONE', ( #2664, #629, #3562, #4973 ) ) ;
#4937 = CARTESIAN_POINT ( 'NONE',  ( -10.00000000000000000, -10.00000000000000000, 10.00000000000000000 ) ) ;
#4938 = VECTOR ( 'NONE', #1241, 1000.000000000000000 ) ;
#4939 = AXIS2_PLACEMENT_3D ( 'NONE', #29, #2321, #1783 ) ;
#4940 = VECTOR ( 'NONE', #3469, 1000.000000000000000 ) ;
#4941 = ORIENTED_EDGE ( 'NONE', *, *, #3621, .F. ) ;
#4942 = VECTOR ( 'NONE', #786, 1000.000000000000000 ) ;
#4943 = EDGE_LOOP ( 'NONE', ( #1829, #2350, #4489, #2053 ) ) ;
#4944 = ADVANCED_FACE ( 'NONE', ( #208 ), #234, .T. ) ;
#4945 = DIRECTION ( 'NONE',  ( 0.000000000000000000, 1.000000000000000000, 0.000000000000000000 ) ) ;
#4946 = LINE ( 'NONE', #3927, #837 ) ;
#4947 = ITEM_DEFINED_TRANSFORMATION ( 'NONE', 'NONE', #5445,  #4192 ) ;
#4948 = CARTESIAN_POINT ( 'NONE',  ( -44.99999999999965183, 165.0665089980103915, 2.000000000000000000 ) ) ;
#4949 = VECTOR ( 'NONE', #4553, 1000.000000000000000 ) ;
#4950 = AXIS2_PLACEMENT_3D ( 'NONE', #5397, #5342, #770 ) ;
#4951 = ORIENTED_EDGE ( 'NONE', *, *, #4810, .T. ) ;
#4952 = DIRECTION ( 'NONE',  ( -0.000000000000000000, -0.000000000000000000, -1.000000000000000000 ) ) ;
#4953 = PLANE ( 'NONE',  #1250 ) ;
#4954 = ORIENTED_EDGE ( 'NONE', *, *, #2434, .F. ) ;
#4955 = FACE_OUTER_BOUND ( 'NONE', #5059, .T. ) ;
#4956 = LINE ( 'NONE', #3164, #1815 ) ;
#4957 = CARTESIAN_POINT ( 'NONE',  ( 378.2842712474619589, 10.00000000000000000, -10.00000000000000000 ) ) ;
#4958 = ORIENTED_EDGE ( 'NONE', *, *, #3858, .T. ) ;
#4959 = CARTESIAN_POINT ( 'NONE',  ( 0.000000000000000000, 0.000000000000000000, 42.00000000000000000 ) ) ;
#4960 = DIRECTION ( 'NONE',  ( 1.000000000000000000, -2.775557561562904367E-15, 0.000000000000000000 ) ) ;
#4961 = ADVANCED_FACE ( 'NONE', ( #5160 ), #4738, .T. ) ;
#4962 = AXIS2_PLACEMENT_3D ( 'NONE', #5527, #3218, #34 ) ;
#4963 = ORIENTED_EDGE ( 'NONE', *, *, #2895, .T. ) ;
#4964 = PLANE ( 'NONE',  #278 ) ;
#4965 = EDGE_LOOP ( 'NONE', ( #5184, #4153, #4031, #2721 ) ) ;
#4966 = ORIENTED_EDGE ( 'NONE', *, *, #605, .F. ) ;
#4967 = LINE ( 'NONE', #4512, #1317 ) ;
#4968 = LINE ( 'NONE', #3622, #1067 ) ;
#4969 = LINE ( 'NONE', #4514, #3112 ) ;
#4970 = AXIS2_PLACEMENT_3D ( 'NONE', #2295, #5094, #5554 ) ;
#4971 = DIRECTION ( 'NONE',  ( 1.110223024625155752E-14, 1.000000000000000000, -0.000000000000000000 ) ) ;
#4972 = VECTOR ( 'NONE', #4237, 1000.000000000000000 ) ;
#4973 = ORIENTED_EDGE ( 'NONE', *, *, #5689, .F. ) ;
#4974 = EDGE_LOOP ( 'NONE', ( #3238, #1309, #2304, #2633 ) ) ;
#4975 = LINE ( 'NONE', #2674, #1253 ) ;
#4976 = DIRECTION ( 'NONE',  ( -0.000000000000000000, -0.000000000000000000, -1.000000000000000000 ) ) ;
#4977 = FACE_OUTER_BOUND ( 'NONE', #999, .T. ) ;
#4978 = VECTOR ( 'NONE', #2867, 1000.000000000000000 ) ;
#4979 = EDGE_CURVE ( 'NONE', #4308, #1271, #2890, .T. ) ;
#4980 = EDGE_LOOP ( 'NONE', ( #1289, #1009, #5189, #606 ) ) ;
#4981 = LINE ( 'NONE', #890, #5132 ) ;
#4982 = VERTEX_POINT ( 'NONE', #3844 ) ;
#4983 = CARTESIAN_POINT ( 'NONE',  ( -184.9999999999995453, 289.9334910019899780, 42.00000000000000000 ) ) ;
#4984 = CARTESIAN_POINT ( 'NONE',  ( -230.0000000000005400, 309.9334910019899780, 2.000000000000000000 ) ) ;
#4985 = CARTESIAN_POINT ( 'NONE',  ( -230.0000000000005400, 339.9334910019898643, 42.00000000000000000 ) ) ;
#4986 = EDGE_CURVE ( 'NONE', #620, #398, #1071, .T. ) ;
#4987 = DIRECTION ( 'NONE',  ( 0.000000000000000000, 0.000000000000000000, 1.000000000000000000 ) ) ;
#4988 = DIRECTION ( 'NONE',  ( 1.000000000000000000, 0.000000000000000000, -0.000000000000000000 ) ) ;
#4989 = ORIENTED_EDGE ( 'NONE', *, *, #3133, .T. ) ;
#4990 = CARTESIAN_POINT ( 'NONE',  ( -335.0000000000007390, 185.0665089980103915, 2.000000000000000000 ) ) ;
#4991 = EDGE_CURVE ( 'NONE', #3428, #70, #1548, .T. ) ;
#4992 = ADVANCED_FACE ( 'NONE', ( #5191 ), #5674, .T. ) ;
#4993 = ORIENTED_EDGE ( 'NONE', *, *, #4110, .F. ) ;
#4994 = ORIENTED_EDGE ( 'NONE', *, *, #4547, .T. ) ;
#4995 = LINE ( 'NONE', #2522, #2268 ) ;
#4996 = LINE ( 'NONE', #131, #1337 ) ;
#4997 = CARTESIAN_POINT ( 'NONE',  ( -335.0000000000005116, 90.00000000000005684, 42.00000000000000000 ) ) ;
#4998 = CARTESIAN_POINT ( 'NONE',  ( -184.9999999999995453, 230.0665089980102778, 42.00000000000000000 ) ) ;
#4999 = VERTEX_POINT ( 'NONE', #1130 ) ;
#5000 = ORIENTED_EDGE ( 'NONE', *, *, #4624, .F. ) ;
#5001 = FACE_OUTER_BOUND ( 'NONE', #4980, .T. ) ;
#5002 = LINE ( 'NONE', #3271, #1885 ) ;
#5003 = DIRECTION ( 'NONE',  ( -1.110223024625155752E-14, -1.000000000000000000, 0.000000000000000000 ) ) ;
#5004 = ORIENTED_EDGE ( 'NONE', *, *, #94, .F. ) ;
#5005 = LINE ( 'NONE', #410, #4455 ) ;
#5006 = CARTESIAN_POINT ( 'NONE',  ( -49.99999999999965894, 354.9334910019899212, 42.00000000000000000 ) ) ;
#5007 = ORIENTED_EDGE ( 'NONE', *, *, #16, .T. ) ;
#5008 = PLANE ( 'NONE',  #757 ) ;
#5009 = PLANE ( 'NONE',  #3440 ) ;
#5010 = EDGE_CURVE ( 'NONE', #308, #419, #2056, .T. ) ;
#5011 = DIRECTION ( 'NONE',  ( 0.000000000000000000, 0.000000000000000000, 1.000000000000000000 ) ) ;
#5012 = FACE_OUTER_BOUND ( 'NONE', #1269, .T. ) ;
#5013 = FACE_OUTER_BOUND ( 'NONE', #624, .T. ) ;
#5014 = DIRECTION ( 'NONE',  ( 0.000000000000000000, 0.000000000000000000, -1.000000000000000000 ) ) ;
#5015 = VERTEX_POINT ( 'NONE', #856 ) ;
#5016 = FACE_OUTER_BOUND ( 'NONE', #2028, .T. ) ;
#5017 = EDGE_CURVE ( 'NONE', #511, #4614, #3516, .T. ) ;
#5018 = VECTOR ( 'NONE', #2283, 1000.000000000000000 ) ;
#5019 = ORIENTED_EDGE ( 'NONE', *, *, #2292, .F. ) ;
#5020 = VERTEX_POINT ( 'NONE', #2616 ) ;
#5021 = DIRECTION ( 'NONE',  ( -0.000000000000000000, -0.000000000000000000, -1.000000000000000000 ) ) ;
#5022 = EDGE_CURVE ( 'NONE', #5863, #5107, #3984, .T. ) ;
#5023 = LINE ( 'NONE', #4034, #4732 ) ;
#5024 = EDGE_CURVE ( 'NONE', #3836, #1758, #433, .T. ) ;
#5025 = DIRECTION ( 'NONE',  ( 0.000000000000000000, 1.000000000000000000, 0.000000000000000000 ) ) ;
#5026 = STYLED_ITEM ( 'NONE', ( #4322 ), #882 ) ;
#5027 = ORIENTED_EDGE ( 'NONE', *, *, #2065, .F. ) ;
#5028 = ORIENTED_EDGE ( 'NONE', *, *, #4617, .T. ) ;
#5029 = VECTOR ( 'NONE', #4891, 1000.000000000000000 ) ;
#5030 = VECTOR ( 'NONE', #1186, 1000.000000000000000 ) ;
#5031 = CARTESIAN_POINT ( 'NONE',  ( -210.0000000000005684, 354.9334910019898643, 42.00000000000000000 ) ) ;
#5032 = EDGE_CURVE ( 'NONE', #4865, #1594, #5341, .T. ) ;
#5033 = CARTESIAN_POINT ( 'NONE',  ( -355.0000000000005116, 415.0000000000000000, 2.000000000000000000 ) ) ;
#5034 = LINE ( 'NONE', #4249, #750 ) ;
#5035 = VECTOR ( 'NONE', #3191, 1000.000000000000000 ) ;
#5036 = VECTOR ( 'NONE', #1713, 1000.000000000000000 ) ;
#5037 = ORIENTED_EDGE ( 'NONE', *, *, #2987, .F. ) ;
#5038 = LINE ( 'NONE', #2739, #3221 ) ;
#5039 = DIRECTION ( 'NONE',  ( -1.000000000000000000, 1.850371707708627103E-15, 0.000000000000000000 ) ) ;
#5040 = VERTEX_POINT ( 'NONE', #4039 ) ;
#5041 = LINE ( 'NONE', #3638, #1708 ) ;
#5042 = VECTOR ( 'NONE', #51, 1000.000000000000000 ) ;
#5043 = AXIS2_PLACEMENT_3D ( 'NONE', #4078, #5, #2952 ) ;
#5044 = DIRECTION ( 'NONE',  ( -0.000000000000000000, -1.000000000000000000, -1.084202172485504434E-16 ) ) ;
#5045 = DIRECTION ( 'NONE',  ( -1.000000000000000000, 6.938893903907233308E-16, 0.000000000000000000 ) ) ;
#5046 = LINE ( 'NONE', #3642, #2172 ) ;
#5047 = CARTESIAN_POINT ( 'NONE',  ( -64.99999999999961631, 334.9334910019898643, 2.000000000000000000 ) ) ;
#5048 = ORIENTED_EDGE ( 'NONE', *, *, #3184, .T. ) ;
#5049 = DIRECTION ( 'NONE',  ( -0.000000000000000000, 0.000000000000000000, -1.000000000000000000 ) ) ;
#5050 = ADVANCED_FACE ( 'NONE', ( #3597 ), #4431, .T. ) ;
#5051 = ORIENTED_EDGE ( 'NONE', *, *, #1047, .F. ) ;
#5052 = ORIENTED_EDGE ( 'NONE', *, *, #4032, .F. ) ;
#5053 = DIRECTION ( 'NONE',  ( 1.000000000000000000, 0.000000000000000000, 0.000000000000000000 ) ) ;
#5054 = DIRECTION ( 'NONE',  ( -0.000000000000000000, 0.000000000000000000, -1.000000000000000000 ) ) ;
#5055 = CARTESIAN_POINT ( 'NONE',  ( -189.9999999999995168, 435.0000000000000000, 42.00000000000000000 ) ) ;
#5056 = VECTOR ( 'NONE', #879, 1000.000000000000000 ) ;
#5057 = EDGE_LOOP ( 'NONE', ( #3106, #3504, #2492, #4822, #901, #336, #980, #5413, #3012, #3706, #4607, #5147, #5536, #150, #1442, #1866, #1068, #1286, #2016, #965, #2996, #4785, #4425, #4336 ) ) ;
#5058 = VECTOR ( 'NONE', #4890, 1000.000000000000000 ) ;
#5059 = EDGE_LOOP ( 'NONE', ( #5662, #676, #3077, #5538 ) ) ;
#5060 = DIRECTION ( 'NONE',  ( 0.000000000000000000, 1.000000000000000000, 0.000000000000000000 ) ) ;
#5061 = DIRECTION ( 'NONE',  ( -1.000000000000000000, -1.850371707708627103E-15, 0.000000000000000000 ) ) ;
#5062 = CARTESIAN_POINT ( 'NONE',  ( -189.9999999999995453, 289.9334910019900349, 42.00000000000000000 ) ) ;
#5063 = AXIS2_PLACEMENT_3D ( 'NONE', #1496, #1080, #2699 ) ;
#5064 = EDGE_CURVE ( 'NONE', #5386, #1056, #5821, .T. ) ;
#5065 = EDGE_CURVE ( 'NONE', #1758, #436, #5851, .T. ) ;
#5066 = VERTEX_POINT ( 'NONE', #3571 ) ;
#5067 = DIRECTION ( 'NONE',  ( -1.000000000000000000, 0.000000000000000000, 0.000000000000000000 ) ) ;
#5068 = DIRECTION ( 'NONE',  ( 3.700743415417254206E-15, -1.000000000000000000, 0.000000000000000000 ) ) ;
#5069 = VECTOR ( 'NONE', #1466, 1000.000000000000000 ) ;
#5070 = ORIENTED_EDGE ( 'NONE', *, *, #5540, .F. ) ;
#5071 = DIRECTION ( 'NONE',  ( -0.000000000000000000, -0.000000000000000000, -1.000000000000000000 ) ) ;
#5072 = DIRECTION ( 'NONE',  ( -1.224646799147352714E-16, 1.000000000000000000, 3.773734306841389525E-48 ) ) ;
#5073 = FACE_OUTER_BOUND ( 'NONE', #4573, .T. ) ;
#5074 = LINE ( 'NONE', #1012, #827 ) ;
#5075 = DIRECTION ( 'NONE',  ( 0.000000000000000000, -0.000000000000000000, -1.000000000000000000 ) ) ;
#5076 = DIRECTION ( 'NONE',  ( -1.000000000000000000, 0.000000000000000000, 0.000000000000000000 ) ) ;
#5077 = ORIENTED_EDGE ( 'NONE', *, *, #2687, .T. ) ;
#5078 = LINE ( 'NONE', #537, #1510 ) ;
#5079 = ORIENTED_EDGE ( 'NONE', *, *, #4244, .T. ) ;
#5080 = ORIENTED_EDGE ( 'NONE', *, *, #5728, .T. ) ;
#5081 = DIRECTION ( 'NONE',  ( -0.000000000000000000, -0.000000000000000000, -1.000000000000000000 ) ) ;
#5082 = DIRECTION ( 'NONE',  ( 0.000000000000000000, -1.000000000000000000, 0.000000000000000000 ) ) ;
#5083 = DIRECTION ( 'NONE',  ( 0.000000000000000000, -1.084202172485504434E-16, 1.000000000000000000 ) ) ;
#5084 = EDGE_CURVE ( 'NONE', #2440, #4735, #800, .T. ) ;
#5085 = EDGE_LOOP ( 'NONE', ( #4674, #204, #2107, #4498 ) ) ;
#5086 = VERTEX_POINT ( 'NONE', #3546 ) ;
#5087 = DIRECTION ( 'NONE',  ( 0.000000000000000000, -1.000000000000000000, 0.000000000000000000 ) ) ;
#5088 = DIRECTION ( 'NONE',  ( 1.000000000000000000, 1.850371707708599493E-15, 0.000000000000000000 ) ) ;
#5089 = EDGE_CURVE ( 'NONE', #557, #3228, #5373, .T. ) ;
#5090 = FACE_OUTER_BOUND ( 'NONE', #994, .T. ) ;
#5091 = ORIENTED_EDGE ( 'NONE', *, *, #4572, .T. ) ;
#5092 = ORIENTED_EDGE ( 'NONE', *, *, #2985, .F. ) ;
#5093 = LINE ( 'NONE', #4769, #1127 ) ;
#5094 = DIRECTION ( 'NONE',  ( 3.700743415417198986E-15, 1.000000000000000000, -0.000000000000000000 ) ) ;
#5095 = ORIENTED_EDGE ( 'NONE', *, *, #3703, .T. ) ;
#5096 = CARTESIAN_POINT ( 'NONE',  ( -215.0000000000005684, 90.00000000000002842, 42.00000000000000000 ) ) ;
#5097 = DIRECTION ( 'NONE',  ( 0.000000000000000000, 0.000000000000000000, 1.000000000000000000 ) ) ;
#5098 = EDGE_CURVE ( 'NONE', #4422, #3027, #1278, .T. ) ;
#5099 = LINE ( 'NONE', #4647, #1314 ) ;
#5100 = EDGE_CURVE ( 'NONE', #5353, #2673, #4014, .T. ) ;
#5101 = LINE ( 'NONE', #3167, #730 ) ;
#5102 = DIRECTION ( 'NONE',  ( 0.000000000000000000, 0.000000000000000000, 1.000000000000000000 ) ) ;
#5103 = CARTESIAN_POINT ( 'NONE',  ( -230.0000000000005400, 309.9334910019899780, 42.00000000000000000 ) ) ;
#5104 = VERTEX_POINT ( 'NONE', #1777 ) ;
#5105 = CARTESIAN_POINT ( 'NONE',  ( -230.0000000000005400, 334.9334910019898643, 2.000000000000000000 ) ) ;
#5106 = DIRECTION ( 'NONE',  ( 0.000000000000000000, 0.000000000000000000, -1.000000000000000000 ) ) ;
#5107 = VERTEX_POINT ( 'NONE', #823 ) ;
#5108 = ORIENTED_EDGE ( 'NONE', *, *, #3497, .T. ) ;
#5109 = CARTESIAN_POINT ( 'NONE',  ( 0.000000000000000000, 10.00000000000000000, -10.00000000000000000 ) ) ;
#5110 = AXIS2_PLACEMENT_3D ( 'NONE', #4652, #2355, #3613 ) ;
#5111 = DIRECTION ( 'NONE',  ( -0.000000000000000000, 0.000000000000000000, -1.000000000000000000 ) ) ;
#5112 = CARTESIAN_POINT ( 'NONE',  ( -189.9999999999995453, 289.9334910019900349, 2.000000000000000000 ) ) ;
#5113 = ORIENTED_EDGE ( 'NONE', *, *, #760, .F. ) ;
#5114 = EDGE_CURVE ( 'NONE', #3646, #2994, #4462, .T. ) ;
#5115 = VERTEX_POINT ( 'NONE', #405 ) ;
#5116 = DIRECTION ( 'NONE',  ( 1.000000000000000000, 1.110223024625155594E-14, 0.000000000000000000 ) ) ;
#5117 = CARTESIAN_POINT ( 'NONE',  ( -184.9999999999995453, 304.9334910019900349, 42.00000000000000000 ) ) ;
#5118 = VECTOR ( 'NONE', #2866, 1000.000000000000000 ) ;
#5119 = LINE ( 'NONE', #230, #1228 ) ;
#5120 = AXIS2_PLACEMENT_3D ( 'NONE', #818, #4426, #4338 ) ;
#5121 = ORIENTED_EDGE ( 'NONE', *, *, #3489, .T. ) ;
#5122 = AXIS2_PLACEMENT_3D ( 'NONE', #4709, #3396, #3752 ) ;
#5123 = EDGE_CURVE ( 'NONE', #2022, #3960, #2204, .T. ) ;
#5124 = ORIENTED_EDGE ( 'NONE', *, *, #1567, .T. ) ;
#5125 = DIRECTION ( 'NONE',  ( -1.000000000000000000, 0.000000000000000000, 0.000000000000000000 ) ) ;
#5126 = LINE ( 'NONE', #592, #2678 ) ;
#5127 = VERTEX_POINT ( 'NONE', #3038 ) ;
#5128 = PLANE ( 'NONE',  #5814 ) ;
#5129 = DIRECTION ( 'NONE',  ( 0.000000000000000000, 1.000000000000000000, 0.000000000000000000 ) ) ;
#5130 = DIRECTION ( 'NONE',  ( -0.000000000000000000, -0.000000000000000000, -1.000000000000000000 ) ) ;
#5131 = AXIS2_PLACEMENT_3D ( 'NONE', #1503, #4667, #2991 ) ;
#5132 = VECTOR ( 'NONE', #2798, 1000.000000000000000 ) ;
#5133 = PRODUCT_DEFINITION ( 'UNKNOWN', '', #5156, #2456 ) ;
#5134 = EDGE_CURVE ( 'NONE', #5020, #3047, #4975, .T. ) ;
#5135 = VECTOR ( 'NONE', #3894, 1000.000000000000000 ) ;
#5136 = CARTESIAN_POINT ( 'NONE',  ( -210.0000000000005684, 354.9334910019898643, 42.00000000000000000 ) ) ;
#5137 = VECTOR ( 'NONE', #3884, 1000.000000000000000 ) ;
#5138 = DIRECTION ( 'NONE',  ( -1.000000000000000000, 1.110223024625155594E-14, 0.000000000000000000 ) ) ;
#5139 = ORIENTED_EDGE ( 'NONE', *, *, #4727, .F. ) ;
#5140 = LINE ( 'NONE', #1051, #4555 ) ;
#5141 = LINE ( 'NONE', #1803, #2878 ) ;
#5142 = VECTOR ( 'NONE', #2989, 1000.000000000000000 ) ;
#5143 = EDGE_CURVE ( 'NONE', #2882, #2763, #5306, .T. ) ;
#5144 = EDGE_CURVE ( 'NONE', #4200, #3059, #4858, .T. ) ;
#5145 = VERTEX_POINT ( 'NONE', #323 ) ;
#5146 = PLANE ( 'NONE',  #4536 ) ;
#5147 = ORIENTED_EDGE ( 'NONE', *, *, #4725, .T. ) ;
#5148 = CARTESIAN_POINT ( 'NONE',  ( -64.99999999999961631, 185.0665089980103915, 42.00000000000000000 ) ) ;
#5149 = CARTESIAN_POINT ( 'NONE',  ( -64.99999999999961631, 304.9334910019899780, 42.00000000000000000 ) ) ;
#5150 = VERTEX_POINT ( 'NONE', #2144 ) ;
#5151 = ORIENTED_EDGE ( 'NONE', *, *, #4704, .F. ) ;
#5152 = FACE_OUTER_BOUND ( 'NONE', #5289, .T. ) ;
#5153 = VECTOR ( 'NONE', #2482, 1000.000000000000000 ) ;
#5154 = DIRECTION ( 'NONE',  ( -1.000000000000000000, -2.775557561562904367E-15, 0.000000000000000000 ) ) ;
#5155 = FACE_OUTER_BOUND ( 'NONE', #582, .T. ) ;
#5156 = PRODUCT_DEFINITION_FORMATION_WITH_SPECIFIED_SOURCE ( 'ANY', '', #772, .NOT_KNOWN. ) ;
#5157 = ORIENTED_EDGE ( 'NONE', *, *, #1554, .F. ) ;
#5158 = VERTEX_POINT ( 'NONE', #3953 ) ;
#5159 = DIRECTION ( 'NONE',  ( 1.000000000000000000, -1.110223024625155594E-14, 0.000000000000000000 ) ) ;
#5160 = FACE_OUTER_BOUND ( 'NONE', #4396, .T. ) ;
#5161 = ORIENTED_EDGE ( 'NONE', *, *, #5831, .F. ) ;
#5162 = CARTESIAN_POINT ( 'NONE',  ( -335.0000000000007390, 339.9334910019898643, 42.00000000000000000 ) ) ;
#5163 = CARTESIAN_POINT ( 'NONE',  ( -350.0000000000004547, 180.0665089980104199, 42.00000000000000000 ) ) ;
#5164 = VECTOR ( 'NONE', #2799, 1000.000000000000000 ) ;
#5165 = EDGE_CURVE ( 'NONE', #470, #3173, #5788, .T. ) ;
#5166 = AXIS2_PLACEMENT_3D ( 'NONE', #2668, #3589, #1655 ) ;
#5167 = LINE ( 'NONE', #3402, #4061 ) ;
#5168 = DIRECTION ( 'NONE',  ( -1.000000000000000000, -0.000000000000000000, -0.000000000000000000 ) ) ;
#5169 = VERTEX_POINT ( 'NONE', #3296 ) ;
#5170 = CARTESIAN_POINT ( 'NONE',  ( -215.0000000000007958, 180.0665089980104199, 42.00000000000000000 ) ) ;
#5171 = FACE_OUTER_BOUND ( 'NONE', #1456, .T. ) ;
#5172 = ADVANCED_FACE ( 'NONE', ( #4635 ), #4551, .F. ) ;
#5173 = VECTOR ( 'NONE', #301, 1000.000000000000000 ) ;
#5174 = EDGE_CURVE ( 'NONE', #3047, #4430, #2316, .T. ) ;
#5175 = EDGE_LOOP ( 'NONE', ( #2689, #1670, #53, #1769 ) ) ;
#5176 = CARTESIAN_POINT ( 'NONE',  ( -10.00000000000000000, 9.999999999999998224, -19.99999999999999645 ) ) ;
#5177 = ORIENTED_EDGE ( 'NONE', *, *, #3527, .F. ) ;
#5178 = CARTESIAN_POINT ( 'NONE',  ( -355.0000000000006253, 210.0665089980103346, 42.00000000000000000 ) ) ;
#5179 = LINE ( 'NONE', #1925, #3401 ) ;
#5180 = EDGE_CURVE ( 'NONE', #1563, #3983, #5515, .T. ) ;
#5181 = EDGE_CURVE ( 'NONE', #2552, #4882, #2765, .T. ) ;
#5182 =( REPRESENTATION_RELATIONSHIP ('NONE','NONE', #4154, #2562 ) REPRESENTATION_RELATIONSHIP_WITH_TRANSFORMATION ( #4947 )SHAPE_REPRESENTATION_RELATIONSHIP( ) );
#5183 = ORIENTED_EDGE ( 'NONE', *, *, #4434, .T. ) ;
#5184 = ORIENTED_EDGE ( 'NONE', *, *, #2156, .F. ) ;
#5185 = DIRECTION ( 'NONE',  ( -1.850371707708599493E-15, 1.000000000000000000, 0.000000000000000000 ) ) ;
#5186 = LINE ( 'NONE', #116, #4169 ) ;
#5187 = FACE_OUTER_BOUND ( 'NONE', #3619, .T. ) ;
#5188 = ORIENTED_EDGE ( 'NONE', *, *, #1714, .F. ) ;
#5189 = ORIENTED_EDGE ( 'NONE', *, *, #4475, .F. ) ;
#5190 = DIRECTION ( 'NONE',  ( 0.000000000000000000, 0.000000000000000000, -1.000000000000000000 ) ) ;
#5191 = FACE_OUTER_BOUND ( 'NONE', #2499, .T. ) ;
#5192 = VERTEX_POINT ( 'NONE', #1422 ) ;
#5193 = PLANE ( 'NONE',  #4660 ) ;
#5194 = SHAPE_DEFINITION_REPRESENTATION ( #5781, #661 ) ;
#5195 = FACE_OUTER_BOUND ( 'NONE', #3339, .T. ) ;
#5196 = SURFACE_STYLE_FILL_AREA ( #3758 ) ;
#5197 = EDGE_CURVE ( 'NONE', #520, #3335, #3252, .T. ) ;
#5198 = LINE ( 'NONE', #4323, #2496 ) ;
#5199 = ORIENTED_EDGE ( 'NONE', *, *, #4773, .F. ) ;
#5200 = CARTESIAN_POINT ( 'NONE',  ( -210.0000000000005400, 165.0665089980102778, 2.000000000000000000 ) ) ;
#5201 = DIRECTION ( 'NONE',  ( 1.000000000000000000, 3.700743415417198986E-15, 0.000000000000000000 ) ) ;
#5202 = ORIENTED_EDGE ( 'NONE', *, *, #1853, .T. ) ;
#5203 = DIRECTION ( 'NONE',  ( 2.775557561562904367E-15, 1.000000000000000000, -0.000000000000000000 ) ) ;
#5204 = EDGE_CURVE ( 'NONE', #1917, #603, #1032, .T. ) ;
#5205 = ORIENTED_EDGE ( 'NONE', *, *, #5382, .F. ) ;
#5206 = CARTESIAN_POINT ( 'NONE',  ( 0.000000000000000000, 8.000000000000000000, 8.000000000000001776 ) ) ;
#5207 = PLANE ( 'NONE',  #5501 ) ;
#5208 = ORIENTED_EDGE ( 'NONE', *, *, #5801, .F. ) ;
#5209 = EDGE_CURVE ( 'NONE', #511, #5127, #5459, .T. ) ;
#5210 = EDGE_LOOP ( 'NONE', ( #5019, #4144, #4012, #912 ) ) ;
#5211 = DIRECTION ( 'NONE',  ( -1.000000000000000000, -1.110223024625155594E-14, 0.000000000000000000 ) ) ;
#5212 = CARTESIAN_POINT ( 'NONE',  ( -44.99999999999965183, 165.0665089980103915, 42.00000000000000000 ) ) ;
#5213 = DIRECTION ( 'NONE',  ( 0.000000000000000000, -1.000000000000000000, 0.000000000000000000 ) ) ;
#5214 = CLOSED_SHELL ( 'NONE', ( #3416, #3957, #5570, #388, #4681, #3737, #910, #1165, #689, #3239, #2455, #2216, #2971, #3794, #2245, #2879, #3001, #5281, #3063, #4719, #4992, #1454, #1774, #1747, #3784, #4775, #524, #5848, #616, #2908, #4112, #2178, #1217, #703, #3100, #469, #138, #2189, #2679, #1173, #2001, #5242, #2498, #3233, #340, #415, #2300, #3381, #723, #3426, #903, #319, #5873, #1761, #3352, #2465, #3601, #2663, #3668, #4797, #5755, #888, #5621, #2880, #2322, #1914, #687, #5172, #1854, #4353, #4961, #2008, #4474, #1398 ) ) ;
#5215 = VERTEX_POINT ( 'NONE', #4191 ) ;
#5216 = EDGE_CURVE ( 'NONE', #470, #2964, #551, .T. ) ;
#5217 = VERTEX_POINT ( 'NONE', #1364 ) ;
#5218 = CARTESIAN_POINT ( 'NONE',  ( -10.00000000000000000, 8.000000000000001776, -8.000000000000000000 ) ) ;
#5219 = AXIS2_PLACEMENT_3D ( 'NONE', #4048, #4084, #5045 ) ;
#5220 = DIRECTION ( 'NONE',  ( -1.000000000000000000, -1.850371707708599493E-15, 0.000000000000000000 ) ) ;
#5221 = ORIENTED_EDGE ( 'NONE', *, *, #1922, .F. ) ;
#5222 = CARTESIAN_POINT ( 'NONE',  ( -184.9999999999995453, 339.9334910019898075, 2.000000000000000000 ) ) ;
#5223 = ITEM_DEFINED_TRANSFORMATION ( 'NONE', 'NONE', #574,  #4192 ) ;
#5224 = PLANE ( 'NONE',  #2461 ) ;
#5225 = VECTOR ( 'NONE', #5794, 1000.000000000000000 ) ;
#5226 = DIRECTION ( 'NONE',  ( -1.000000000000000000, 0.000000000000000000, -0.000000000000000000 ) ) ;
#5227 = LINE ( 'NONE', #1668, #5173 ) ;
#5228 = EDGE_LOOP ( 'NONE', ( #5346, #1230, #877, #4700 ) ) ;
#5229 = LINE ( 'NONE', #3437, #1136 ) ;
#5230 = VECTOR ( 'NONE', #1391, 1000.000000000000000 ) ;
#5231 = CARTESIAN_POINT ( 'NONE',  ( 350.0000000000000568, -8.000000000000000000, -8.000000000000000000 ) ) ;
#5232 = AXIS2_PLACEMENT_3D ( 'NONE', #1070, #3337, #1129 ) ;
#5233 = DIRECTION ( 'NONE',  ( 0.000000000000000000, 0.000000000000000000, -1.000000000000000000 ) ) ;
#5234 = VECTOR ( 'NONE', #5130, 1000.000000000000000 ) ;
#5235 = VECTOR ( 'NONE', #843, 1000.000000000000000 ) ;
#5236 = ORIENTED_EDGE ( 'NONE', *, *, #1845, .T. ) ;
#5237 = DIRECTION ( 'NONE',  ( -2.775557561562896479E-15, 1.000000000000000000, 0.000000000000000000 ) ) ;
#5238 = ORIENTED_EDGE ( 'NONE', *, *, #4888, .T. ) ;
#5239 = LINE ( 'NONE', #5270, #5617 ) ;
#5240 = AXIS2_PLACEMENT_3D ( 'NONE', #5549, #1902, #2579 ) ;
#5241 = VECTOR ( 'NONE', #2153, 1000.000000000000000 ) ;
#5242 = ADVANCED_FACE ( 'NONE', ( #2854 ), #4128, .F. ) ;
#5243 = ORIENTED_EDGE ( 'NONE', *, *, #4467, .F. ) ;
#5244 = ORIENTED_EDGE ( 'NONE', *, *, #653, .T. ) ;
#5245 = CARTESIAN_POINT ( 'NONE',  ( -355.0000000000006821, 354.9334910019898643, 2.000000000000000000 ) ) ;
#5246 = CARTESIAN_POINT ( 'NONE',  ( -350.0000000000004547, 339.9334910019898075, 2.000000000000000000 ) ) ;
#5247 = CARTESIAN_POINT ( 'NONE',  ( -210.0000000000005400, 434.9999999999999432, -2.000000000000000000 ) ) ;
#5248 = ADVANCED_FACE ( 'NONE', ( #5001 ), #3683, .F. ) ;
#5249 = ORIENTED_EDGE ( 'NONE', *, *, #1894, .F. ) ;
#5250 = VECTOR ( 'NONE', #894, 1000.000000000000000 ) ;
#5251 = ORIENTED_EDGE ( 'NONE', *, *, #1123, .F. ) ;
#5252 = LINE ( 'NONE', #5731, #275 ) ;
#5253 = CARTESIAN_POINT ( 'NONE',  ( -230.0000000000005400, 85.00000000000004263, 42.00000000000000000 ) ) ;
#5254 = DIRECTION ( 'NONE',  ( 1.000000000000000000, 3.700743415417254206E-15, 0.000000000000000000 ) ) ;
#5255 = ITEM_DEFINED_TRANSFORMATION ( 'NONE', 'NONE', #2104,  #4192 ) ;
#5256 = LINE ( 'NONE', #596, #4554 ) ;
#5257 = EDGE_CURVE ( 'NONE', #1169, #1775, #3745, .T. ) ;
#5258 = EDGE_CURVE ( 'NONE', #5600, #5066, #49, .T. ) ;
#5259 = CARTESIAN_POINT ( 'NONE',  ( -44.99999999999959499, 210.0665089980102493, 42.00000000000000000 ) ) ;
#5260 = DIRECTION ( 'NONE',  ( -1.000000000000000000, 1.850371707708599493E-15, 0.000000000000000000 ) ) ;
#5261 = VECTOR ( 'NONE', #1874, 1000.000000000000000 ) ;
#5262 = ORIENTED_EDGE ( 'NONE', *, *, #5400, .F. ) ;
#5263 = CARTESIAN_POINT ( 'NONE',  ( -215.0000000000007958, 215.0665089980102209, 42.00000000000000000 ) ) ;
#5264 = LINE ( 'NONE', #4781, #4578 ) ;
#5265 = LINE ( 'NONE', #3878, #3318 ) ;
#5266 = VECTOR ( 'NONE', #5087, 1000.000000000000000 ) ;
#5267 = VERTEX_POINT ( 'NONE', #914 ) ;
#5268 = DIRECTION ( 'NONE',  ( -0.000000000000000000, -0.000000000000000000, -1.000000000000000000 ) ) ;
#5269 = VERTEX_POINT ( 'NONE', #465 ) ;
#5270 = CARTESIAN_POINT ( 'NONE',  ( -350.0000000000004547, 215.0665089980102209, 42.00000000000000000 ) ) ;
#5271 = VECTOR ( 'NONE', #2896, 1000.000000000000000 ) ;
#5272 = ORIENTED_EDGE ( 'NONE', *, *, #1932, .F. ) ;
#5273 = EDGE_LOOP ( 'NONE', ( #5297, #3810, #5188, #541 ) ) ;
#5274 = EDGE_CURVE ( 'NONE', #2280, #4768, #3270, .T. ) ;
#5275 = CARTESIAN_POINT ( 'NONE',  ( -215.0000000000007958, 304.9334910019900349, 2.000000000000000000 ) ) ;
#5276 = DIRECTION ( 'NONE',  ( 0.000000000000000000, 0.000000000000000000, -1.000000000000000000 ) ) ;
#5277 = PLANE ( 'NONE',  #3802 ) ;
#5278 = ORIENTED_EDGE ( 'NONE', *, *, #4001, .T. ) ;
#5279 = ORIENTED_EDGE ( 'NONE', *, *, #1894, .T. ) ;
#5280 = CARTESIAN_POINT ( 'NONE',  ( -189.9999999999995737, 85.00000000000005684, 42.00000000000000000 ) ) ;
#5281 = ADVANCED_FACE ( 'NONE', ( #521 ), #2288, .T. ) ;
#5282 = DIRECTION ( 'NONE',  ( -1.850371707708627103E-15, -1.000000000000000000, 0.000000000000000000 ) ) ;
#5283 = LINE ( 'NONE', #4015, #1420 ) ;
#5284 = CARTESIAN_POINT ( 'NONE',  ( -64.99999999999961631, 180.0665089980103915, 42.00000000000000000 ) ) ;
#5285 = LINE ( 'NONE', #4382, #5608 ) ;
#5286 = EDGE_CURVE ( 'NONE', #5353, #4430, #1841, .T. ) ;
#5287 = DIRECTION ( 'NONE',  ( 0.000000000000000000, 0.000000000000000000, 1.000000000000000000 ) ) ;
#5288 = ADVANCED_FACE ( 'NONE', ( #3716 ), #5547, .T. ) ;
#5289 = EDGE_LOOP ( 'NONE', ( #2223, #1716, #1389, #4600 ) ) ;
#5290 = CARTESIAN_POINT ( 'NONE',  ( -189.9999999999995453, 105.0000000000000426, 42.00000000000000000 ) ) ;
#5291 = DIRECTION ( 'NONE',  ( 0.000000000000000000, 1.000000000000000000, 0.000000000000000000 ) ) ;
#5292 = CARTESIAN_POINT ( 'NONE',  ( -64.99999999999961631, 304.9334910019899780, 42.00000000000000000 ) ) ;
#5293 = ORIENTED_EDGE ( 'NONE', *, *, #1780, .F. ) ;
#5294 = LINE ( 'NONE', #4025, #2840 ) ;
#5295 = ORIENTED_EDGE ( 'NONE', *, *, #3717, .T. ) ;
#5296 = DIRECTION ( 'NONE',  ( 1.000000000000000000, -1.850371707708599493E-15, 0.000000000000000000 ) ) ;
#5297 = ORIENTED_EDGE ( 'NONE', *, *, #5545, .T. ) ;
#5298 = VERTEX_POINT ( 'NONE', #5602 ) ;
#5299 = PLANE ( 'NONE',  #395 ) ;
#5300 = CARTESIAN_POINT ( 'NONE',  ( -184.9999999999995453, 289.9334910019899780, 42.00000000000000000 ) ) ;
#5301 = LINE ( 'NONE', #4401, #3041 ) ;
#5302 = ADVANCED_FACE ( 'NONE', ( #1540 ), #1626, .F. ) ;
#5303 = ORIENTED_EDGE ( 'NONE', *, *, #3281, .F. ) ;
#5304 = VERTEX_POINT ( 'NONE', #3365 ) ;
#5305 = FACE_OUTER_BOUND ( 'NONE', #2731, .T. ) ;
#5306 = LINE ( 'NONE', #3122, #3073 ) ;
#5307 = CARTESIAN_POINT ( 'NONE',  ( -169.9999999999995453, 430.0000000000000568, 42.00000000000000000 ) ) ;
#5308 = APPLICATION_PROTOCOL_DEFINITION ( 'draft international standard', 'automotive_design', 1998, #3043 ) ;
#5309 = VECTOR ( 'NONE', #5082, 1000.000000000000000 ) ;
#5310 = DIRECTION ( 'NONE',  ( 0.000000000000000000, -1.000000000000000000, 0.000000000000000000 ) ) ;
#5311 = EDGE_CURVE ( 'NONE', #3946, #2631, #1091, .T. ) ;
#5312 = AXIS2_PLACEMENT_3D ( 'NONE', #2901, #4331, #628 ) ;
#5313 = LINE ( 'NONE', #3574, #3409 ) ;
#5314 = CARTESIAN_POINT ( 'NONE',  ( -64.99999999999961631, 210.0665089980102493, 42.00000000000000000 ) ) ;
#5315 = ORIENTED_EDGE ( 'NONE', *, *, #2979, .F. ) ;
#5316 = PLANE ( 'NONE',  #5433 ) ;
#5317 = DIRECTION ( 'NONE',  ( -1.000000000000000000, 0.000000000000000000, 0.000000000000000000 ) ) ;
#5318 = CARTESIAN_POINT ( 'NONE',  ( -44.99999999999959499, 210.0665089980102493, 42.00000000000000000 ) ) ;
#5319 = VECTOR ( 'NONE', #2571, 1000.000000000000000 ) ;
#5320 = VECTOR ( 'NONE', #1330, 1000.000000000000000 ) ;
#5321 = ORIENTED_EDGE ( 'NONE', *, *, #421, .T. ) ;
#5322 = FACE_OUTER_BOUND ( 'NONE', #617, .T. ) ;
#5323 = VECTOR ( 'NONE', #5764, 1000.000000000000000 ) ;
#5324 = ORIENTED_EDGE ( 'NONE', *, *, #678, .T. ) ;
#5325 = DIRECTION ( 'NONE',  ( 0.000000000000000000, 0.000000000000000000, 1.000000000000000000 ) ) ;
#5326 = VECTOR ( 'NONE', #4440, 1000.000000000000000 ) ;
#5327 = AXIS2_PLACEMENT_3D ( 'NONE', #1564, #2103, #5663 ) ;
#5328 = EDGE_CURVE ( 'NONE', #4791, #321, #4247, .T. ) ;
#5329 = EDGE_CURVE ( 'NONE', #2966, #419, #1152, .T. ) ;
#5330 = ORIENTED_EDGE ( 'NONE', *, *, #1298, .T. ) ;
#5331 = ORIENTED_EDGE ( 'NONE', *, *, #327, .T. ) ;
#5332 = VECTOR ( 'NONE', #2110, 1000.000000000000000 ) ;
#5333 = VECTOR ( 'NONE', #2174, 1000.000000000000000 ) ;
#5334 = CARTESIAN_POINT ( 'NONE',  ( -355.0000000000005684, 434.9999999999999432, -2.000000000000000000 ) ) ;
#5335 = ORIENTED_EDGE ( 'NONE', *, *, #2478, .T. ) ;
#5336 = LINE ( 'NONE', #4009, #2282 ) ;
#5337 = LINE ( 'NONE', #1628, #461 ) ;
#5338 = VECTOR ( 'NONE', #343, 1000.000000000000000 ) ;
#5339 = ORIENTED_EDGE ( 'NONE', *, *, #2650, .T. ) ;
#5340 = ORIENTED_EDGE ( 'NONE', *, *, #2105, .F. ) ;
#5341 = LINE ( 'NONE', #1334, #4486 ) ;
#5342 = DIRECTION ( 'NONE',  ( 0.000000000000000000, 0.000000000000000000, 1.000000000000000000 ) ) ;
#5343 = CARTESIAN_POINT ( 'NONE',  ( -230.0000000000005400, 304.9334910019899780, 2.000000000000000000 ) ) ;
#5344 = LINE ( 'NONE', #1191, #2648 ) ;
#5345 = DIRECTION ( 'NONE',  ( 0.000000000000000000, -1.000000000000000000, 0.000000000000000000 ) ) ;
#5346 = ORIENTED_EDGE ( 'NONE', *, *, #2476, .F. ) ;
#5347 = DIRECTION ( 'NONE',  ( -1.000000000000000000, -1.850371707708627103E-15, 0.000000000000000000 ) ) ;
#5348 = CARTESIAN_POINT ( 'NONE',  ( -230.0000000000005400, 339.9334910019898643, 2.000000000000000000 ) ) ;
#5349 = ADVANCED_FACE ( 'NONE', ( #2517 ), #2431, .F. ) ;
#5350 = CARTESIAN_POINT ( 'NONE',  ( -49.99999999999965894, 339.9334910019898075, 42.00000000000000000 ) ) ;
#5351 = AXIS2_PLACEMENT_3D ( 'NONE', #2953, #3374, #2119 ) ;
#5352 = VECTOR ( 'NONE', #805, 1000.000000000000000 ) ;
#5353 = VERTEX_POINT ( 'NONE', #2998 ) ;
#5354 = LINE ( 'NONE', #839, #169 ) ;
#5355 = PRODUCT_DEFINITION_SHAPE ( 'NONE', 'NONE',  #5905 ) ;
#5356 = LINE ( 'NONE', #3530, #312 ) ;
#5357 = VERTEX_POINT ( 'NONE', #141 ) ;
#5358 = LINE ( 'NONE', #2243, #4195 ) ;
#5359 = ADVANCED_FACE ( 'NONE', ( #5152 ), #3390, .T. ) ;
#5360 = EDGE_CURVE ( 'NONE', #699, #339, #2972, .T. ) ;
#5361 = VECTOR ( 'NONE', #114, 1000.000000000000000 ) ;
#5362 = VERTEX_POINT ( 'NONE', #4792 ) ;
#5363 = VECTOR ( 'NONE', #5287, 1000.000000000000000 ) ;
#5364 = ORIENTED_EDGE ( 'NONE', *, *, #4220, .T. ) ;
#5365 = EDGE_CURVE ( 'NONE', #767, #3943, #636, .T. ) ;
#5366 = DIRECTION ( 'NONE',  ( -1.000000000000000000, 1.850371707708627103E-15, 0.000000000000000000 ) ) ;
#5367 = ORIENTED_EDGE ( 'NONE', *, *, #145, .F. ) ;
#5368 = EDGE_CURVE ( 'NONE', #70, #765, #1119, .T. ) ;
#5369 = LINE ( 'NONE', #3091, #4854 ) ;
#5370 = CARTESIAN_POINT ( 'NONE',  ( -49.99999999999965894, 90.00000000000002842, 42.00000000000000000 ) ) ;
#5371 = ORIENTED_EDGE ( 'NONE', *, *, #1806, .F. ) ;
#5372 = ORIENTED_EDGE ( 'NONE', *, *, #2139, .T. ) ;
#5373 = LINE ( 'NONE', #1662, #3253 ) ;
#5374 = FACE_OUTER_BOUND ( 'NONE', #2307, .T. ) ;
#5375 = DIRECTION ( 'NONE',  ( 1.000000000000000000, 0.000000000000000000, -0.000000000000000000 ) ) ;
#5376 = LINE ( 'NONE', #3010, #4650 ) ;
#5377 = DIRECTION ( 'NONE',  ( -1.000000000000000000, 0.000000000000000000, 0.000000000000000000 ) ) ;
#5378 = VERTEX_POINT ( 'NONE', #2463 ) ;
#5379 = PLANE ( 'NONE',  #3705 ) ;
#5380 = CARTESIAN_POINT ( 'NONE',  ( -335.0000000000007390, 210.0665089980102493, 42.00000000000000000 ) ) ;
#5381 = DIRECTION ( 'NONE',  ( 0.000000000000000000, -0.000000000000000000, -1.000000000000000000 ) ) ;
#5382 = EDGE_CURVE ( 'NONE', #1938, #2708, #4337, .T. ) ;
#5383 = ORIENTED_EDGE ( 'NONE', *, *, #5693, .T. ) ;
#5384 = CARTESIAN_POINT ( 'NONE',  ( -215.0000000000007958, 215.0665089980102209, 42.00000000000000000 ) ) ;
#5385 = FACE_OUTER_BOUND ( 'NONE', #40, .T. ) ;
#5386 = VERTEX_POINT ( 'NONE', #3331 ) ;
#5387 = DIRECTION ( 'NONE',  ( -2.775557561562904367E-15, 1.000000000000000000, 0.000000000000000000 ) ) ;
#5388 = EDGE_CURVE ( 'NONE', #3582, #4449, #1959, .T. ) ;
#5389 = ORIENTED_EDGE ( 'NONE', *, *, #3491, .F. ) ;
#5390 = ORIENTED_EDGE ( 'NONE', *, *, #5902, .T. ) ;
#5391 = CARTESIAN_POINT ( 'NONE',  ( -44.99999999999959499, 415.0000000000000000, 42.00000000000000000 ) ) ;
#5392 = ORIENTED_EDGE ( 'NONE', *, *, #4572, .F. ) ;
#5393 = CARTESIAN_POINT ( 'NONE',  ( -210.0000000000005684, 354.9334910019898643, 2.000000000000000000 ) ) ;
#5394 = ORIENTED_EDGE ( 'NONE', *, *, #3312, .F. ) ;
#5395 = VERTEX_POINT ( 'NONE', #2023 ) ;
#5396 = DIRECTION ( 'NONE',  ( -0.000000000000000000, -0.000000000000000000, -1.000000000000000000 ) ) ;
#5397 = CARTESIAN_POINT ( 'NONE',  ( 378.2842712474619589, -8.000000000000000000, -8.000000000000000000 ) ) ;
#5398 = CARTESIAN_POINT ( 'NONE',  ( -64.99999999999961631, 210.0665089980102493, 2.000000000000000000 ) ) ;
#5399 = PRODUCT ( 'Shaker_Assembly', 'Shaker_Assembly', '', ( #737 ) ) ;
#5400 = EDGE_CURVE ( 'NONE', #5145, #1058, #1570, .T. ) ;
#5401 = DIRECTION ( 'NONE',  ( -1.000000000000000000, 0.000000000000000000, 0.000000000000000000 ) ) ;
#5402 = DIRECTION ( 'NONE',  ( 0.000000000000000000, 0.000000000000000000, 1.000000000000000000 ) ) ;
#5403 = EDGE_LOOP ( 'NONE', ( #5272, #3368, #2587, #1561 ) ) ;
#5404 = DIRECTION ( 'NONE',  ( -1.850371707708627103E-15, 1.000000000000000000, 0.000000000000000000 ) ) ;
#5405 =( NAMED_UNIT ( * ) SI_UNIT ( $, .STERADIAN. ) SOLID_ANGLE_UNIT ( ) );
#5406 = DIRECTION ( 'NONE',  ( -1.000000000000000000, 3.700743415417254206E-15, 0.000000000000000000 ) ) ;
#5407 =( REPRESENTATION_RELATIONSHIP ('NONE','NONE', #4154, #2562 ) REPRESENTATION_RELATIONSHIP_WITH_TRANSFORMATION ( #3432 )SHAPE_REPRESENTATION_RELATIONSHIP( ) );
#5408 = VECTOR ( 'NONE', #3291, 1000.000000000000000 ) ;
#5409 = PRODUCT_DEFINITION_SHAPE ( 'NONE', 'NONE',  #5912 ) ;
#5410 = ORIENTED_EDGE ( 'NONE', *, *, #1895, .T. ) ;
#5411 = DIRECTION ( 'NONE',  ( -0.000000000000000000, -0.000000000000000000, -1.000000000000000000 ) ) ;
#5412 = CARTESIAN_POINT ( 'NONE',  ( -355.0000000000006253, 309.9334910019899212, 42.00000000000000000 ) ) ;
#5413 = ORIENTED_EDGE ( 'NONE', *, *, #61, .T. ) ;
#5414 = CARTESIAN_POINT ( 'NONE',  ( -189.9999999999995453, 230.0665089980102209, 42.00000000000000000 ) ) ;
#5415 = AXIS2_PLACEMENT_3D ( 'NONE', #3224, #990, #5496 ) ;
#5416 = EDGE_LOOP ( 'NONE', ( #3026, #5582, #3144, #3174, #2384, #1569 ) ) ;
#5417 = ORIENTED_EDGE ( 'NONE', *, *, #598, .T. ) ;
#5418 = DIRECTION ( 'NONE',  ( 0.000000000000000000, 1.000000000000000000, 0.000000000000000000 ) ) ;
#5419 = CARTESIAN_POINT ( 'NONE',  ( 340.0000000000000568, -8.000000000000000000, -8.000000000000000000 ) ) ;
#5420 = LINE ( 'NONE', #4150, #5309 ) ;
#5421 = LINE ( 'NONE', #3148, #5900 ) ;
#5422 = VECTOR ( 'NONE', #1955, 1000.000000000000000 ) ;
#5423 = VECTOR ( 'NONE', #2261, 1000.000000000000000 ) ;
#5424 = EDGE_CURVE ( 'NONE', #2497, #2718, #2884, .T. ) ;
#5425 = VECTOR ( 'NONE', #673, 1000.000000000000000 ) ;
#5426 = EDGE_LOOP ( 'NONE', ( #359, #1477, #4120, #2125 ) ) ;
#5427 = VECTOR ( 'NONE', #225, 1000.000000000000000 ) ;
#5428 = ORIENTED_EDGE ( 'NONE', *, *, #1275, .T. ) ;
#5429 = CARTESIAN_POINT ( 'NONE',  ( -335.0000000000007390, 339.9334910019898643, 42.00000000000000000 ) ) ;
#5430 = FACE_OUTER_BOUND ( 'NONE', #2235, .T. ) ;
#5431 = EDGE_CURVE ( 'NONE', #3428, #3179, #612, .T. ) ;
#5432 = LINE ( 'NONE', #2318, #848 ) ;
#5433 = AXIS2_PLACEMENT_3D ( 'NONE', #864, #1283, #1310 ) ;
#5434 = ORIENTED_EDGE ( 'NONE', *, *, #1559, .T. ) ;
#5435 = CARTESIAN_POINT ( 'NONE',  ( -355.0000000000004547, 105.0000000000000426, 42.00000000000000000 ) ) ;
#5436 =( NAMED_UNIT ( * ) PLANE_ANGLE_UNIT ( ) SI_UNIT ( $, .RADIAN. ) );
#5437 = ORIENTED_EDGE ( 'NONE', *, *, #5388, .F. ) ;
#5438 = CARTESIAN_POINT ( 'NONE',  ( -10.00000000000000000, -8.000000000000001776, 17.99999999999999645 ) ) ;
#5439 = DIRECTION ( 'NONE',  ( 0.000000000000000000, -0.000000000000000000, 1.000000000000000000 ) ) ;
#5440 = EDGE_CURVE ( 'NONE', #2480, #4882, #3838, .T. ) ;
#5441 = FACE_OUTER_BOUND ( 'NONE', #2054, .T. ) ;
#5442 = EDGE_CURVE ( 'NONE', #2324, #1930, #5636, .T. ) ;
#5443 = CARTESIAN_POINT ( 'NONE',  ( -49.99999999999965894, 354.9334910019899212, 42.00000000000000000 ) ) ;
#5444 = LINE ( 'NONE', #5887, #3922 ) ;
#5445 = AXIS2_PLACEMENT_3D ( 'NONE', #1044, #3726, #1462 ) ;
#5446 = ORIENTED_EDGE ( 'NONE', *, *, #3827, .F. ) ;
#5447 = CARTESIAN_POINT ( 'NONE',  ( -49.99999999999965894, 215.0665089980102209, 42.00000000000000000 ) ) ;
#5448 = ORIENTED_EDGE ( 'NONE', *, *, #1517, .T. ) ;
#5449 = EDGE_LOOP ( 'NONE', ( #1238, #690, #2511, #462 ) ) ;
#5450 = DIRECTION ( 'NONE',  ( -0.000000000000000000, -0.000000000000000000, -1.000000000000000000 ) ) ;
#5451 = DIRECTION ( 'NONE',  ( -0.000000000000000000, -1.000000000000000000, -0.000000000000000000 ) ) ;
#5452 = DIRECTION ( 'NONE',  ( 0.000000000000000000, -1.000000000000000000, 0.000000000000000000 ) ) ;
#5453 = AXIS2_PLACEMENT_3D ( 'NONE', #1576, #3397, #5220 ) ;
#5454 = CARTESIAN_POINT ( 'NONE',  ( -230.0000000000005400, 309.9334910019899780, 42.00000000000000000 ) ) ;
#5455 = VECTOR ( 'NONE', #2910, 1000.000000000000000 ) ;
#5456 = ORIENTED_EDGE ( 'NONE', *, *, #94, .T. ) ;
#5457 = EDGE_CURVE ( 'NONE', #995, #4429, #1718, .T. ) ;
#5458 = ORIENTED_EDGE ( 'NONE', *, *, #4063, .T. ) ;
#5459 = LINE ( 'NONE', #3241, #1166 ) ;
#5460 = PLANE ( 'NONE',  #3791 ) ;
#5461 = CARTESIAN_POINT ( 'NONE',  ( -210.0000000000006253, 415.0000000000000568, 2.000000000000000000 ) ) ;
#5462 = VERTEX_POINT ( 'NONE', #2225 ) ;
#5463 = EDGE_CURVE ( 'NONE', #3289, #3965, #3564, .T. ) ;
#5464 = LINE ( 'NONE', #4616, #3978 ) ;
#5465 = DIRECTION ( 'NONE',  ( -0.000000000000000000, -0.000000000000000000, -1.000000000000000000 ) ) ;
#5466 = ORIENTED_EDGE ( 'NONE', *, *, #4596, .T. ) ;
#5467 = PLANE ( 'NONE',  #5619 ) ;
#5468 = CARTESIAN_POINT ( 'NONE',  ( -189.9999999999995453, 165.0665089980103915, 42.00000000000000000 ) ) ;
#5469 = CARTESIAN_POINT ( 'NONE',  ( -49.99999999999965894, 105.0000000000000995, 42.00000000000000000 ) ) ;
#5470 = CARTESIAN_POINT ( 'NONE',  ( -44.99999999999965183, 289.9334910019900349, 42.00000000000000000 ) ) ;
#5471 = EDGE_CURVE ( 'NONE', #883, #3120, #1294, .T. ) ;
#5472 = EDGE_CURVE ( 'NONE', #1205, #2437, #1206, .T. ) ;
#5473 = PLANE ( 'NONE',  #5415 ) ;
#5474 = CARTESIAN_POINT ( 'NONE',  ( -189.9999999999995453, 354.9334910019898643, 42.00000000000000000 ) ) ;
#5475 = ORIENTED_EDGE ( 'NONE', *, *, #4836, .T. ) ;
#5476 = LINE ( 'NONE', #12, #1798 ) ;
#5477 = EDGE_CURVE ( 'NONE', #5298, #1384, #3114, .T. ) ;
#5478 = ORIENTED_EDGE ( 'NONE', *, *, #819, .F. ) ;
#5479 = ORIENTED_EDGE ( 'NONE', *, *, #1149, .T. ) ;
#5480 = DIRECTION ( 'NONE',  ( 0.000000000000000000, 0.000000000000000000, 1.000000000000000000 ) ) ;
#5481 = DIRECTION ( 'NONE',  ( -0.000000000000000000, -0.000000000000000000, -1.000000000000000000 ) ) ;
#5482 = DIRECTION ( 'NONE',  ( -1.000000000000000000, 2.775557561562904367E-15, 0.000000000000000000 ) ) ;
#5483 = VERTEX_POINT ( 'NONE', #4851 ) ;
#5484 = EDGE_LOOP ( 'NONE', ( #4933, #69, #5730, #1648 ) ) ;
#5485 = DIRECTION ( 'NONE',  ( -0.000000000000000000, -0.000000000000000000, -1.000000000000000000 ) ) ;
#5486 = CARTESIAN_POINT ( 'NONE',  ( 410.0000000000001137, 9.999999999999998224, -19.99999999999999645 ) ) ;
#5487 = LINE ( 'NONE', #887, #4276 ) ;
#5488 = ORIENTED_EDGE ( 'NONE', *, *, #5209, .T. ) ;
#5489 = CARTESIAN_POINT ( 'NONE',  ( -44.99999999999953815, 85.00000000000005684, 2.000000000000000000 ) ) ;
#5490 = DIRECTION ( 'NONE',  ( 1.000000000000000000, -1.850371707708599493E-15, 0.000000000000000000 ) ) ;
#5491 = VERTEX_POINT ( 'NONE', #4935 ) ;
#5492 = DIRECTION ( 'NONE',  ( -0.000000000000000000, -0.000000000000000000, -1.000000000000000000 ) ) ;
#5493 = CARTESIAN_POINT ( 'NONE',  ( -169.9999999999996021, 339.9334910019898643, 2.000000000000000000 ) ) ;
#5494 = EDGE_CURVE ( 'NONE', #973, #70, #5868, .T. ) ;
#5495 = CARTESIAN_POINT ( 'NONE',  ( -169.9999999999996021, 180.0665089980103915, 2.000000000000000000 ) ) ;
#5496 = DIRECTION ( 'NONE',  ( 0.000000000000000000, 0.000000000000000000, 1.000000000000000000 ) ) ;
#5497 = LINE ( 'NONE', #2418, #4494 ) ;
#5498 = ORIENTED_EDGE ( 'NONE', *, *, #3425, .T. ) ;
#5499 = LINE ( 'NONE', #3790, #459 ) ;
#5500 = PRODUCT_DEFINITION ( 'UNKNOWN', '', #2677, #1865 ) ;
#5501 = AXIS2_PLACEMENT_3D ( 'NONE', #1024, #4666, #4757 ) ;
#5502 = ADVANCED_FACE ( 'NONE', ( #1770 ), #4370, .T. ) ;
#5503 = ORIENTED_EDGE ( 'NONE', *, *, #5457, .T. ) ;
#5504 = VERTEX_POINT ( 'NONE', #2165 ) ;
#5505 = CARTESIAN_POINT ( 'NONE',  ( -355.0000000000005684, 434.9999999999999432, 2.000000000000000000 ) ) ;
#5506 = CARTESIAN_POINT ( 'NONE',  ( -355.0000000000006253, 210.0665089980103346, 42.00000000000000000 ) ) ;
#5507 = DIRECTION ( 'NONE',  ( -1.000000000000000000, 1.850371707708599493E-15, 0.000000000000000000 ) ) ;
#5508 = EDGE_CURVE ( 'NONE', #1471, #5104, #372, .T. ) ;
#5509 = EDGE_CURVE ( 'NONE', #334, #3428, #761, .T. ) ;
#5510 = VECTOR ( 'NONE', #2328, 1000.000000000000000 ) ;
#5511 = ORIENTED_EDGE ( 'NONE', *, *, #2228, .T. ) ;
#5512 = ORIENTED_EDGE ( 'NONE', *, *, #5721, .F. ) ;
#5513 = VECTOR ( 'NONE', #5507, 1000.000000000000000 ) ;
#5514 = AXIS2_PLACEMENT_3D ( 'NONE', #3429, #3037, #733 ) ;
#5515 = LINE ( 'NONE', #1810, #20 ) ;
#5516 = LINE ( 'NONE', #2432, #468 ) ;
#5517 = DIRECTION ( 'NONE',  ( 0.000000000000000000, 1.000000000000000000, 0.000000000000000000 ) ) ;
#5518 = VECTOR ( 'NONE', #5678, 1000.000000000000000 ) ;
#5519 = VECTOR ( 'NONE', #1924, 1000.000000000000000 ) ;
#5520 = EDGE_LOOP ( 'NONE', ( #3188, #2897, #3950, #5335 ) ) ;
#5521 = ORIENTED_EDGE ( 'NONE', *, *, #4639, .T. ) ;
#5522 = LINE ( 'NONE', #3186, #4170 ) ;
#5523 = CARTESIAN_POINT ( 'NONE',  ( -44.99999999999965183, 354.9334910019898643, 2.000000000000000000 ) ) ;
#5524 = ORIENTED_EDGE ( 'NONE', *, *, #5471, .T. ) ;
#5525 = CARTESIAN_POINT ( 'NONE',  ( -355.0000000000006253, 334.9334910019899212, 2.000000000000000000 ) ) ;
#5526 = VECTOR ( 'NONE', #1995, 1000.000000000000000 ) ;
#5527 = CARTESIAN_POINT ( 'NONE',  ( 0.000000000000000000, 0.000000000000000000, 0.000000000000000000 ) ) ;
#5528 = VECTOR ( 'NONE', #3816, 1000.000000000000000 ) ;
#5529 = FACE_OUTER_BOUND ( 'NONE', #2319, .T. ) ;
#5530 = DIRECTION ( 'NONE',  ( 0.000000000000000000, 1.000000000000000000, 0.000000000000000000 ) ) ;
#5531 = CARTESIAN_POINT ( 'NONE',  ( -189.9999999999995737, 434.9999999999999432, -2.000000000000000000 ) ) ;
#5532 = ADVANCED_FACE ( 'NONE', ( #2108 ), #3918, .T. ) ;
#5533 = CARTESIAN_POINT ( 'NONE',  ( 410.0000000000001137, -10.00000000000000178, -19.99999999999999645 ) ) ;
#5534 = VERTEX_POINT ( 'NONE', #4006 ) ;
#5535 = DIRECTION ( 'NONE',  ( -1.000000000000000000, 0.000000000000000000, 0.000000000000000000 ) ) ;
#5536 = ORIENTED_EDGE ( 'NONE', *, *, #489, .F. ) ;
#5537 = ADVANCED_FACE ( 'NONE', ( #2578 ), #4907, .F. ) ;
#5538 = ORIENTED_EDGE ( 'NONE', *, *, #2956, .T. ) ;
#5539 = CARTESIAN_POINT ( 'NONE',  ( -44.99999999999959499, 210.0665089980102493, 42.00000000000000000 ) ) ;
#5540 = EDGE_CURVE ( 'NONE', #5217, #3355, #2608, .T. ) ;
#5541 = LINE ( 'NONE', #1863, #3206 ) ;
#5542 = CARTESIAN_POINT ( 'NONE',  ( -230.0000000000005400, 334.9334910019898643, 42.00000000000000000 ) ) ;
#5543 = ORIENTED_EDGE ( 'NONE', *, *, #5257, .F. ) ;
#5544 = ADVANCED_FACE ( 'NONE', ( #4451 ), #5299, .F. ) ;
#5545 = EDGE_CURVE ( 'NONE', #2380, #5040, #4399, .T. ) ;
#5546 = EDGE_LOOP ( 'NONE', ( #5687, #946, #2252, #4107 ) ) ;
#5547 = PLANE ( 'NONE',  #212 ) ;
#5548 = LINE ( 'NONE', #2232, #1218 ) ;
#5549 = CARTESIAN_POINT ( 'NONE',  ( -210.0000000000006537, 210.0665089980103346, 42.00000000000000000 ) ) ;
#5550 = VECTOR ( 'NONE', #1328, 1000.000000000000000 ) ;
#5551 = ORIENTED_EDGE ( 'NONE', *, *, #3135, .F. ) ;
#5552 = ORIENTED_EDGE ( 'NONE', *, *, #3959, .T. ) ;
#5553 = DIRECTION ( 'NONE',  ( 0.000000000000000000, 0.000000000000000000, 1.000000000000000000 ) ) ;
#5554 = DIRECTION ( 'NONE',  ( -1.000000000000000000, 3.700743415417198986E-15, 0.000000000000000000 ) ) ;
#5555 = ORIENTED_EDGE ( 'NONE', *, *, #3017, .T. ) ;
#5556 = CARTESIAN_POINT ( 'NONE',  ( -335.0000000000007390, 185.0665089980103915, 42.00000000000000000 ) ) ;
#5557 = DIRECTION ( 'NONE',  ( -0.000000000000000000, -0.000000000000000000, -1.000000000000000000 ) ) ;
#5558 = PLANE ( 'NONE',  #5110 ) ;
#5559 = PLANE ( 'NONE',  #3596 ) ;
#5560 = DIRECTION ( 'NONE',  ( 0.000000000000000000, -1.000000000000000000, 0.000000000000000000 ) ) ;
#5561 = VERTEX_POINT ( 'NONE', #5334 ) ;
#5562 = CARTESIAN_POINT ( 'NONE',  ( -230.0000000000005400, 85.00000000000004263, 42.00000000000000000 ) ) ;
#5563 = CARTESIAN_POINT ( 'NONE',  ( 0.000000000000000000, -8.000000000000000000, -8.000000000000000000 ) ) ;
#5564 = EDGE_CURVE ( 'NONE', #2293, #1921, #1239, .T. ) ;
#5565 = ORIENTED_EDGE ( 'NONE', *, *, #5902, .F. ) ;
#5566 = ORIENTED_EDGE ( 'NONE', *, *, #5032, .F. ) ;
#5567 = PLANE ( 'NONE',  #2458 ) ;
#5568 = CARTESIAN_POINT ( 'NONE',  ( -10.00000000000000000, -8.000000000000000000, 8.000000000000000000 ) ) ;
#5569 = CARTESIAN_POINT ( 'NONE',  ( -49.99999999999965894, 304.9334910019900349, 42.00000000000000000 ) ) ;
#5570 = ADVANCED_FACE ( 'NONE', ( #1270 ), #2635, .F. ) ;
#5571 = ORIENTED_EDGE ( 'NONE', *, *, #4395, .T. ) ;
#5572 = VERTEX_POINT ( 'NONE', #1978 ) ;
#5573 = DIRECTION ( 'NONE',  ( 1.000000000000000000, 0.000000000000000000, -0.000000000000000000 ) ) ;
#5574 = LINE ( 'NONE', #202, #78 ) ;
#5575 = DIRECTION ( 'NONE',  ( -1.000000000000000000, 3.700743415417254206E-15, 0.000000000000000000 ) ) ;
#5576 = EDGE_CURVE ( 'NONE', #3228, #5395, #1020, .T. ) ;
#5577 = EDGE_CURVE ( 'NONE', #4398, #973, #3287, .T. ) ;
#5578 = ORIENTED_EDGE ( 'NONE', *, *, #3568, .T. ) ;
#5579 = ORIENTED_EDGE ( 'NONE', *, *, #1566, .T. ) ;
#5580 = FACE_OUTER_BOUND ( 'NONE', #2603, .T. ) ;
#5581 = CARTESIAN_POINT ( 'NONE',  ( -49.99999999999965894, 180.0665089980104199, 2.000000000000000000 ) ) ;
#5582 = ORIENTED_EDGE ( 'NONE', *, *, #1268, .T. ) ;
#5583 = FACE_OUTER_BOUND ( 'NONE', #5844, .T. ) ;
#5584 = DIRECTION ( 'NONE',  ( 4.314083075427408311E-32, -2.775557561562891351E-16, 1.000000000000000000 ) ) ;
#5585 = DIRECTION ( 'NONE',  ( 1.000000000000000000, 0.000000000000000000, -0.000000000000000000 ) ) ;
#5586 = ADVANCED_FACE ( 'NONE', ( #5171 ), #602, .T. ) ;
#5587 = CARTESIAN_POINT ( 'NONE',  ( -189.9999999999994884, 415.0000000000000568, 42.00000000000000000 ) ) ;
#5588 = LINE ( 'NONE', #5533, #123 ) ;
#5589 = ORIENTED_EDGE ( 'NONE', *, *, #2207, .F. ) ;
#5590 = CARTESIAN_POINT ( 'NONE',  ( -184.9999999999995453, 90.00000000000002842, 2.000000000000000000 ) ) ;
#5591 = CARTESIAN_POINT ( 'NONE',  ( -10.00000000000000000, 10.00000000000000000, -10.00000000000000000 ) ) ;
#5592 = ORIENTED_EDGE ( 'NONE', *, *, #926, .F. ) ;
#5593 = ORIENTED_EDGE ( 'NONE', *, *, #4187, .F. ) ;
#5594 = CARTESIAN_POINT ( 'NONE',  ( -184.9999999999995453, 354.9334910019899212, 42.00000000000000000 ) ) ;
#5595 = DIRECTION ( 'NONE',  ( -2.775557561562892929E-15, -1.000000000000000000, 0.000000000000000000 ) ) ;
#5596 = CARTESIAN_POINT ( 'NONE',  ( 378.2842712474619589, -10.00000000000000000, -10.00000000000000000 ) ) ;
#5597 =( REPRESENTATION_RELATIONSHIP ('NONE','NONE', #4154, #4777 ) REPRESENTATION_RELATIONSHIP_WITH_TRANSFORMATION ( #5255 )SHAPE_REPRESENTATION_RELATIONSHIP( ) );
#5598 = AXIS2_PLACEMENT_3D ( 'NONE', #2715, #5530, #1434 ) ;
#5599 = ORIENTED_EDGE ( 'NONE', *, *, #2872, .F. ) ;
#5600 = VERTEX_POINT ( 'NONE', #2725 ) ;
#5601 = EDGE_CURVE ( 'NONE', #2718, #2220, #4541, .T. ) ;
#5602 = CARTESIAN_POINT ( 'NONE',  ( -355.0000000000006821, 289.9334910019900349, 2.000000000000000000 ) ) ;
#5603 = DIRECTION ( 'NONE',  ( 1.000000000000000000, 1.110223024625155594E-14, 0.000000000000000000 ) ) ;
#5604 = COLOUR_RGB ( '',0.7921568627450980005, 0.8196078431372548767, 0.9333333333333333481 ) ;
#5605 = DIRECTION ( 'NONE',  ( -0.000000000000000000, 0.000000000000000000, -1.000000000000000000 ) ) ;
#5606 = VECTOR ( 'NONE', #5603, 1000.000000000000000 ) ;
#5607 = ORIENTED_EDGE ( 'NONE', *, *, #505, .F. ) ;
#5608 = VECTOR ( 'NONE', #4043, 1000.000000000000000 ) ;
#5609 = ORIENTED_EDGE ( 'NONE', *, *, #1414, .F. ) ;
#5610 = LINE ( 'NONE', #1519, #4840 ) ;
#5611 = EDGE_CURVE ( 'NONE', #5169, #4090, #3316, .T. ) ;
#5612 = DIRECTION ( 'NONE',  ( -1.000000000000000000, 0.000000000000000000, 0.000000000000000000 ) ) ;
#5613 = ORIENTED_EDGE ( 'NONE', *, *, #3674, .F. ) ;
#5614 = LINE ( 'NONE', #1522, #93 ) ;
#5615 = CARTESIAN_POINT ( 'NONE',  ( -49.99999999999965894, 215.0665089980102209, 42.00000000000000000 ) ) ;
#5616 = AXIS2_PLACEMENT_3D ( 'NONE', #3165, #2238, #5381 ) ;
#5617 = VECTOR ( 'NONE', #5688, 1000.000000000000000 ) ;
#5618 = AXIS2_PLACEMENT_3D ( 'NONE', #5247, #3367, #1094 ) ;
#5619 = AXIS2_PLACEMENT_3D ( 'NONE', #1876, #2264, #90 ) ;
#5620 = SHAPE_REPRESENTATION ( 'T2_4x2', ( #4192 ), #3625 ) ;
#5621 = ADVANCED_FACE ( 'NONE', ( #1529 ), #3146, .F. ) ;
#5622 = LINE ( 'NONE', #1526, #497 ) ;
#5623 = EDGE_CURVE ( 'NONE', #2615, #2858, #5141, .T. ) ;
#5624 = VERTEX_POINT ( 'NONE', #4690 ) ;
#5625 = DIRECTION ( 'NONE',  ( -1.000000000000000000, -1.850371707708627103E-15, 0.000000000000000000 ) ) ;
#5626 = DIRECTION ( 'NONE',  ( 0.000000000000000000, 1.000000000000000000, 0.000000000000000000 ) ) ;
#5627 = AXIS2_PLACEMENT_3D ( 'NONE', #3893, #1627, #2167 ) ;
#5628 = ORIENTED_EDGE ( 'NONE', *, *, #3774, .T. ) ;
#5629 = CARTESIAN_POINT ( 'NONE',  ( -350.0000000000006821, 354.9334910019899212, 2.000000000000000000 ) ) ;
#5630 = ORIENTED_EDGE ( 'NONE', *, *, #5204, .F. ) ;
#5631 = FACE_BOUND ( 'NONE', #2181, .T. ) ;
#5632 = CARTESIAN_POINT ( 'NONE',  ( -355.0000000000006821, 165.0665089980103915, 42.00000000000000000 ) ) ;
#5633 = UNCERTAINTY_MEASURE_WITH_UNIT (LENGTH_MEASURE( 1.000000000000000082E-05 ), #2743, 'distance_accuracy_value', 'NONE');
#5634 = VERTEX_POINT ( 'NONE', #4267 ) ;
#5635 = ORIENTED_EDGE ( 'NONE', *, *, #2956, .F. ) ;
#5636 = LINE ( 'NONE', #5692, #4784 ) ;
#5637 = AXIS2_PLACEMENT_3D ( 'NONE', #1969, #5584, #59 ) ;
#5638 = CARTESIAN_POINT ( 'NONE',  ( -230.0000000000005400, 185.0665089980103915, 2.000000000000000000 ) ) ;
#5639 = FACE_OUTER_BOUND ( 'NONE', #3471, .T. ) ;
#5640 = ADVANCED_FACE ( 'NONE', ( #426 ), #3792, .F. ) ;
#5641 = VECTOR ( 'NONE', #1099, 1000.000000000000000 ) ;
#5642 = VERTEX_POINT ( 'NONE', #2839 ) ;
#5643 = ORIENTED_EDGE ( 'NONE', *, *, #4460, .F. ) ;
#5644 = LINE ( 'NONE', #121, #2365 ) ;
#5645 = DIRECTION ( 'NONE',  ( 1.000000000000000000, -6.938893903907232322E-16, 0.000000000000000000 ) ) ;
#5646 = ORIENTED_EDGE ( 'NONE', *, *, #1744, .F. ) ;
#5647 = CARTESIAN_POINT ( 'NONE',  ( -350.0000000000006821, 230.0665089980102778, 42.00000000000000000 ) ) ;
#5648 = LINE ( 'NONE', #2007, #3885 ) ;
#5649 = VECTOR ( 'NONE', #5039, 1000.000000000000000 ) ;
#5650 = EDGE_CURVE ( 'NONE', #334, #973, #5656, .T. ) ;
#5651 = VECTOR ( 'NONE', #3089, 1000.000000000000000 ) ;
#5652 = FACE_OUTER_BOUND ( 'NONE', #4390, .T. ) ;
#5653 = CARTESIAN_POINT ( 'NONE',  ( -189.9999999999995737, 354.9334910019899212, 2.000000000000000000 ) ) ;
#5654 = VERTEX_POINT ( 'NONE', #2899 ) ;
#5655 = DIRECTION ( 'NONE',  ( 1.480297366166868866E-14, 1.000000000000000000, 0.000000000000000000 ) ) ;
#5656 = LINE ( 'NONE', #5591, #4972 ) ;
#5657 = VECTOR ( 'NONE', #5560, 1000.000000000000000 ) ;
#5658 = EDGE_CURVE ( 'NONE', #2763, #2584, #2248, .T. ) ;
#5659 = EDGE_CURVE ( 'NONE', #3965, #4771, #4968, .T. ) ;
#5660 = VERTEX_POINT ( 'NONE', #3735 ) ;
#5661 = DIRECTION ( 'NONE',  ( -0.000000000000000000, -0.000000000000000000, 1.000000000000000000 ) ) ;
#5662 = ORIENTED_EDGE ( 'NONE', *, *, #860, .T. ) ;
#5663 = DIRECTION ( 'NONE',  ( 1.000000000000000000, -1.110223024625155752E-14, 0.000000000000000000 ) ) ;
#5664 = LINE ( 'NONE', #5632, #350 ) ;
#5665 = EDGE_CURVE ( 'NONE', #1600, #2845, #4058, .T. ) ;
#5666 = ORIENTED_EDGE ( 'NONE', *, *, #5286, .T. ) ;
#5667 = VERTEX_POINT ( 'NONE', #1052 ) ;
#5668 = CARTESIAN_POINT ( 'NONE',  ( -350.0000000000006821, 230.0665089980102778, 42.00000000000000000 ) ) ;
#5669 = CARTESIAN_POINT ( 'NONE',  ( 0.000000000000000000, -8.000000000000000000, -8.000000000000000000 ) ) ;
#5670 = CARTESIAN_POINT ( 'NONE',  ( -189.9999999999994884, 334.9334910019899212, 42.00000000000000000 ) ) ;
#5671 = ORIENTED_EDGE ( 'NONE', *, *, #3819, .T. ) ;
#5672 = EDGE_LOOP ( 'NONE', ( #5243, #2601, #705, #1545, #790, #4966 ) ) ;
#5673 = LINE ( 'NONE', #1484, #79 ) ;
#5674 = PLANE ( 'NONE',  #5453 ) ;
#5675 = ORIENTED_EDGE ( 'NONE', *, *, #3848, .F. ) ;
#5676 = LINE ( 'NONE', #3399, #2659 ) ;
#5677 = SHAPE_DEFINITION_REPRESENTATION ( #3488, #5620 ) ;
#5678 = DIRECTION ( 'NONE',  ( -1.000000000000000000, 1.850371707708599493E-15, 0.000000000000000000 ) ) ;
#5679 = LINE ( 'NONE', #597, #1121 ) ;
#5680 = CARTESIAN_POINT ( 'NONE',  ( -49.99999999999965894, 90.00000000000002842, 42.00000000000000000 ) ) ;
#5681 = ORIENTED_EDGE ( 'NONE', *, *, #3205, .F. ) ;
#5682 = DIRECTION ( 'NONE',  ( -1.850371707708599493E-15, -1.000000000000000000, 0.000000000000000000 ) ) ;
#5683 = DIRECTION ( 'NONE',  ( 1.000000000000000000, -1.850371707708627103E-15, 0.000000000000000000 ) ) ;
#5684 = EDGE_CURVE ( 'NONE', #4165, #1201, #158, .T. ) ;
#5685 = ORIENTED_EDGE ( 'NONE', *, *, #1276, .F. ) ;
#5686 = PLANE ( 'NONE',  #2738 ) ;
#5687 = ORIENTED_EDGE ( 'NONE', *, *, #4586, .F. ) ;
#5688 = DIRECTION ( 'NONE',  ( 1.000000000000000000, 1.850371707708627103E-15, 0.000000000000000000 ) ) ;
#5689 = EDGE_CURVE ( 'NONE', #4056, #635, #5897, .T. ) ;
#5690 = ORIENTED_EDGE ( 'NONE', *, *, #2936, .T. ) ;
#5691 = ORIENTED_EDGE ( 'NONE', *, *, #4469, .F. ) ;
#5692 = CARTESIAN_POINT ( 'NONE',  ( -189.9999999999995737, 85.00000000000005684, 2.000000000000000000 ) ) ;
#5693 = EDGE_CURVE ( 'NONE', #4089, #5483, #1359, .T. ) ;
#5694 = CARTESIAN_POINT ( 'NONE',  ( -10.00000000000000000, -10.00000000000000000, -10.00000000000000000 ) ) ;
#5695 = DIRECTION ( 'NONE',  ( -1.000000000000000000, 2.775557561562904367E-15, 0.000000000000000000 ) ) ;
#5696 = EDGE_LOOP ( 'NONE', ( #1872, #1809, #3357, #2212 ) ) ;
#5697 = ORIENTED_EDGE ( 'NONE', *, *, #796, .F. ) ;
#5698 = CARTESIAN_POINT ( 'NONE',  ( -64.99999999999955946, 429.9999999999999432, 42.00000000000000000 ) ) ;
#5699 = DIRECTION ( 'NONE',  ( -1.000000000000000000, -0.000000000000000000, -0.000000000000000000 ) ) ;
#5700 = LINE ( 'NONE', #1578, #849 ) ;
#5701 = DIRECTION ( 'NONE',  ( 1.000000000000000000, 0.000000000000000000, 0.000000000000000000 ) ) ;
#5702 = VECTOR ( 'NONE', #3472, 1000.000000000000000 ) ;
#5703 = DIRECTION ( 'NONE',  ( 0.000000000000000000, 1.000000000000000000, 0.000000000000000000 ) ) ;
#5704 =( LENGTH_UNIT ( ) NAMED_UNIT ( * ) SI_UNIT ( .MILLI., .METRE. ) );
#5705 = ORIENTED_EDGE ( 'NONE', *, *, #3930, .T. ) ;
#5706 = CARTESIAN_POINT ( 'NONE',  ( -189.9999999999995453, 354.9334910019898643, 42.00000000000000000 ) ) ;
#5707 = VECTOR ( 'NONE', #1553, 1000.000000000000000 ) ;
#5708 = CARTESIAN_POINT ( 'NONE',  ( -189.9999999999994884, 185.0665089980103346, 2.000000000000000000 ) ) ;
#5709 = VECTOR ( 'NONE', #1965, 1000.000000000000000 ) ;
#5710 = DIRECTION ( 'NONE',  ( 1.000000000000000000, 0.000000000000000000, 0.000000000000000000 ) ) ;
#5711 = VECTOR ( 'NONE', #2686, 1000.000000000000000 ) ;
#5712 = VECTOR ( 'NONE', #1412, 1000.000000000000000 ) ;
#5713 = EDGE_CURVE ( 'NONE', #1834, #1568, #4996, .T. ) ;
#5714 = ORIENTED_EDGE ( 'NONE', *, *, #327, .F. ) ;
#5715 = PLANE ( 'NONE',  #2072 ) ;
#5716 = APPLICATION_CONTEXT ( 'automotive_design' ) ;
#5717 = VERTEX_POINT ( 'NONE', #3762 ) ;
#5718 = PLANE ( 'NONE',  #3132 ) ;
#5719 = VECTOR ( 'NONE', #1665, 1000.000000000000000 ) ;
#5720 = VECTOR ( 'NONE', #3123, 1000.000000000000000 ) ;
#5721 = EDGE_CURVE ( 'NONE', #5267, #2552, #2871, .T. ) ;
#5722 = ORIENTED_EDGE ( 'NONE', *, *, #5286, .F. ) ;
#5723 = VERTEX_POINT ( 'NONE', #1224 ) ;
#5724 = DIRECTION ( 'NONE',  ( 1.480297366166868866E-14, -1.000000000000000000, 0.000000000000000000 ) ) ;
#5725 = CARTESIAN_POINT ( 'NONE',  ( -189.9999999999994884, 185.0665089980103346, 2.000000000000000000 ) ) ;
#5726 = CARTESIAN_POINT ( 'NONE',  ( -210.0000000000005684, 165.0665089980103915, 42.00000000000000000 ) ) ;
#5727 = EDGE_CURVE ( 'NONE', #3917, #3058, #3014, .T. ) ;
#5728 = EDGE_CURVE ( 'NONE', #2882, #3663, #3049, .T. ) ;
#5729 = VERTEX_POINT ( 'NONE', #4867 ) ;
#5730 = ORIENTED_EDGE ( 'NONE', *, *, #3158, .F. ) ;
#5731 = CARTESIAN_POINT ( 'NONE',  ( -335.0000000000007390, 334.9334910019898643, 42.00000000000000000 ) ) ;
#5732 = CARTESIAN_POINT ( 'NONE',  ( -350.0000000000004547, 105.0000000000000995, 2.000000000000000000 ) ) ;
#5733 = LINE ( 'NONE', #5789, #3988 ) ;
#5734 = CONTEXT_DEPENDENT_SHAPE_REPRESENTATION ( #1629, #2593 ) ;
#5735 = LINE ( 'NONE', #3785, #4173 ) ;
#5736 = PRODUCT ( 'T2_2x2', 'T2_2x2', '', ( #2005 ) ) ;
#5737 = DIRECTION ( 'NONE',  ( 0.000000000000000000, -1.000000000000000000, 0.000000000000000000 ) ) ;
#5738 = CARTESIAN_POINT ( 'NONE',  ( 410.0000000000001137, 9.999999999999998224, -19.99999999999999645 ) ) ;
#5739 = AXIS2_PLACEMENT_3D ( 'NONE', #4164, #1395, #149 ) ;
#5740 = VERTEX_POINT ( 'NONE', #692 ) ;
#5741 = CARTESIAN_POINT ( 'NONE',  ( -189.9999999999995737, 434.9999999999999432, -2.000000000000000000 ) ) ;
#5742 = CARTESIAN_POINT ( 'NONE',  ( -64.99999999999961631, 210.0665089980102493, 42.00000000000000000 ) ) ;
#5743 = DIRECTION ( 'NONE',  ( -0.000000000000000000, -0.000000000000000000, -1.000000000000000000 ) ) ;
#5744 = AXIS2_PLACEMENT_3D ( 'NONE', #3420, #585, #1993 ) ;
#5745 = ORIENTED_EDGE ( 'NONE', *, *, #4294, .T. ) ;
#5746 = PLANE ( 'NONE',  #3971 ) ;
#5747 = ORIENTED_EDGE ( 'NONE', *, *, #580, .F. ) ;
#5748 = CARTESIAN_POINT ( 'NONE',  ( -335.0000000000007390, 309.9334910019899780, 42.00000000000000000 ) ) ;
#5749 = VECTOR ( 'NONE', #2923, 1000.000000000000000 ) ;
#5750 = EDGE_CURVE ( 'NONE', #863, #3837, #1586, .T. ) ;
#5751 = VERTEX_POINT ( 'NONE', #2508 ) ;
#5752 = ORIENTED_EDGE ( 'NONE', *, *, #1197, .F. ) ;
#5753 = DIRECTION ( 'NONE',  ( 1.480297366166868866E-14, 1.000000000000000000, 0.000000000000000000 ) ) ;
#5754 = CARTESIAN_POINT ( 'NONE',  ( -210.0000000000006537, 334.9334910019899212, 42.00000000000000000 ) ) ;
#5755 = ADVANCED_FACE ( 'NONE', ( #3495 ), #4833, .T. ) ;
#5756 = DIRECTION ( 'NONE',  ( 0.000000000000000000, 0.000000000000000000, 1.000000000000000000 ) ) ;
#5757 = ORIENTED_EDGE ( 'NONE', *, *, #4888, .F. ) ;
#5758 = VERTEX_POINT ( 'NONE', #5768 ) ;
#5759 = DIRECTION ( 'NONE',  ( -1.000000000000000000, 0.000000000000000000, 0.000000000000000000 ) ) ;
#5760 = CARTESIAN_POINT ( 'NONE',  ( -10.00000000000000000, -10.00000000000000000, 10.00000000000000000 ) ) ;
#5761 = FACE_OUTER_BOUND ( 'NONE', #2411, .T. ) ;
#5762 = LINE ( 'NONE', #3487, #91 ) ;
#5763 = EDGE_CURVE ( 'NONE', #974, #2048, #746, .T. ) ;
#5764 = DIRECTION ( 'NONE',  ( -0.000000000000000000, -0.000000000000000000, -1.000000000000000000 ) ) ;
#5765 = DIRECTION ( 'NONE',  ( 1.000000000000000000, 0.000000000000000000, 0.000000000000000000 ) ) ;
#5766 = VERTEX_POINT ( 'NONE', #305 ) ;
#5767 = CARTESIAN_POINT ( 'NONE',  ( -64.99999999999961631, 334.9334910019898643, 42.00000000000000000 ) ) ;
#5768 = CARTESIAN_POINT ( 'NONE',  ( 410.0000000000001137, -8.000000000000001776, 17.99999999999999645 ) ) ;
#5769 = EDGE_CURVE ( 'NONE', #1056, #85, #4300, .T. ) ;
#5770 = CARTESIAN_POINT ( 'NONE',  ( -49.99999999999965894, 304.9334910019900349, 42.00000000000000000 ) ) ;
#5771 = EDGE_CURVE ( 'NONE', #3047, #1209, #4416, .T. ) ;
#5772 = ORIENTED_EDGE ( 'NONE', *, *, #3204, .F. ) ;
#5773 = DIRECTION ( 'NONE',  ( 0.000000000000000000, 1.084202172485504434E-16, -1.000000000000000000 ) ) ;
#5774 = VERTEX_POINT ( 'NONE', #4808 ) ;
#5775 = DIRECTION ( 'NONE',  ( -1.000000000000000000, 1.110223024625155752E-14, 0.000000000000000000 ) ) ;
#5776 = ORIENTED_EDGE ( 'NONE', *, *, #3674, .T. ) ;
#5777 = VERTEX_POINT ( 'NONE', #2154 ) ;
#5778 = CARTESIAN_POINT ( 'NONE',  ( -355.0000000000006821, 289.9334910019900349, 2.000000000000000000 ) ) ;
#5779 = VERTEX_POINT ( 'NONE', #3380 ) ;
#5780 = CARTESIAN_POINT ( 'NONE',  ( -49.99999999999965894, 90.00000000000002842, 2.000000000000000000 ) ) ;
#5781 = PRODUCT_DEFINITION_SHAPE ( 'NONE', 'NONE',  #5133 ) ;
#5782 = DIRECTION ( 'NONE',  ( 0.000000000000000000, 0.000000000000000000, -1.000000000000000000 ) ) ;
#5783 = ORIENTED_EDGE ( 'NONE', *, *, #5750, .F. ) ;
#5784 = EDGE_CURVE ( 'NONE', #2423, #3579, #1195, .T. ) ;
#5785 = ORIENTED_EDGE ( 'NONE', *, *, #5017, .T. ) ;
#5786 = PRODUCT_RELATED_PRODUCT_CATEGORY ( 'part', '', ( #3444 ) ) ;
#5787 = PLANE ( 'NONE',  #1793 ) ;
#5788 = LINE ( 'NONE', #5031, #1926 ) ;
#5789 = CARTESIAN_POINT ( 'NONE',  ( -210.0000000000006537, 309.9334910019899212, 42.00000000000000000 ) ) ;
#5790 = VECTOR ( 'NONE', #5595, 1000.000000000000000 ) ;
#5791 = DIRECTION ( 'NONE',  ( -1.224646799147353207E-16, -1.000000000000000000, 0.000000000000000000 ) ) ;
#5792 = APPLICATION_CONTEXT ( 'automotive_design' ) ;
#5793 = EDGE_CURVE ( 'NONE', #2340, #3138, #3936, .T. ) ;
#5794 = DIRECTION ( 'NONE',  ( 1.000000000000000000, 0.000000000000000000, 0.000000000000000000 ) ) ;
#5795 = FILL_AREA_STYLE_COLOUR ( '', #3448 ) ;
#5796 = VERTEX_POINT ( 'NONE', #3405 ) ;
#5797 = PLANE ( 'NONE',  #1139 ) ;
#5798 = FACE_OUTER_BOUND ( 'NONE', #3507, .T. ) ;
#5799 = LINE ( 'NONE', #1704, #2748 ) ;
#5800 = VECTOR ( 'NONE', #1649, 1000.000000000000000 ) ;
#5801 = EDGE_CURVE ( 'NONE', #3582, #4814, #4386, .T. ) ;
#5802 = VECTOR ( 'NONE', #3242, 1000.000000000000000 ) ;
#5803 = VERTEX_POINT ( 'NONE', #4352 ) ;
#5804 = DIRECTION ( 'NONE',  ( 1.000000000000000000, 2.775557561562908706E-15, 0.000000000000000000 ) ) ;
#5805 = VECTOR ( 'NONE', #3483, 1000.000000000000000 ) ;
#5806 = DIRECTION ( 'NONE',  ( -1.000000000000000000, 0.000000000000000000, 0.000000000000000000 ) ) ;
#5807 = ORIENTED_EDGE ( 'NONE', *, *, #2535, .F. ) ;
#5808 = CARTESIAN_POINT ( 'NONE',  ( 0.000000000000000000, 0.000000000000000000, 42.00000000000000000 ) ) ;
#5809 = VECTOR ( 'NONE', #3555, 1000.000000000000000 ) ;
#5810 = VECTOR ( 'NONE', #1148, 1000.000000000000000 ) ;
#5811 = ORIENTED_EDGE ( 'NONE', *, *, #5713, .T. ) ;
#5812 = ORIENTED_EDGE ( 'NONE', *, *, #4132, .T. ) ;
#5813 = VECTOR ( 'NONE', #5517, 1000.000000000000000 ) ;
#5814 = AXIS2_PLACEMENT_3D ( 'NONE', #1043, #2862, #1968 ) ;
#5815 = DIRECTION ( 'NONE',  ( 0.000000000000000000, -1.000000000000000000, 0.000000000000000000 ) ) ;
#5816 = ORIENTED_EDGE ( 'NONE', *, *, #4934, .T. ) ;
#5817 = LINE ( 'NONE', #1181, #3509 ) ;
#5818 = PLANE ( 'NONE',  #5832 ) ;
#5819 = ORIENTED_EDGE ( 'NONE', *, *, #5601, .T. ) ;
#5820 = VERTEX_POINT ( 'NONE', #1672 ) ;
#5821 = LINE ( 'NONE', #348, #1729 ) ;
#5822 = DIRECTION ( 'NONE',  ( 1.480297366166868866E-14, -1.000000000000000000, 0.000000000000000000 ) ) ;
#5823 = CARTESIAN_POINT ( 'NONE',  ( -189.9999999999994884, 309.9334910019899780, 42.00000000000000000 ) ) ;
#5824 = ADVANCED_BREP_SHAPE_REPRESENTATION ( '', ( #4649, #882, #4192 ), #2484 ) ;
#5825 = EDGE_CURVE ( 'NONE', #1659, #662, #4749, .T. ) ;
#5826 = DIRECTION ( 'NONE',  ( -4.163336342344356748E-15, 1.000000000000000000, 0.000000000000000000 ) ) ;
#5827 = FILL_AREA_STYLE ('',( #5795 ) ) ;
#5828 = ORIENTED_EDGE ( 'NONE', *, *, #2720, .F. ) ;
#5829 = CARTESIAN_POINT ( 'NONE',  ( -169.9999999999996021, 334.9334910019898643, 42.00000000000000000 ) ) ;
#5830 = DIRECTION ( 'NONE',  ( 0.000000000000000000, -1.000000000000000000, 0.000000000000000000 ) ) ;
#5831 = EDGE_CURVE ( 'NONE', #3687, #5600, #274, .T. ) ;
#5832 = AXIS2_PLACEMENT_3D ( 'NONE', #5726, #3479, #4820 ) ;
#5833 = VECTOR ( 'NONE', #2173, 1000.000000000000000 ) ;
#5834 = ORIENTED_EDGE ( 'NONE', *, *, #3659, .F. ) ;
#5835 = LINE ( 'NONE', #1231, #1981 ) ;
#5836 = LINE ( 'NONE', #1741, #4402 ) ;
#5837 = VERTEX_POINT ( 'NONE', #5231 ) ;
#5838 = LINE ( 'NONE', #4421, #2850 ) ;
#5839 = EDGE_CURVE ( 'NONE', #4196, #4165, #3438, .T. ) ;
#5840 = EDGE_CURVE ( 'NONE', #5803, #2380, #5264, .T. ) ;
#5841 = VECTOR ( 'NONE', #1868, 1000.000000000000000 ) ;
#5842 = ORIENTED_EDGE ( 'NONE', *, *, #5508, .F. ) ;
#5843 = AXIS2_PLACEMENT_3D ( 'NONE', #2662, #4026, #4988 ) ;
#5844 = EDGE_LOOP ( 'NONE', ( #830, #3240, #5113, #119, #4628, #1342, #3911, #817, #3627, #4838, #5478, #1625, #798, #4722, #2606, #464, #4746, #1603, #5000, #3789, #5607, #694, #3128, #2003 ) ) ;
#5845 = DIRECTION ( 'NONE',  ( 1.000000000000000000, -1.387778780781447450E-15, 0.000000000000000000 ) ) ;
#5846 = VERTEX_POINT ( 'NONE', #3877 ) ;
#5847 = PLANE ( 'NONE',  #1986 ) ;
#5848 = ADVANCED_FACE ( 'NONE', ( #1171 ), #2097, .T. ) ;
#5849 = ORIENTED_EDGE ( 'NONE', *, *, #3882, .F. ) ;
#5850 = VERTEX_POINT ( 'NONE', #6 ) ;
#5851 = LINE ( 'NONE', #4408, #5058 ) ;
#5852 = LINE ( 'NONE', #3071, #5333 ) ;
#5853 = LINE ( 'NONE', #1756, #1321 ) ;
#5854 = DIRECTION ( 'NONE',  ( 0.000000000000000000, 0.000000000000000000, 1.000000000000000000 ) ) ;
#5855 = DIRECTION ( 'NONE',  ( 0.000000000000000000, -0.000000000000000000, -1.000000000000000000 ) ) ;
#5856 = VERTEX_POINT ( 'NONE', #832 ) ;
#5857 = DIRECTION ( 'NONE',  ( 1.480297366166868866E-14, -1.000000000000000000, 0.000000000000000000 ) ) ;
#5858 = CARTESIAN_POINT ( 'NONE',  ( 0.000000000000000000, 0.000000000000000000, 2.000000000000000000 ) ) ;
#5859 = ORIENTED_EDGE ( 'NONE', *, *, #498, .T. ) ;
#5860 = CARTESIAN_POINT ( 'NONE',  ( -64.99999999999961631, 185.0665089980103915, 42.00000000000000000 ) ) ;
#5861 = EDGE_CURVE ( 'NONE', #3943, #5766, #1373, .T. ) ;
#5862 = CARTESIAN_POINT ( 'NONE',  ( -230.0000000000005400, 90.00000000000005684, 42.00000000000000000 ) ) ;
#5863 = VERTEX_POINT ( 'NONE', #3525 ) ;
#5864 = FACE_OUTER_BOUND ( 'NONE', #1577, .T. ) ;
#5865 = EDGE_LOOP ( 'NONE', ( #5578, #4027, #4042, #2062 ) ) ;
#5866 = ADVANCED_FACE ( 'NONE', ( #2685 ), #1311, .F. ) ;
#5867 = ORIENTED_EDGE ( 'NONE', *, *, #397, .F. ) ;
#5868 = LINE ( 'NONE', #3061, #2021 ) ;
#5869 = LINE ( 'NONE', #2337, #1303 ) ;
#5870 = CARTESIAN_POINT ( 'NONE',  ( -10.00000000000000000, -10.00000000000000178, -19.99999999999999645 ) ) ;
#5871 = ORIENTED_EDGE ( 'NONE', *, *, #1814, .T. ) ;
#5872 = EDGE_CURVE ( 'NONE', #2152, #3576, #4956, .T. ) ;
#5873 = ADVANCED_FACE ( 'NONE', ( #5798 ), #5009, .F. ) ;
#5874 = ORIENTED_EDGE ( 'NONE', *, *, #4214, .F. ) ;
#5875 = CARTESIAN_POINT ( 'NONE',  ( 350.0000000000000568, 8.000000000000001776, -7.999999999999991118 ) ) ;
#5876 = CARTESIAN_POINT ( 'NONE',  ( 410.0000000000001137, 7.999999999999998224, 17.99999999999999289 ) ) ;
#5877 = LINE ( 'NONE', #3099, #3230 ) ;
#5878 = ORIENTED_EDGE ( 'NONE', *, *, #945, .T. ) ;
#5879 = LINE ( 'NONE', #1817, #2083 ) ;
#5880 = VECTOR ( 'NONE', #4122, 1000.000000000000000 ) ;
#5881 =( NAMED_UNIT ( * ) SI_UNIT ( $, .STERADIAN. ) SOLID_ANGLE_UNIT ( ) );
#5882 = VERTEX_POINT ( 'NONE', #442 ) ;
#5883 = LINE ( 'NONE', #3466, #2093 ) ;
#5884 = LINE ( 'NONE', #2215, #745 ) ;
#5885 = DIRECTION ( 'NONE',  ( -1.000000000000000000, 1.480297366166868866E-14, 0.000000000000000000 ) ) ;
#5886 = SURFACE_SIDE_STYLE ('',( #568 ) ) ;
#5887 = CARTESIAN_POINT ( 'NONE',  ( 0.000000000000000000, -10.00000000000000000, -10.00000000000000000 ) ) ;
#5888 = EDGE_LOOP ( 'NONE', ( #1717, #2951, #491, #4005 ) ) ;
#5889 = PLANE ( 'NONE',  #367 ) ;
#5890 = MECHANICAL_DESIGN_GEOMETRIC_PRESENTATION_REPRESENTATION (  '', ( #1597 ), #546 ) ;
#5891 = EDGE_CURVE ( 'NONE', #4182, #3778, #475, .T. ) ;
#5892 = VECTOR ( 'NONE', #4151, 1000.000000000000000 ) ;
#5893 = AXIS2_PLACEMENT_3D ( 'NONE', #3620, #44, #3235 ) ;
#5894 = ORIENTED_EDGE ( 'NONE', *, *, #145, .T. ) ;
#5895 = ORIENTED_EDGE ( 'NONE', *, *, #4783, .T. ) ;
#5896 = CARTESIAN_POINT ( 'NONE',  ( 0.000000000000000000, 0.000000000000000000, 42.00000000000000000 ) ) ;
#5897 = LINE ( 'NONE', #2393, #1245 ) ;
#5898 = CARTESIAN_POINT ( 'NONE',  ( 378.2842712474619589, 8.000000000000000000, 8.000000000000001776 ) ) ;
#5899 = DIRECTION ( 'NONE',  ( 0.000000000000000000, 0.000000000000000000, 1.000000000000000000 ) ) ;
#5900 = VECTOR ( 'NONE', #4543, 1000.000000000000000 ) ;
#5901 = AXIS2_PLACEMENT_3D ( 'NONE', #2810, #1830, #1858 ) ;
#5902 = EDGE_CURVE ( 'NONE', #2937, #1106, #4472, .T. ) ;
#5903 = EDGE_CURVE ( 'NONE', #3095, #5491, #1735, .T. ) ;
#5904 = NEXT_ASSEMBLY_USAGE_OCCURRENCE ( 'NAUO1', ' ', ' ', #4612, #5133, $ ) ;
#5905 = NEXT_ASSEMBLY_USAGE_OCCURRENCE ( 'NAUO2', ' ', ' ', #4612, #5500, $ ) ;
#5906 = NEXT_ASSEMBLY_USAGE_OCCURRENCE ( 'NAUO3', ' ', ' ', #4612, #2943, $ ) ;
#5907 = NEXT_ASSEMBLY_USAGE_OCCURRENCE ( 'NAUO4', ' ', ' ', #4612, #5500, $ ) ;
#5908 = NEXT_ASSEMBLY_USAGE_OCCURRENCE ( 'NAUO5', ' ', ' ', #4612, #2943, $ ) ;
#5909 = NEXT_ASSEMBLY_USAGE_OCCURRENCE ( 'NAUO6', ' ', ' ', #4612, #1807, $ ) ;
#5910 = NEXT_ASSEMBLY_USAGE_OCCURRENCE ( 'NAUO7', ' ', ' ', #4612, #1807, $ ) ;
#5911 = NEXT_ASSEMBLY_USAGE_OCCURRENCE ( 'NAUO8', ' ', ' ', #4612, #1807, $ ) ;
#5912 = NEXT_ASSEMBLY_USAGE_OCCURRENCE ( 'NAUO9', ' ', ' ', #4612, #2943, $ ) ;
ENDSEC;
END-ISO-10303-21;
